match,home_team,away_team,market_name,player_name,player_team,line,over_price,agency,opposition_team,EventKey,MarketKey,OutcomeKey
Detroit Tigers v Cleveland Guardians,Detroit Tigers,Cleveland Guardians,Batter Home Runs,Bo Naylor,Cleveland Guardians,0.5,7.5,Pointsbet,Detroit Tigers,2430470,95778247,29
Detroit Tigers v Cleveland Guardians,Detroit Tigers,Cleveland Guardians,Batter Home Runs,Brayan Rocchio,NA,0.5,13,Pointsbet,NA,2430470,95778247,17
Detroit Tigers v Cleveland Guardians,Detroit Tigers,Cleveland Guardians,Batter Home Runs,Cj Kayfus,NA,0.5,10,Pointsbet,NA,2430470,95778247,33
Detroit Tigers v Cleveland Guardians,Detroit Tigers,Cleveland Guardians,Batter Home Runs,Colt Keith,Detroit Tigers,0.5,9.5,Pointsbet,Cleveland Guardians,2430470,95778247,11
Detroit Tigers v Cleveland Guardians,Detroit Tigers,Cleveland Guardians,Batter Home Runs,Dillon Dingler,Detroit Tigers,0.5,6.5,Pointsbet,Cleveland Guardians,2430470,95778247,35
Detroit Tigers v Cleveland Guardians,Detroit Tigers,Cleveland Guardians,Batter Home Runs,Gabriel Arias,Cleveland Guardians,0.5,9,Pointsbet,Detroit Tigers,2430470,95778247,25
Detroit Tigers v Cleveland Guardians,Detroit Tigers,Cleveland Guardians,Batter Home Runs,Gleyber Torres,Detroit Tigers,0.5,8.5,Pointsbet,Cleveland Guardians,2430470,95778247,5
Detroit Tigers v Cleveland Guardians,Detroit Tigers,Cleveland Guardians,Batter Home Runs,George Valera,NA,0.5,6.5,Pointsbet,NA,2430470,95778247,37
Detroit Tigers v Cleveland Guardians,Detroit Tigers,Cleveland Guardians,Batter Home Runs,Jose Ramirez,Cleveland Guardians,0.5,5.5,Pointsbet,Detroit Tigers,2430470,95778247,23
Detroit Tigers v Cleveland Guardians,Detroit Tigers,Cleveland Guardians,Batter Home Runs,Kerry Carpenter,Detroit Tigers,0.5,5.25,Pointsbet,Cleveland Guardians,2430470,95778247,7
Detroit Tigers v Cleveland Guardians,Detroit Tigers,Cleveland Guardians,Batter Home Runs,Kyle Manzardo,Cleveland Guardians,0.5,5.5,Pointsbet,Detroit Tigers,2430470,95778247,19
Detroit Tigers v Cleveland Guardians,Detroit Tigers,Cleveland Guardians,Batter Home Runs,Nolan Jones,Cleveland Guardians,0.5,11.5,Pointsbet,Detroit Tigers,2430470,95778247,27
Detroit Tigers v Cleveland Guardians,Detroit Tigers,Cleveland Guardians,Batter Home Runs,Parker Meadows,NA,0.5,9.5,Pointsbet,NA,2430470,95778247,3
Detroit Tigers v Cleveland Guardians,Detroit Tigers,Cleveland Guardians,Batter Home Runs,Riley Greene,Detroit Tigers,0.5,5.75,Pointsbet,Cleveland Guardians,2430470,95778247,9
Detroit Tigers v Cleveland Guardians,Detroit Tigers,Cleveland Guardians,Batter Home Runs,Steven Kwan,Cleveland Guardians,0.5,12,Pointsbet,Detroit Tigers,2430470,95778247,31
Detroit Tigers v Cleveland Guardians,Detroit Tigers,Cleveland Guardians,Batter Home Runs,Spencer Torkelson,Detroit Tigers,0.5,5.75,Pointsbet,Cleveland Guardians,2430470,95778247,1
Detroit Tigers v Cleveland Guardians,Detroit Tigers,Cleveland Guardians,Batter Home Runs,Wenceel Perez,Detroit Tigers,0.5,7.5,Pointsbet,Cleveland Guardians,2430470,95778247,15
Detroit Tigers v Cleveland Guardians,Detroit Tigers,Cleveland Guardians,Batter Home Runs,Zach Mckinstry,NA,0.5,10,Pointsbet,NA,2430470,95778247,13
Boston Red Sox v Athletics,Boston Red Sox,Athletics,Batter Home Runs,Alex Bregman,NA,0.5,7,Pointsbet,NA,2430479,95777994,1
Boston Red Sox v Athletics,Boston Red Sox,Athletics,Batter Home Runs,Brett Harris,NA,0.5,12,Pointsbet,NA,2430479,95777994,27
Boston Red Sox v Athletics,Boston Red Sox,Athletics,Batter Home Runs,Brent Rooker,Athletics,0.5,5.25,Pointsbet,Boston Red Sox,2430479,95777994,25
Boston Red Sox v Athletics,Boston Red Sox,Athletics,Batter Home Runs,Carlos Cortes,NA,0.5,8.5,Pointsbet,NA,2430479,95777994,33
Boston Red Sox v Athletics,Boston Red Sox,Athletics,Batter Home Runs,Carlos Narvaez,Boston Red Sox,0.5,7,Pointsbet,Athletics,2430479,95777994,17
Boston Red Sox v Athletics,Boston Red Sox,Athletics,Batter Home Runs,Ceddanne Rafaela,Boston Red Sox,0.5,8.5,Pointsbet,Athletics,2430479,95777994,3
Boston Red Sox v Athletics,Boston Red Sox,Athletics,Batter Home Runs,Darell Hernaiz,NA,0.5,12,Pointsbet,NA,2430479,95777994,19
Boston Red Sox v Athletics,Boston Red Sox,Athletics,Batter Home Runs,Jarren Duran,Boston Red Sox,0.5,8,Pointsbet,Athletics,2430479,95777994,9
Boston Red Sox v Athletics,Boston Red Sox,Athletics,Batter Home Runs,Lawrence Butler,Athletics,0.5,9,Pointsbet,Boston Red Sox,2430479,95777994,29
Boston Red Sox v Athletics,Boston Red Sox,Athletics,Batter Home Runs,Masataka Yoshida,NA,0.5,8,Pointsbet,NA,2430479,95777994,5
Boston Red Sox v Athletics,Boston Red Sox,Athletics,Batter Home Runs,Nick Kurtz,NA,0.5,4.3,Pointsbet,NA,2430479,95777994,21
Boston Red Sox v Athletics,Boston Red Sox,Athletics,Batter Home Runs,Nathaniel Lowe,Washington Nationals,0.5,11.5,Pointsbet,Boston Red Sox,2430479,95777994,15
Boston Red Sox v Athletics,Boston Red Sox,Athletics,Batter Home Runs,Romy Gonzalez,NA,0.5,7.5,Pointsbet,NA,2430479,95777994,11
Boston Red Sox v Athletics,Boston Red Sox,Athletics,Batter Home Runs,Rob Refsnyder,Boston Red Sox,0.5,8.5,Pointsbet,Athletics,2430479,95777994,13
Boston Red Sox v Athletics,Boston Red Sox,Athletics,Batter Home Runs,Shea Langeliers,Athletics,0.5,4.75,Pointsbet,Boston Red Sox,2430479,95777994,23
Boston Red Sox v Athletics,Boston Red Sox,Athletics,Batter Home Runs,Tyler Soderstrom,Athletics,0.5,6.5,Pointsbet,Boston Red Sox,2430479,95777994,31
Boston Red Sox v Athletics,Boston Red Sox,Athletics,Batter Home Runs,Trevor Story,Boston Red Sox,0.5,5.75,Pointsbet,Athletics,2430479,95777994,7
Tampa Bay Rays v Toronto Blue Jays,Tampa Bay Rays,Toronto Blue Jays,Batter Home Runs,Addison Barger,Toronto Blue Jays,0.5,8,Pointsbet,Tampa Bay Rays,2430485,95777865,31
Tampa Bay Rays v Toronto Blue Jays,Tampa Bay Rays,Toronto Blue Jays,Batter Home Runs,Alejandro Kirk,Toronto Blue Jays,0.5,8,Pointsbet,Tampa Bay Rays,2430485,95777865,43
Tampa Bay Rays v Toronto Blue Jays,Tampa Bay Rays,Toronto Blue Jays,Batter Home Runs,Christopher Morel,Tampa Bay Rays,0.5,5.5,Pointsbet,Toronto Blue Jays,2430485,95777865,33
Tampa Bay Rays v Toronto Blue Jays,Tampa Bay Rays,Toronto Blue Jays,Batter Home Runs,Chandler Simpson,NA,0.5,21,Pointsbet,NA,2430485,95777865,7
Tampa Bay Rays v Toronto Blue Jays,Tampa Bay Rays,Toronto Blue Jays,Batter Home Runs,Carson Williams,NA,0.5,9.5,Pointsbet,NA,2430485,95777865,15
Tampa Bay Rays v Toronto Blue Jays,Tampa Bay Rays,Toronto Blue Jays,Batter Home Runs,Davis Schneider,Toronto Blue Jays,0.5,5.75,Pointsbet,Tampa Bay Rays,2430485,95777865,25
Tampa Bay Rays v Toronto Blue Jays,Tampa Bay Rays,Toronto Blue Jays,Batter Home Runs,Ernie Clement,Toronto Blue Jays,0.5,10,Pointsbet,Tampa Bay Rays,2430485,95777865,21
Tampa Bay Rays v Toronto Blue Jays,Tampa Bay Rays,Toronto Blue Jays,Batter Home Runs,Everson Pereira,NA,0.5,8.5,Pointsbet,NA,2430485,95777865,35
Tampa Bay Rays v Toronto Blue Jays,Tampa Bay Rays,Toronto Blue Jays,Batter Home Runs,George Springer,Toronto Blue Jays,0.5,5,Pointsbet,Tampa Bay Rays,2430485,95777865,19
Tampa Bay Rays v Toronto Blue Jays,Tampa Bay Rays,Toronto Blue Jays,Batter Home Runs,Isiah Kiner-Falefa,Pittsburgh Pirates,0.5,15,Pointsbet,Tampa Bay Rays,2430485,95777865,41
Tampa Bay Rays v Toronto Blue Jays,Tampa Bay Rays,Toronto Blue Jays,Batter Home Runs,Junior Caminero,Tampa Bay Rays,0.5,3.4,Pointsbet,Toronto Blue Jays,2430485,95777865,5
Tampa Bay Rays v Toronto Blue Jays,Tampa Bay Rays,Toronto Blue Jays,Batter Home Runs,Myles Straw,Toronto Blue Jays,0.5,15,Pointsbet,Tampa Bay Rays,2430485,95777865,39
Tampa Bay Rays v Toronto Blue Jays,Tampa Bay Rays,Toronto Blue Jays,Batter Home Runs,Nick Fortes,Miami Marlins,0.5,9.5,Pointsbet,Tampa Bay Rays,2430485,95777865,13
Tampa Bay Rays v Toronto Blue Jays,Tampa Bay Rays,Toronto Blue Jays,Batter Home Runs,Ty France,Minnesota Twins,0.5,8.5,Pointsbet,Tampa Bay Rays,2430485,95777865,37
Tampa Bay Rays v Toronto Blue Jays,Tampa Bay Rays,Toronto Blue Jays,Batter Home Runs,Tristan Gray,NA,0.5,7.5,Pointsbet,NA,2430485,95777865,27
Tampa Bay Rays v Toronto Blue Jays,Tampa Bay Rays,Toronto Blue Jays,Batter Home Runs,Yandy Diaz,Tampa Bay Rays,0.5,7,Pointsbet,Toronto Blue Jays,2430485,95777865,1
Tampa Bay Rays v Toronto Blue Jays,Tampa Bay Rays,Toronto Blue Jays,Batter Home Runs,Yainer Diaz,Houston Astros,0.5,7,Pointsbet,Tampa Bay Rays,2430485,95777865,1
New York Mets v San Diego Padres,New York Mets,San Diego Padres,Batter Home Runs,Brett Baty,New York Mets,0.5,8.5,Pointsbet,San Diego Padres,2430486,95777302,31
New York Mets v San Diego Padres,New York Mets,San Diego Padres,Batter Home Runs,Brandon Nimmo,New York Mets,0.5,6.5,Pointsbet,San Diego Padres,2430486,95777302,3
New York Mets v San Diego Padres,New York Mets,San Diego Padres,Batter Home Runs,Cedric Mullins,NA,0.5,7.5,Pointsbet,NA,2430486,95777302,13
New York Mets v San Diego Padres,New York Mets,San Diego Padres,Batter Home Runs,Francisco Lindor,New York Mets,0.5,6.5,Pointsbet,San Diego Padres,2430486,95777302,5
New York Mets v San Diego Padres,New York Mets,San Diego Padres,Batter Home Runs,Gavin Sheets,San Diego Padres,0.5,11,Pointsbet,New York Mets,2430486,95777302,25
New York Mets v San Diego Padres,New York Mets,San Diego Padres,Batter Home Runs,Jake Cronenworth,San Diego Padres,0.5,11.5,Pointsbet,New York Mets,2430486,95777302,21
New York Mets v San Diego Padres,New York Mets,San Diego Padres,Batter Home Runs,Jose Iglesias,San Diego Padres,0.5,15,Pointsbet,New York Mets,2430486,95777302,19
New York Mets v San Diego Padres,New York Mets,San Diego Padres,Batter Home Runs,Jeff Mcneil,NA,0.5,11,Pointsbet,NA,2430486,95777302,1
New York Mets v San Diego Padres,New York Mets,San Diego Padres,Batter Home Runs,Jackson Merrill,San Diego Padres,0.5,9,Pointsbet,New York Mets,2430486,95777302,15
New York Mets v San Diego Padres,New York Mets,San Diego Padres,Batter Home Runs,Juan Soto,New York Mets,0.5,4.5,Pointsbet,San Diego Padres,2430486,95777302,9
New York Mets v San Diego Padres,New York Mets,San Diego Padres,Batter Home Runs,Luis Arraez,San Diego Padres,0.5,18,Pointsbet,New York Mets,2430486,95777302,33
New York Mets v San Diego Padres,New York Mets,San Diego Padres,Batter Home Runs,Manny Machado,San Diego Padres,0.5,6.5,Pointsbet,New York Mets,2430486,95777302,35
New York Mets v San Diego Padres,New York Mets,San Diego Padres,Batter Home Runs,Pete Alonso,New York Mets,0.5,4.1,Pointsbet,San Diego Padres,2430486,95777302,7
New York Mets v San Diego Padres,New York Mets,San Diego Padres,Batter Home Runs,Ramon Laureano,NA,0.5,7.5,Pointsbet,NA,2430486,95777302,17
Kansas City Royals v Seattle Mariners,Kansas City Royals,Seattle Mariners,Batter Home Runs,Adam Frazier,Pittsburgh Pirates,0.5,13,Pointsbet,Kansas City Royals,2430500,95778585,31
Kansas City Royals v Seattle Mariners,Kansas City Royals,Seattle Mariners,Batter Home Runs,Carter Jensen,NA,0.5,8.5,Pointsbet,NA,2430500,95778585,13
Kansas City Royals v Seattle Mariners,Kansas City Royals,Seattle Mariners,Batter Home Runs,Cal Raleigh,Seattle Mariners,0.5,4,Pointsbet,Kansas City Royals,2430500,95778585,23
Kansas City Royals v Seattle Mariners,Kansas City Royals,Seattle Mariners,Batter Home Runs,Eugenio Suarez,Arizona Diamondbacks,0.5,5.5,Pointsbet,Kansas City Royals,2430500,95778585,21
Kansas City Royals v Seattle Mariners,Kansas City Royals,Seattle Mariners,Batter Home Runs,Jac Caglianone,NA,0.5,7.5,Pointsbet,NA,2430500,95778585,29
Kansas City Royals v Seattle Mariners,Kansas City Royals,Seattle Mariners,Batter Home Runs,J.P. Crawford,Seattle Mariners,0.5,13,Pointsbet,Kansas City Royals,2430500,95778585,15
Kansas City Royals v Seattle Mariners,Kansas City Royals,Seattle Mariners,Batter Home Runs,Josh Naylor,Arizona Diamondbacks,0.5,9,Pointsbet,Kansas City Royals,2430500,95778585,19
Kansas City Royals v Seattle Mariners,Kansas City Royals,Seattle Mariners,Batter Home Runs,Jorge Polanco,Seattle Mariners,0.5,7.5,Pointsbet,Kansas City Royals,2430500,95778585,17
Kansas City Royals v Seattle Mariners,Kansas City Royals,Seattle Mariners,Batter Home Runs,Julio Rodriguez,Seattle Mariners,0.5,6.5,Pointsbet,Kansas City Royals,2430500,95778585,25
Kansas City Royals v Seattle Mariners,Kansas City Royals,Seattle Mariners,Batter Home Runs,Kyle Isbel,Kansas City Royals,0.5,13,Pointsbet,Seattle Mariners,2430500,95778585,33
Kansas City Royals v Seattle Mariners,Kansas City Royals,Seattle Mariners,Batter Home Runs,Maikel Garcia,Kansas City Royals,0.5,9,Pointsbet,Seattle Mariners,2430500,95778585,7
Kansas City Royals v Seattle Mariners,Kansas City Royals,Seattle Mariners,Batter Home Runs,Mitch Garver,Seattle Mariners,0.5,6.5,Pointsbet,Kansas City Royals,2430500,95778585,37
Kansas City Royals v Seattle Mariners,Kansas City Royals,Seattle Mariners,Batter Home Runs,Mike Yastrzemski,San Francisco Giants,0.5,6,Pointsbet,Kansas City Royals,2430500,95778585,11
Kansas City Royals v Seattle Mariners,Kansas City Royals,Seattle Mariners,Batter Home Runs,Randy Arozarena,Seattle Mariners,0.5,6.5,Pointsbet,Kansas City Royals,2430500,95778585,27
Kansas City Royals v Seattle Mariners,Kansas City Royals,Seattle Mariners,Batter Home Runs,Salvador Perez,Kansas City Royals,0.5,5,Pointsbet,Seattle Mariners,2430500,95778585,9
Kansas City Royals v Seattle Mariners,Kansas City Royals,Seattle Mariners,Batter Home Runs,Vinnie Pasquantino,Kansas City Royals,0.5,5.5,Pointsbet,Seattle Mariners,2430500,95778585,5
Kansas City Royals v Seattle Mariners,Kansas City Royals,Seattle Mariners,Batter Home Runs,Victor Robles,NA,0.5,12,Pointsbet,NA,2430500,95778585,35
Minnesota Twins v New York Yankees,Minnesota Twins,New York Yankees,Batter Home Runs,Aaron Judge,New York Yankees,0.5,3.5,Pointsbet,Minnesota Twins,2430502,95777984,29
Minnesota Twins v New York Yankees,Minnesota Twins,New York Yankees,Batter Home Runs,Austin Martin,NA,0.5,10,Pointsbet,NA,2430502,95777984,5
Minnesota Twins v New York Yankees,Minnesota Twins,New York Yankees,Batter Home Runs,Byron Buxton,Minnesota Twins,0.5,4.5,Pointsbet,New York Yankees,2430502,95777984,9
Minnesota Twins v New York Yankees,Minnesota Twins,New York Yankees,Batter Home Runs,Brooks Lee,Minnesota Twins,0.5,7,Pointsbet,New York Yankees,2430502,95777984,1
Minnesota Twins v New York Yankees,Minnesota Twins,New York Yankees,Batter Home Runs,Ben Rice,New York Yankees,0.5,4.75,Pointsbet,Minnesota Twins,2430502,95777984,37
Minnesota Twins v New York Yankees,Minnesota Twins,New York Yankees,Batter Home Runs,Cody Bellinger,New York Yankees,0.5,5.75,Pointsbet,Minnesota Twins,2430502,95777984,25
Minnesota Twins v New York Yankees,Minnesota Twins,New York Yankees,Batter Home Runs,Edouard Julien,NA,0.5,10,Pointsbet,NA,2430502,95777984,31
Minnesota Twins v New York Yankees,Minnesota Twins,New York Yankees,Batter Home Runs,Jose Caballero,Tampa Bay Rays,0.5,9,Pointsbet,Minnesota Twins,2430502,95777984,27
Minnesota Twins v New York Yankees,Minnesota Twins,New York Yankees,Batter Home Runs,Jasson Dominguez,New York Yankees,0.5,8.5,Pointsbet,Minnesota Twins,2430502,95777984,39
Minnesota Twins v New York Yankees,Minnesota Twins,New York Yankees,Batter Home Runs,Jhonny Pereda,NA,0.5,11,Pointsbet,NA,2430502,95777984,13
Minnesota Twins v New York Yankees,Minnesota Twins,New York Yankees,Batter Home Runs,Luke Keaschall,NA,0.5,10,Pointsbet,NA,2430502,95777984,3
Minnesota Twins v New York Yankees,Minnesota Twins,New York Yankees,Batter Home Runs,Matt Wallner,Minnesota Twins,0.5,4.3,Pointsbet,New York Yankees,2430502,95777984,11
Minnesota Twins v New York Yankees,Minnesota Twins,New York Yankees,Batter Home Runs,Paul Goldschmidt,New York Yankees,0.5,8,Pointsbet,Minnesota Twins,2430502,95777984,33
Minnesota Twins v New York Yankees,Minnesota Twins,New York Yankees,Batter Home Runs,Royce Lewis,Minnesota Twins,0.5,5.5,Pointsbet,New York Yankees,2430502,95777984,7
Minnesota Twins v New York Yankees,Minnesota Twins,New York Yankees,Batter Home Runs,Ryan Mcmahon,NA,0.5,7,Pointsbet,NA,2430502,95777984,19
Minnesota Twins v New York Yankees,Minnesota Twins,New York Yankees,Batter Home Runs,Trent Grisham,New York Yankees,0.5,4.75,Pointsbet,Minnesota Twins,2430502,95777984,15
Minnesota Twins v New York Yankees,Minnesota Twins,New York Yankees,Batter Home Runs,Trevor Larnach,Minnesota Twins,0.5,6,Pointsbet,New York Yankees,2430502,95777984,35
Milwaukee Brewers v Los Angeles Angels,Milwaukee Brewers,Los Angeles Angels,Batter Home Runs,Andruw Monasterio,Milwaukee Brewers,0.5,9.5,Pointsbet,Los Angeles Angels,2430501,95778575,31
Milwaukee Brewers v Los Angeles Angels,Milwaukee Brewers,Los Angeles Angels,Batter Home Runs,Blake Perkins,NA,0.5,8.5,Pointsbet,NA,2430501,95778575,33
Milwaukee Brewers v Los Angeles Angels,Milwaukee Brewers,Los Angeles Angels,Batter Home Runs,Bryce Teodosio,NA,0.5,12,Pointsbet,NA,2430501,95778575,19
Milwaukee Brewers v Los Angeles Angels,Milwaukee Brewers,Los Angeles Angels,Batter Home Runs,Brice Turang,Milwaukee Brewers,0.5,8.5,Pointsbet,Los Angeles Angels,2430501,95778575,1
Milwaukee Brewers v Los Angeles Angels,Milwaukee Brewers,Los Angeles Angels,Batter Home Runs,Caleb Durbin,Milwaukee Brewers,0.5,10,Pointsbet,Los Angeles Angels,2430501,95778575,7
Milwaukee Brewers v Los Angeles Angels,Milwaukee Brewers,Los Angeles Angels,Batter Home Runs,Christian Moore,NA,0.5,8.5,Pointsbet,NA,2430501,95778575,13
Milwaukee Brewers v Los Angeles Angels,Milwaukee Brewers,Los Angeles Angels,Batter Home Runs,Christian Yelich,Milwaukee Brewers,0.5,6.5,Pointsbet,Los Angeles Angels,2430501,95778575,9
Milwaukee Brewers v Los Angeles Angels,Milwaukee Brewers,Los Angeles Angels,Batter Home Runs,Denzer Guzman,NA,0.5,8.5,Pointsbet,NA,2430501,95778575,39
Milwaukee Brewers v Los Angeles Angels,Milwaukee Brewers,Los Angeles Angels,Batter Home Runs,Jo Adell,Los Angeles Angels,0.5,4.75,Pointsbet,Milwaukee Brewers,2430501,95778575,17
Milwaukee Brewers v Los Angeles Angels,Milwaukee Brewers,Los Angeles Angels,Batter Home Runs,Jake Bauers,Milwaukee Brewers,0.5,6.5,Pointsbet,Los Angeles Angels,2430501,95778575,25
Milwaukee Brewers v Los Angeles Angels,Milwaukee Brewers,Los Angeles Angels,Batter Home Runs,Jackson Chourio,Milwaukee Brewers,0.5,7,Pointsbet,Los Angeles Angels,2430501,95778575,5
Milwaukee Brewers v Los Angeles Angels,Milwaukee Brewers,Los Angeles Angels,Batter Home Runs,Luis Rengifo,Los Angeles Angels,0.5,8.5,Pointsbet,Milwaukee Brewers,2430501,95778575,29
Milwaukee Brewers v Los Angeles Angels,Milwaukee Brewers,Los Angeles Angels,Batter Home Runs,Mike Trout,Los Angeles Angels,0.5,5.75,Pointsbet,Milwaukee Brewers,2430501,95778575,21
Milwaukee Brewers v Los Angeles Angels,Milwaukee Brewers,Los Angeles Angels,Batter Home Runs,Oswald Peraza,New York Yankees,0.5,12,Pointsbet,Milwaukee Brewers,2430501,95778575,37
Milwaukee Brewers v Los Angeles Angels,Milwaukee Brewers,Los Angeles Angels,Batter Home Runs,Sal Frelick,Milwaukee Brewers,0.5,12,Pointsbet,Los Angeles Angels,2430501,95778575,3
Milwaukee Brewers v Los Angeles Angels,Milwaukee Brewers,Los Angeles Angels,Batter Home Runs,Sebastian Rivero,NA,0.5,12,Pointsbet,NA,2430501,95778575,27
Milwaukee Brewers v Los Angeles Angels,Milwaukee Brewers,Los Angeles Angels,Batter Home Runs,Taylor Ward,Los Angeles Angels,0.5,5.75,Pointsbet,Milwaukee Brewers,2430501,95778575,11
Milwaukee Brewers v Los Angeles Angels,Milwaukee Brewers,Los Angeles Angels,Batter Home Runs,William Contreras,Milwaukee Brewers,0.5,7,Pointsbet,Los Angeles Angels,2430501,95778575,35
Houston Astros v Texas Rangers,Houston Astros,Texas Rangers,Batter Home Runs,Adolis Garcia,Texas Rangers,0.5,5.25,Pointsbet,Houston Astros,2430527,95777143,31
Houston Astros v Texas Rangers,Houston Astros,Texas Rangers,Batter Home Runs,Alejandro Osuna,Texas Rangers,0.5,8.5,Pointsbet,Houston Astros,2430527,95777143,23
Houston Astros v Texas Rangers,Houston Astros,Texas Rangers,Batter Home Runs,Carlos Correa,Minnesota Twins,0.5,8,Pointsbet,Houston Astros,2430527,95777143,1
Houston Astros v Texas Rangers,Houston Astros,Texas Rangers,Batter Home Runs,Cody Freeman,NA,0.5,8,Pointsbet,NA,2430527,95777143,35
Houston Astros v Texas Rangers,Houston Astros,Texas Rangers,Batter Home Runs,Christian Walker,Houston Astros,0.5,5.75,Pointsbet,Texas Rangers,2430527,95777143,9
Houston Astros v Texas Rangers,Houston Astros,Texas Rangers,Batter Home Runs,Jose Altuve,Houston Astros,0.5,5.75,Pointsbet,Texas Rangers,2430527,95777143,15
Houston Astros v Texas Rangers,Houston Astros,Texas Rangers,Batter Home Runs,Jonah Heim,Texas Rangers,0.5,7,Pointsbet,Houston Astros,2430527,95777143,27
Houston Astros v Texas Rangers,Houston Astros,Texas Rangers,Batter Home Runs,Josh Jung,Texas Rangers,0.5,6,Pointsbet,Houston Astros,2430527,95777143,19
Houston Astros v Texas Rangers,Houston Astros,Texas Rangers,Batter Home Runs,Jake Meyers,Houston Astros,0.5,9.5,Pointsbet,Texas Rangers,2430527,95777143,7
Houston Astros v Texas Rangers,Houston Astros,Texas Rangers,Batter Home Runs,Joc Pederson,NA,0.5,4.75,Pointsbet,NA,2430527,95777143,17
Houston Astros v Texas Rangers,Houston Astros,Texas Rangers,Batter Home Runs,Jeremy Pena,Houston Astros,0.5,8,Pointsbet,Texas Rangers,2430527,95777143,3
Houston Astros v Texas Rangers,Houston Astros,Texas Rangers,Batter Home Runs,Jesus Sanchez,Miami Marlins,0.5,6.5,Pointsbet,Houston Astros,2430527,95777143,5
Houston Astros v Texas Rangers,Houston Astros,Texas Rangers,Batter Home Runs,Josh Smith,Texas Rangers,0.5,7,Pointsbet,Houston Astros,2430527,95777143,21
Houston Astros v Texas Rangers,Houston Astros,Texas Rangers,Batter Home Runs,Rowdy Tellez,Seattle Mariners,0.5,5.5,Pointsbet,Houston Astros,2430527,95777143,37
Houston Astros v Texas Rangers,Houston Astros,Texas Rangers,Batter Home Runs,Victor Caratini,Houston Astros,0.5,8,Pointsbet,Texas Rangers,2430527,95777143,11
Houston Astros v Texas Rangers,Houston Astros,Texas Rangers,Batter Home Runs,Wyatt Langford,Texas Rangers,0.5,5,Pointsbet,Houston Astros,2430527,95777143,29
Houston Astros v Texas Rangers,Houston Astros,Texas Rangers,Batter Home Runs,Yandy Diaz,Tampa Bay Rays,0.5,7,Pointsbet,Houston Astros,2430527,95777143,13
Houston Astros v Texas Rangers,Houston Astros,Texas Rangers,Batter Home Runs,Yainer Diaz,Houston Astros,0.5,7,Pointsbet,Texas Rangers,2430527,95777143,13
Colorado Rockies v Miami Marlins,Colorado Rockies,Miami Marlins,Batter Home Runs,Agustin Ramirez,Miami Marlins,0.5,4.5,Pointsbet,Colorado Rockies,2430551,95784588,7
Colorado Rockies v Miami Marlins,Colorado Rockies,Miami Marlins,Batter Home Runs,Brenton Doyle,Colorado Rockies,0.5,6,Pointsbet,Miami Marlins,2430551,95784588,17
Colorado Rockies v Miami Marlins,Colorado Rockies,Miami Marlins,Batter Home Runs,Braxton Fulford,NA,0.5,9.5,Pointsbet,NA,2430551,95784588,21
Colorado Rockies v Miami Marlins,Colorado Rockies,Miami Marlins,Batter Home Runs,Ezequiel Tovar,Colorado Rockies,0.5,7.5,Pointsbet,Miami Marlins,2430551,95784588,19
Colorado Rockies v Miami Marlins,Colorado Rockies,Miami Marlins,Batter Home Runs,Eric Wagaman,Miami Marlins,0.5,7,Pointsbet,Colorado Rockies,2430551,95784588,3
Colorado Rockies v Miami Marlins,Colorado Rockies,Miami Marlins,Batter Home Runs,Jakob Marsee,NA,0.5,6,Pointsbet,NA,2430551,95784588,11
Colorado Rockies v Miami Marlins,Colorado Rockies,Miami Marlins,Batter Home Runs,Javier Sanoja,Miami Marlins,0.5,7,Pointsbet,Colorado Rockies,2430551,95784588,23
Colorado Rockies v Miami Marlins,Colorado Rockies,Miami Marlins,Batter Home Runs,Kyle Farmer,Colorado Rockies,0.5,9,Pointsbet,Miami Marlins,2430551,95784588,15
Colorado Rockies v Miami Marlins,Colorado Rockies,Miami Marlins,Batter Home Runs,Liam Hicks,Miami Marlins,0.5,9,Pointsbet,Colorado Rockies,2430551,95784588,5
Colorado Rockies v Miami Marlins,Colorado Rockies,Miami Marlins,Batter Home Runs,Otto Lopez,Miami Marlins,0.5,9,Pointsbet,Colorado Rockies,2430551,95784588,1
Colorado Rockies v Miami Marlins,Colorado Rockies,Miami Marlins,Batter Home Runs,Tyler Freeman,Colorado Rockies,0.5,9.5,Pointsbet,Miami Marlins,2430551,95784588,13
Colorado Rockies v Miami Marlins,Colorado Rockies,Miami Marlins,Batter Home Runs,Troy Johnston,NA,0.5,7,Pointsbet,NA,2430551,95784588,9
Los Angeles Dodgers v Philadelphia Phillies,Los Angeles Dodgers,Philadelphia Phillies,Batter Home Runs,Alex Call,Washington Nationals,0.5,9,Pointsbet,Los Angeles Dodgers,2430610,95777303,3
Los Angeles Dodgers v Philadelphia Phillies,Los Angeles Dodgers,Philadelphia Phillies,Batter Home Runs,Andy Pages,Los Angeles Dodgers,0.5,5.75,Pointsbet,Philadelphia Phillies,2430610,95777303,9
Los Angeles Dodgers v Philadelphia Phillies,Los Angeles Dodgers,Philadelphia Phillies,Batter Home Runs,Bryce Harper,Philadelphia Phillies,0.5,5.5,Pointsbet,Los Angeles Dodgers,2430610,95777303,15
Los Angeles Dodgers v Philadelphia Phillies,Los Angeles Dodgers,Philadelphia Phillies,Batter Home Runs,Brandon Marsh,Philadelphia Phillies,0.5,10,Pointsbet,Los Angeles Dodgers,2430610,95777303,25
Los Angeles Dodgers v Philadelphia Phillies,Los Angeles Dodgers,Philadelphia Phillies,Batter Home Runs,Bryson Stott,Philadelphia Phillies,0.5,11,Pointsbet,Los Angeles Dodgers,2430610,95777303,19
Los Angeles Dodgers v Philadelphia Phillies,Los Angeles Dodgers,Philadelphia Phillies,Batter Home Runs,Freddie Freeman,Los Angeles Dodgers,0.5,7,Pointsbet,Philadelphia Phillies,2430610,95777303,1
Los Angeles Dodgers v Philadelphia Phillies,Los Angeles Dodgers,Philadelphia Phillies,Batter Home Runs,Harrison Bader,Minnesota Twins,0.5,6.5,Pointsbet,Los Angeles Dodgers,2430610,95777303,13
Los Angeles Dodgers v Philadelphia Phillies,Los Angeles Dodgers,Philadelphia Phillies,Batter Home Runs,J.T. Realmuto,Philadelphia Phillies,0.5,7,Pointsbet,Los Angeles Dodgers,2430610,95777303,21
Los Angeles Dodgers v Philadelphia Phillies,Los Angeles Dodgers,Philadelphia Phillies,Batter Home Runs,Kyle Schwarber,Philadelphia Phillies,0.5,4.5,Pointsbet,Los Angeles Dodgers,2430610,95777303,23
Los Angeles Dodgers v Philadelphia Phillies,Los Angeles Dodgers,Philadelphia Phillies,Batter Home Runs,Mookie Betts,Los Angeles Dodgers,0.5,5.75,Pointsbet,Philadelphia Phillies,2430610,95777303,11
Los Angeles Dodgers v Philadelphia Phillies,Los Angeles Dodgers,Philadelphia Phillies,Batter Home Runs,Miguel Rojas,Los Angeles Dodgers,0.5,8.5,Pointsbet,Philadelphia Phillies,2430610,95777303,29
Los Angeles Dodgers v Philadelphia Phillies,Los Angeles Dodgers,Philadelphia Phillies,Batter Home Runs,Otto Kemp,NA,0.5,7,Pointsbet,NA,2430610,95777303,17
Los Angeles Dodgers v Philadelphia Phillies,Los Angeles Dodgers,Philadelphia Phillies,Batter Home Runs,Shohei Ohtani,Los Angeles Dodgers,0.5,4.1,Pointsbet,Philadelphia Phillies,2430610,95777303,5
Los Angeles Dodgers v Philadelphia Phillies,Los Angeles Dodgers,Philadelphia Phillies,Batter Home Runs,Teoscar Hernandez,Los Angeles Dodgers,0.5,5,Pointsbet,Philadelphia Phillies,2430610,95777303,7
Los Angeles Dodgers v Philadelphia Phillies,Los Angeles Dodgers,Philadelphia Phillies,Batter Home Runs,Weston Wilson,Philadelphia Phillies,0.5,8.5,Pointsbet,Los Angeles Dodgers,2430610,95777303,27
