match,start_time,home_team,away_team,market_name,player_name,player_team,line,over_price,agency,opposition_team,class_external_id,competition_external_id,event_external_id,market_id,player_id,original_roster_name
Atlanta Braves v Miami Marlins,2025-08-10T02:15:00Z,Atlanta Braves,Miami Marlins,Batter Runs,Xavier Edwards,Miami Marlins,1.5,6.25,Sportsbet,Atlanta Braves,18,13135,14242238,521751233,2480837039,Xavier Edwards
Atlanta Braves v Miami Marlins,2025-08-10T02:15:00Z,Atlanta Braves,Miami Marlins,Batter Runs,Kyle Stowers,Miami Marlins,1.5,6,Sportsbet,Atlanta Braves,18,13135,14242238,521751233,2480837040,Kyle Stowers
Atlanta Braves v Miami Marlins,2025-08-10T02:15:00Z,Atlanta Braves,Miami Marlins,Batter Runs,Agustin Ramirez,Miami Marlins,1.5,7.5,Sportsbet,Atlanta Braves,18,13135,14242238,521751233,2480837041,Agustín Ramírez
Atlanta Braves v Miami Marlins,2025-08-10T02:15:00Z,Atlanta Braves,Miami Marlins,Batter Runs,Liam Hicks,Miami Marlins,1.5,9.5,Sportsbet,Atlanta Braves,18,13135,14242238,521751233,2480837042,Liam Hicks
Atlanta Braves v Miami Marlins,2025-08-10T02:15:00Z,Atlanta Braves,Miami Marlins,Batter Runs,Otto Lopez,Miami Marlins,1.5,9.5,Sportsbet,Atlanta Braves,18,13135,14242238,521751233,2480837043,Otto Lopez
Atlanta Braves v Miami Marlins,2025-08-10T02:15:00Z,Atlanta Braves,Miami Marlins,Batter Runs,Jakob Marsee,NA,1.5,8.75,Sportsbet,NA,18,13135,14242238,521751233,2480837044,NA
Atlanta Braves v Miami Marlins,2025-08-10T02:15:00Z,Atlanta Braves,Miami Marlins,Batter Runs,Heriberto Hernandez,Miami Marlins,1.5,7.75,Sportsbet,Atlanta Braves,18,13135,14242238,521751233,2480837045,Heriberto Hernandez
Atlanta Braves v Miami Marlins,2025-08-10T02:15:00Z,Atlanta Braves,Miami Marlins,Batter Runs,Troy Johnston,NA,1.5,12.5,Sportsbet,NA,18,13135,14242238,521751233,2480837046,NA
Atlanta Braves v Miami Marlins,2025-08-10T02:15:00Z,Atlanta Braves,Miami Marlins,Batter Runs,Graham Pauley,NA,1.5,11,Sportsbet,NA,18,13135,14242238,521751233,2480837047,NA
Atlanta Braves v Miami Marlins,2025-08-10T02:15:00Z,Atlanta Braves,Miami Marlins,Batter Runs,Jurickson Profar,NA,1.5,5.9,Sportsbet,NA,18,13135,14242238,521751233,2480837048,NA
Atlanta Braves v Miami Marlins,2025-08-10T02:15:00Z,Atlanta Braves,Miami Marlins,Batter Runs,Marcell Ozuna,Atlanta Braves,1.5,6.75,Sportsbet,Miami Marlins,18,13135,14242238,521751233,2480949085,Marcell Ozuna
Atlanta Braves v Miami Marlins,2025-08-10T02:15:00Z,Atlanta Braves,Miami Marlins,Batter Runs,Matt Olson,Atlanta Braves,1.5,6.25,Sportsbet,Miami Marlins,18,13135,14242238,521751233,2480837049,Matt Olson
Atlanta Braves v Miami Marlins,2025-08-10T02:15:00Z,Atlanta Braves,Miami Marlins,Batter Runs,Drake Baldwin,Atlanta Braves,1.5,7,Sportsbet,Miami Marlins,18,13135,14242238,521751233,2480837050,Drake Baldwin
Atlanta Braves v Miami Marlins,2025-08-10T02:15:00Z,Atlanta Braves,Miami Marlins,Batter Runs,Michael Harris II,Atlanta Braves,1.5,9.5,Sportsbet,Miami Marlins,18,13135,14242238,521751233,2480837052,Michael Harris II
Atlanta Braves v Miami Marlins,2025-08-10T02:15:00Z,Atlanta Braves,Miami Marlins,Batter Runs,Ozzie Albies,Atlanta Braves,1.5,11.5,Sportsbet,Miami Marlins,18,13135,14242238,521751233,2480837053,Ozzie Albies
Atlanta Braves v Miami Marlins,2025-08-10T02:15:00Z,Atlanta Braves,Miami Marlins,Batter Runs,Eli White,Atlanta Braves,1.5,12.5,Sportsbet,Miami Marlins,18,13135,14242238,521751233,2480837054,Eli White
Atlanta Braves v Miami Marlins,2025-08-10T02:15:00Z,Atlanta Braves,Miami Marlins,Batter Runs,Nacho Alvarez,NA,1.5,12.5,Sportsbet,NA,18,13135,14242238,521751233,2480837055,NA
Atlanta Braves v Miami Marlins,2025-08-10T02:15:00Z,Atlanta Braves,Miami Marlins,Batter Runs,Nick Allen,Atlanta Braves,1.5,15,Sportsbet,Miami Marlins,18,13135,14242238,521751233,2480837056,Nick Allen
Atlanta Braves v Miami Marlins,2025-08-10T02:15:00Z,Atlanta Braves,Miami Marlins,Batter Runs,Xavier Edwards,Miami Marlins,2.5,26,Sportsbet,Atlanta Braves,18,13135,14242238,521751234,2480837057,Xavier Edwards
Atlanta Braves v Miami Marlins,2025-08-10T02:15:00Z,Atlanta Braves,Miami Marlins,Batter Runs,Kyle Stowers,Miami Marlins,2.5,31,Sportsbet,Atlanta Braves,18,13135,14242238,521751234,2480837058,Kyle Stowers
Atlanta Braves v Miami Marlins,2025-08-10T02:15:00Z,Atlanta Braves,Miami Marlins,Batter Runs,Agustin Ramirez,Miami Marlins,2.5,34,Sportsbet,Atlanta Braves,18,13135,14242238,521751234,2480837059,Agustín Ramírez
Atlanta Braves v Miami Marlins,2025-08-10T02:15:00Z,Atlanta Braves,Miami Marlins,Batter Runs,Jakob Marsee,NA,2.5,46,Sportsbet,NA,18,13135,14242238,521751234,2480837062,NA
Atlanta Braves v Miami Marlins,2025-08-10T02:15:00Z,Atlanta Braves,Miami Marlins,Batter Runs,Heriberto Hernandez,Miami Marlins,2.5,41,Sportsbet,Atlanta Braves,18,13135,14242238,521751234,2480837063,Heriberto Hernandez
Atlanta Braves v Miami Marlins,2025-08-10T02:15:00Z,Atlanta Braves,Miami Marlins,Batter Runs,Jurickson Profar,NA,2.5,29,Sportsbet,NA,18,13135,14242238,521751234,2480837066,NA
Atlanta Braves v Miami Marlins,2025-08-10T02:15:00Z,Atlanta Braves,Miami Marlins,Batter Runs,Marcell Ozuna,Atlanta Braves,2.5,41,Sportsbet,Miami Marlins,18,13135,14242238,521751234,2480949086,Marcell Ozuna
Atlanta Braves v Miami Marlins,2025-08-10T02:15:00Z,Atlanta Braves,Miami Marlins,Batter Runs,Matt Olson,Atlanta Braves,2.5,34,Sportsbet,Miami Marlins,18,13135,14242238,521751234,2480837067,Matt Olson
Atlanta Braves v Miami Marlins,2025-08-10T02:15:00Z,Atlanta Braves,Miami Marlins,Batter Runs,Drake Baldwin,Atlanta Braves,2.5,41,Sportsbet,Miami Marlins,18,13135,14242238,521751234,2480837068,Drake Baldwin
New York Yankees v Houston Astros,2025-08-10T03:05:00Z,New York Yankees,Houston Astros,Batter Runs,Jeremy Pena,Houston Astros,1.5,7.25,Sportsbet,New York Yankees,18,13135,14242230,521689896,2480575687,Jeremy Peña
New York Yankees v Houston Astros,2025-08-10T03:05:00Z,New York Yankees,Houston Astros,Batter Runs,Jesus Sanchez,Miami Marlins,1.5,7.25,Sportsbet,New York Yankees,18,13135,14242230,521689896,2480575688,Jesús Sánchez
New York Yankees v Houston Astros,2025-08-10T03:05:00Z,New York Yankees,Houston Astros,Batter Runs,Jose Altuve,Houston Astros,1.5,7.25,Sportsbet,New York Yankees,18,13135,14242230,521689896,2480575689,Jose Altuve
New York Yankees v Houston Astros,2025-08-10T03:05:00Z,New York Yankees,Houston Astros,Batter Runs,Carlos Correa,Minnesota Twins,1.5,8,Sportsbet,New York Yankees,18,13135,14242230,521689896,2480575690,Carlos Correa
New York Yankees v Houston Astros,2025-08-10T03:05:00Z,New York Yankees,Houston Astros,Batter Runs,Christian Walker,Houston Astros,1.5,8.75,Sportsbet,New York Yankees,18,13135,14242230,521689896,2480575691,Christian Walker
New York Yankees v Houston Astros,2025-08-10T03:05:00Z,New York Yankees,Houston Astros,Batter Runs,Victor Caratini,Houston Astros,1.5,11,Sportsbet,New York Yankees,18,13135,14242230,521689896,2480575692,Victor Caratini
New York Yankees v Houston Astros,2025-08-10T03:05:00Z,New York Yankees,Houston Astros,Batter Runs,Yainer Diaz,Houston Astros,1.5,13,Sportsbet,New York Yankees,18,13135,14242230,521689896,2480575693,Yainer Diaz
New York Yankees v Houston Astros,2025-08-10T03:05:00Z,New York Yankees,Houston Astros,Batter Runs,Taylor Trammell,NA,1.5,14,Sportsbet,NA,18,13135,14242230,521689896,2480575694,NA
New York Yankees v Houston Astros,2025-08-10T03:05:00Z,New York Yankees,Houston Astros,Batter Runs,Cam Smith,Houston Astros,1.5,15,Sportsbet,New York Yankees,18,13135,14242230,521689896,2480575695,Cam Smith
New York Yankees v Houston Astros,2025-08-10T03:05:00Z,New York Yankees,Houston Astros,Batter Runs,Aaron Judge,New York Yankees,1.5,6,Sportsbet,Houston Astros,18,13135,14242230,521689896,2480613916,Aaron Judge
New York Yankees v Houston Astros,2025-08-10T03:05:00Z,New York Yankees,Houston Astros,Batter Runs,Paul Goldschmidt,New York Yankees,1.5,9,Sportsbet,Houston Astros,18,13135,14242230,521689896,2480575696,Paul Goldschmidt
New York Yankees v Houston Astros,2025-08-10T03:05:00Z,New York Yankees,Houston Astros,Batter Runs,Amed Rosario,Washington Nationals,1.5,13,Sportsbet,New York Yankees,18,13135,14242230,521689896,2480575697,Amed Rosario
New York Yankees v Houston Astros,2025-08-10T03:05:00Z,New York Yankees,Houston Astros,Batter Runs,Cody Bellinger,New York Yankees,1.5,9.5,Sportsbet,Houston Astros,18,13135,14242230,521689896,2480575698,Cody Bellinger
New York Yankees v Houston Astros,2025-08-10T03:05:00Z,New York Yankees,Houston Astros,Batter Runs,Giancarlo Stanton,NA,1.5,9.25,Sportsbet,NA,18,13135,14242230,521689896,2480575699,NA
New York Yankees v Houston Astros,2025-08-10T03:05:00Z,New York Yankees,Houston Astros,Batter Runs,Jazz Chisholm,NA,1.5,12,Sportsbet,NA,18,13135,14242230,521689896,2480575701,NA
New York Yankees v Houston Astros,2025-08-10T03:05:00Z,New York Yankees,Houston Astros,Batter Runs,Anthony Volpe,New York Yankees,1.5,15,Sportsbet,Houston Astros,18,13135,14242230,521689896,2480575702,Anthony Volpe
New York Yankees v Houston Astros,2025-08-10T03:05:00Z,New York Yankees,Houston Astros,Batter Runs,Austin Wells,New York Yankees,1.5,15,Sportsbet,Houston Astros,18,13135,14242230,521689896,2480575703,Austin Wells
New York Yankees v Houston Astros,2025-08-10T03:05:00Z,New York Yankees,Houston Astros,Batter Runs,Jose Caballero,Tampa Bay Rays,1.5,18,Sportsbet,New York Yankees,18,13135,14242230,521689896,2480575704,José Caballero
New York Yankees v Houston Astros,2025-08-10T03:05:00Z,New York Yankees,Houston Astros,Batter Runs,Jeremy Pena,Houston Astros,2.5,41,Sportsbet,New York Yankees,18,13135,14242230,521689897,2480575705,Jeremy Peña
New York Yankees v Houston Astros,2025-08-10T03:05:00Z,New York Yankees,Houston Astros,Batter Runs,Jesus Sanchez,Miami Marlins,2.5,34,Sportsbet,New York Yankees,18,13135,14242230,521689897,2480575706,Jesús Sánchez
New York Yankees v Houston Astros,2025-08-10T03:05:00Z,New York Yankees,Houston Astros,Batter Runs,Jose Altuve,Houston Astros,2.5,41,Sportsbet,New York Yankees,18,13135,14242230,521689897,2480575707,Jose Altuve
New York Yankees v Houston Astros,2025-08-10T03:05:00Z,New York Yankees,Houston Astros,Batter Runs,Aaron Judge,New York Yankees,2.5,31,Sportsbet,Houston Astros,18,13135,14242230,521689897,2480613917,Aaron Judge
San Francisco Giants v Washington Nationals,2025-08-10T05:05:00Z,San Francisco Giants,Washington Nationals,Batter Runs,C.J. Abrams,NA,1.5,9.25,Sportsbet,NA,18,13135,14242232,521691707,2480584290,NA
San Francisco Giants v Washington Nationals,2025-08-10T05:05:00Z,San Francisco Giants,Washington Nationals,Batter Runs,Josh Bell,Washington Nationals,1.5,11,Sportsbet,San Francisco Giants,18,13135,14242232,521691707,2480688852,Josh Bell
San Francisco Giants v Washington Nationals,2025-08-10T05:05:00Z,San Francisco Giants,Washington Nationals,Batter Runs,James Wood,Washington Nationals,1.5,7.5,Sportsbet,San Francisco Giants,18,13135,14242232,521691707,2480584291,James Wood
San Francisco Giants v Washington Nationals,2025-08-10T05:05:00Z,San Francisco Giants,Washington Nationals,Batter Runs,Jose Tena,Washington Nationals,1.5,14,Sportsbet,San Francisco Giants,18,13135,14242232,521691707,2480688853,José Tena
San Francisco Giants v Washington Nationals,2025-08-10T05:05:00Z,San Francisco Giants,Washington Nationals,Batter Runs,Drew Millas,NA,1.5,12.5,Sportsbet,NA,18,13135,14242232,521691707,2480688854,NA
San Francisco Giants v Washington Nationals,2025-08-10T05:05:00Z,San Francisco Giants,Washington Nationals,Batter Runs,Brady House,NA,1.5,11.5,Sportsbet,NA,18,13135,14242232,521691707,2480688855,NA
San Francisco Giants v Washington Nationals,2025-08-10T05:05:00Z,San Francisco Giants,Washington Nationals,Batter Runs,Nathaniel Lowe,Washington Nationals,1.5,10.5,Sportsbet,San Francisco Giants,18,13135,14242232,521691707,2480584295,Nathaniel Lowe
San Francisco Giants v Washington Nationals,2025-08-10T05:05:00Z,San Francisco Giants,Washington Nationals,Batter Runs,Jacob Young,NA,1.5,14,Sportsbet,NA,18,13135,14242232,521691707,2480584297,NA
San Francisco Giants v Washington Nationals,2025-08-10T05:05:00Z,San Francisco Giants,Washington Nationals,Batter Runs,Robert Hassell III,Washington Nationals,1.5,13,Sportsbet,San Francisco Giants,18,13135,14242232,521691707,2480584298,Robert Hassell III
San Francisco Giants v Washington Nationals,2025-08-10T05:05:00Z,San Francisco Giants,Washington Nationals,Batter Runs,Heliot Ramos,San Francisco Giants,1.5,7,Sportsbet,Washington Nationals,18,13135,14242232,521691707,2480584299,Heliot Ramos
San Francisco Giants v Washington Nationals,2025-08-10T05:05:00Z,San Francisco Giants,Washington Nationals,Batter Runs,Rafael Devers,Boston Red Sox,1.5,7.25,Sportsbet,San Francisco Giants,18,13135,14242232,521691707,2480584300,Rafael Devers
San Francisco Giants v Washington Nationals,2025-08-10T05:05:00Z,San Francisco Giants,Washington Nationals,Batter Runs,Willy Adames,San Francisco Giants,1.5,8.25,Sportsbet,Washington Nationals,18,13135,14242232,521691707,2480584301,Willy Adames
San Francisco Giants v Washington Nationals,2025-08-10T05:05:00Z,San Francisco Giants,Washington Nationals,Batter Runs,Matt Chapman,San Francisco Giants,1.5,7.75,Sportsbet,Washington Nationals,18,13135,14242232,521691707,2480584302,Matt Chapman
San Francisco Giants v Washington Nationals,2025-08-10T05:05:00Z,San Francisco Giants,Washington Nationals,Batter Runs,Dominic Smith,NA,1.5,9,Sportsbet,NA,18,13135,14242232,521691707,2480584303,NA
San Francisco Giants v Washington Nationals,2025-08-10T05:05:00Z,San Francisco Giants,Washington Nationals,Batter Runs,Casey Schmitt,San Francisco Giants,1.5,11.5,Sportsbet,Washington Nationals,18,13135,14242232,521691707,2480584304,Casey Schmitt
San Francisco Giants v Washington Nationals,2025-08-10T05:05:00Z,San Francisco Giants,Washington Nationals,Batter Runs,Jung Hoo Lee,San Francisco Giants,1.5,9.75,Sportsbet,Washington Nationals,18,13135,14242232,521691707,2480584305,Jung Hoo Lee
San Francisco Giants v Washington Nationals,2025-08-10T05:05:00Z,San Francisco Giants,Washington Nationals,Batter Runs,Patrick Bailey,San Francisco Giants,1.5,13,Sportsbet,Washington Nationals,18,13135,14242232,521691707,2480584306,Patrick Bailey
San Francisco Giants v Washington Nationals,2025-08-10T05:05:00Z,San Francisco Giants,Washington Nationals,Batter Runs,Drew Gilbert,NA,1.5,10.5,Sportsbet,NA,18,13135,14242232,521691707,2480688856,NA
San Francisco Giants v Washington Nationals,2025-08-10T05:05:00Z,San Francisco Giants,Washington Nationals,Batter Runs,James Wood,Washington Nationals,2.5,41,Sportsbet,San Francisco Giants,18,13135,14242232,521691708,2480584309,James Wood
San Francisco Giants v Washington Nationals,2025-08-10T05:05:00Z,San Francisco Giants,Washington Nationals,Batter Runs,Heliot Ramos,San Francisco Giants,2.5,41,Sportsbet,Washington Nationals,18,13135,14242232,521691708,2480584317,Heliot Ramos
San Francisco Giants v Washington Nationals,2025-08-10T05:05:00Z,San Francisco Giants,Washington Nationals,Batter Runs,Rafael Devers,Boston Red Sox,2.5,41,Sportsbet,San Francisco Giants,18,13135,14242232,521691708,2480584318,Rafael Devers
San Francisco Giants v Washington Nationals,2025-08-10T05:05:00Z,San Francisco Giants,Washington Nationals,Batter Runs,Matt Chapman,San Francisco Giants,2.5,46,Sportsbet,Washington Nationals,18,13135,14242232,521691708,2480584320,Matt Chapman
Detroit Tigers v Los Angeles Angels,2025-08-10T07:10:00Z,Detroit Tigers,Los Angeles Angels,Batter Runs,Zach Neto,Los Angeles Angels,1.5,6.75,Sportsbet,Detroit Tigers,18,13135,14242234,521692461,2480587670,Zach Neto
Detroit Tigers v Los Angeles Angels,2025-08-10T07:10:00Z,Detroit Tigers,Los Angeles Angels,Batter Runs,Travis d'Arnaud,Los Angeles Angels,1.5,13,Sportsbet,Detroit Tigers,18,13135,14242234,521692461,2480668256,Travis d'Arnaud
Detroit Tigers v Los Angeles Angels,2025-08-10T07:10:00Z,Detroit Tigers,Los Angeles Angels,Batter Runs,Nolan Schanuel,Los Angeles Angels,1.5,7.75,Sportsbet,Detroit Tigers,18,13135,14242234,521692461,2480587671,Nolan Schanuel
Detroit Tigers v Los Angeles Angels,2025-08-10T07:10:00Z,Detroit Tigers,Los Angeles Angels,Batter Runs,Mike Trout,Los Angeles Angels,1.5,6,Sportsbet,Detroit Tigers,18,13135,14242234,521692461,2480587672,Mike Trout
Detroit Tigers v Los Angeles Angels,2025-08-10T07:10:00Z,Detroit Tigers,Los Angeles Angels,Batter Runs,Taylor Ward,Los Angeles Angels,1.5,8,Sportsbet,Detroit Tigers,18,13135,14242234,521692461,2480587673,Taylor Ward
Detroit Tigers v Los Angeles Angels,2025-08-10T07:10:00Z,Detroit Tigers,Los Angeles Angels,Batter Runs,Jo Adell,Los Angeles Angels,1.5,9.75,Sportsbet,Detroit Tigers,18,13135,14242234,521692461,2480587674,Jo Adell
Detroit Tigers v Los Angeles Angels,2025-08-10T07:10:00Z,Detroit Tigers,Los Angeles Angels,Batter Runs,Luis Rengifo,Los Angeles Angels,1.5,16,Sportsbet,Detroit Tigers,18,13135,14242234,521692461,2480587676,Luis Rengifo
Detroit Tigers v Los Angeles Angels,2025-08-10T07:10:00Z,Detroit Tigers,Los Angeles Angels,Batter Runs,Christian Moore,NA,1.5,14,Sportsbet,NA,18,13135,14242234,521692461,2480587677,NA
Detroit Tigers v Los Angeles Angels,2025-08-10T07:10:00Z,Detroit Tigers,Los Angeles Angels,Batter Runs,Bryce Teodosio,NA,1.5,15,Sportsbet,NA,18,13135,14242234,521692461,2480587678,NA
Detroit Tigers v Los Angeles Angels,2025-08-10T07:10:00Z,Detroit Tigers,Los Angeles Angels,Batter Runs,Jahmai Jones,NA,1.5,9.25,Sportsbet,NA,18,13135,14242234,521692461,2480668257,NA
Detroit Tigers v Los Angeles Angels,2025-08-10T07:10:00Z,Detroit Tigers,Los Angeles Angels,Batter Runs,Gleyber Torres,Detroit Tigers,1.5,7.25,Sportsbet,Los Angeles Angels,18,13135,14242234,521692461,2480587680,Gleyber Torres
Detroit Tigers v Los Angeles Angels,2025-08-10T07:10:00Z,Detroit Tigers,Los Angeles Angels,Batter Runs,Andy Ibanez,Detroit Tigers,1.5,10,Sportsbet,Los Angeles Angels,18,13135,14242234,521692461,2480668258,Andy Ibáñez
Detroit Tigers v Los Angeles Angels,2025-08-10T07:10:00Z,Detroit Tigers,Los Angeles Angels,Batter Runs,Matt Vierling,NA,1.5,7.75,Sportsbet,NA,18,13135,14242234,521692461,2480668259,NA
Detroit Tigers v Los Angeles Angels,2025-08-10T07:10:00Z,Detroit Tigers,Los Angeles Angels,Batter Runs,Spencer Torkelson,Detroit Tigers,1.5,8.25,Sportsbet,Los Angeles Angels,18,13135,14242234,521692461,2480587682,Spencer Torkelson
Detroit Tigers v Los Angeles Angels,2025-08-10T07:10:00Z,Detroit Tigers,Los Angeles Angels,Batter Runs,Riley Greene,Detroit Tigers,1.5,8.75,Sportsbet,Los Angeles Angels,18,13135,14242234,521692461,2480587683,Riley Greene
Detroit Tigers v Los Angeles Angels,2025-08-10T07:10:00Z,Detroit Tigers,Los Angeles Angels,Batter Runs,Wenceel Perez,Detroit Tigers,1.5,10.5,Sportsbet,Los Angeles Angels,18,13135,14242234,521692461,2480587684,Wenceel Pérez
Detroit Tigers v Los Angeles Angels,2025-08-10T07:10:00Z,Detroit Tigers,Los Angeles Angels,Batter Runs,Dillon Dingler,Detroit Tigers,1.5,11,Sportsbet,Los Angeles Angels,18,13135,14242234,521692461,2480587685,Dillon Dingler
Detroit Tigers v Los Angeles Angels,2025-08-10T07:10:00Z,Detroit Tigers,Los Angeles Angels,Batter Runs,Javier Baez,Detroit Tigers,1.5,13,Sportsbet,Los Angeles Angels,18,13135,14242234,521692461,2480587687,Javier Báez
Detroit Tigers v Los Angeles Angels,2025-08-10T07:10:00Z,Detroit Tigers,Los Angeles Angels,Batter Runs,Zach Neto,Los Angeles Angels,2.5,34,Sportsbet,Detroit Tigers,18,13135,14242234,521692462,2480587688,Zach Neto
Detroit Tigers v Los Angeles Angels,2025-08-10T07:10:00Z,Detroit Tigers,Los Angeles Angels,Batter Runs,Nolan Schanuel,Los Angeles Angels,2.5,34,Sportsbet,Detroit Tigers,18,13135,14242234,521692462,2480587689,Nolan Schanuel
Detroit Tigers v Los Angeles Angels,2025-08-10T07:10:00Z,Detroit Tigers,Los Angeles Angels,Batter Runs,Mike Trout,Los Angeles Angels,2.5,26,Sportsbet,Detroit Tigers,18,13135,14242234,521692462,2480587690,Mike Trout
Detroit Tigers v Los Angeles Angels,2025-08-10T07:10:00Z,Detroit Tigers,Los Angeles Angels,Batter Runs,Taylor Ward,Los Angeles Angels,2.5,46,Sportsbet,Detroit Tigers,18,13135,14242234,521692462,2480587691,Taylor Ward
Detroit Tigers v Los Angeles Angels,2025-08-10T07:10:00Z,Detroit Tigers,Los Angeles Angels,Batter Runs,Gleyber Torres,Detroit Tigers,2.5,34,Sportsbet,Los Angeles Angels,18,13135,14242234,521692462,2480587698,Gleyber Torres
Detroit Tigers v Los Angeles Angels,2025-08-10T07:10:00Z,Detroit Tigers,Los Angeles Angels,Batter Runs,Matt Vierling,NA,2.5,41,Sportsbet,NA,18,13135,14242234,521692462,2480668263,NA
Pittsburgh Pirates v Cincinnati Reds,2025-08-10T07:40:00Z,Pittsburgh Pirates,Cincinnati Reds,Batter Runs,TJ Friedl,Cincinnati Reds,1.5,6.5,Sportsbet,Pittsburgh Pirates,18,13135,14242231,521709640,2480657195,TJ Friedl
Pittsburgh Pirates v Cincinnati Reds,2025-08-10T07:40:00Z,Pittsburgh Pirates,Cincinnati Reds,Batter Runs,Jake Fraley,Cincinnati Reds,1.5,13,Sportsbet,Pittsburgh Pirates,18,13135,14242231,521709640,2480710565,Jake Fraley
Pittsburgh Pirates v Cincinnati Reds,2025-08-10T07:40:00Z,Pittsburgh Pirates,Cincinnati Reds,Batter Runs,Matt McLain,Cincinnati Reds,1.5,6.25,Sportsbet,Pittsburgh Pirates,18,13135,14242231,521709640,2480657196,Matt McLain
Pittsburgh Pirates v Cincinnati Reds,2025-08-10T07:40:00Z,Pittsburgh Pirates,Cincinnati Reds,Batter Runs,Elly De La Cruz,Cincinnati Reds,1.5,6.5,Sportsbet,Pittsburgh Pirates,18,13135,14242231,521709640,2480657197,Elly De La Cruz
Pittsburgh Pirates v Cincinnati Reds,2025-08-10T07:40:00Z,Pittsburgh Pirates,Cincinnati Reds,Batter Runs,Austin Hays,NA,1.5,9,Sportsbet,NA,18,13135,14242231,521709640,2480657198,NA
Pittsburgh Pirates v Cincinnati Reds,2025-08-10T07:40:00Z,Pittsburgh Pirates,Cincinnati Reds,Batter Runs,Gavin Lux,Cincinnati Reds,1.5,10.5,Sportsbet,Pittsburgh Pirates,18,13135,14242231,521709640,2480657199,Gavin Lux
Pittsburgh Pirates v Cincinnati Reds,2025-08-10T07:40:00Z,Pittsburgh Pirates,Cincinnati Reds,Batter Runs,Spencer Steer,Cincinnati Reds,1.5,10,Sportsbet,Pittsburgh Pirates,18,13135,14242231,521709640,2480657200,Spencer Steer
Pittsburgh Pirates v Cincinnati Reds,2025-08-10T07:40:00Z,Pittsburgh Pirates,Cincinnati Reds,Batter Runs,Tyler Stephenson,Cincinnati Reds,1.5,11,Sportsbet,Pittsburgh Pirates,18,13135,14242231,521709640,2480657201,Tyler Stephenson
Pittsburgh Pirates v Cincinnati Reds,2025-08-10T07:40:00Z,Pittsburgh Pirates,Cincinnati Reds,Batter Runs,Ke'Bryan Hayes,Pittsburgh Pirates,1.5,11.5,Sportsbet,Cincinnati Reds,18,13135,14242231,521709640,2480657203,Ke'Bryan Hayes
Pittsburgh Pirates v Cincinnati Reds,2025-08-10T07:40:00Z,Pittsburgh Pirates,Cincinnati Reds,Batter Runs,Spencer Horwitz,Pittsburgh Pirates,1.5,7.5,Sportsbet,Cincinnati Reds,18,13135,14242231,521709640,2480657204,Spencer Horwitz
Pittsburgh Pirates v Cincinnati Reds,2025-08-10T07:40:00Z,Pittsburgh Pirates,Cincinnati Reds,Batter Runs,Joey Bart,NA,1.5,14,Sportsbet,NA,18,13135,14242231,521709640,2480710566,NA
Pittsburgh Pirates v Cincinnati Reds,2025-08-10T07:40:00Z,Pittsburgh Pirates,Cincinnati Reds,Batter Runs,Tommy Pham,Pittsburgh Pirates,1.5,8.5,Sportsbet,Cincinnati Reds,18,13135,14242231,521709640,2480657205,Tommy Pham
Pittsburgh Pirates v Cincinnati Reds,2025-08-10T07:40:00Z,Pittsburgh Pirates,Cincinnati Reds,Batter Runs,Bryan Reynolds,Pittsburgh Pirates,1.5,8.75,Sportsbet,Cincinnati Reds,18,13135,14242231,521709640,2480657206,Bryan Reynolds
Pittsburgh Pirates v Cincinnati Reds,2025-08-10T07:40:00Z,Pittsburgh Pirates,Cincinnati Reds,Batter Runs,Nick Gonzales,NA,1.5,10.5,Sportsbet,NA,18,13135,14242231,521709640,2480657207,NA
Pittsburgh Pirates v Cincinnati Reds,2025-08-10T07:40:00Z,Pittsburgh Pirates,Cincinnati Reds,Batter Runs,Andrew McCutchen,Pittsburgh Pirates,1.5,12,Sportsbet,Cincinnati Reds,18,13135,14242231,521709640,2480657208,Andrew McCutchen
Pittsburgh Pirates v Cincinnati Reds,2025-08-10T07:40:00Z,Pittsburgh Pirates,Cincinnati Reds,Batter Runs,Oneil Cruz,Pittsburgh Pirates,1.5,8.75,Sportsbet,Cincinnati Reds,18,13135,14242231,521709640,2480657209,Oneil Cruz
Pittsburgh Pirates v Cincinnati Reds,2025-08-10T07:40:00Z,Pittsburgh Pirates,Cincinnati Reds,Batter Runs,Jared Triolo,Pittsburgh Pirates,1.5,14,Sportsbet,Cincinnati Reds,18,13135,14242231,521709640,2480657210,Jared Triolo
Pittsburgh Pirates v Cincinnati Reds,2025-08-10T07:40:00Z,Pittsburgh Pirates,Cincinnati Reds,Batter Runs,Isiah Kiner-Falefa,Pittsburgh Pirates,1.5,13,Sportsbet,Cincinnati Reds,18,13135,14242231,521709640,2480657212,Isiah Kiner-Falefa
Pittsburgh Pirates v Cincinnati Reds,2025-08-10T07:40:00Z,Pittsburgh Pirates,Cincinnati Reds,Batter Runs,TJ Friedl,Cincinnati Reds,2.5,31,Sportsbet,Pittsburgh Pirates,18,13135,14242231,521709641,2480657213,TJ Friedl
Pittsburgh Pirates v Cincinnati Reds,2025-08-10T07:40:00Z,Pittsburgh Pirates,Cincinnati Reds,Batter Runs,Matt McLain,Cincinnati Reds,2.5,31,Sportsbet,Pittsburgh Pirates,18,13135,14242231,521709641,2480657214,Matt McLain
Pittsburgh Pirates v Cincinnati Reds,2025-08-10T07:40:00Z,Pittsburgh Pirates,Cincinnati Reds,Batter Runs,Elly De La Cruz,Cincinnati Reds,2.5,29,Sportsbet,Pittsburgh Pirates,18,13135,14242231,521709641,2480657215,Elly De La Cruz
Pittsburgh Pirates v Cincinnati Reds,2025-08-10T07:40:00Z,Pittsburgh Pirates,Cincinnati Reds,Batter Runs,Austin Hays,NA,2.5,46,Sportsbet,NA,18,13135,14242231,521709641,2480657216,NA
Pittsburgh Pirates v Cincinnati Reds,2025-08-10T07:40:00Z,Pittsburgh Pirates,Cincinnati Reds,Batter Runs,Spencer Horwitz,Pittsburgh Pirates,2.5,46,Sportsbet,Cincinnati Reds,18,13135,14242231,521709641,2480657222,Spencer Horwitz
Baltimore Orioles v Oakland Athletics,2025-08-10T08:05:00Z,Baltimore Orioles,Oakland Athletics,Batter Runs,Carlos Cortes,NA,1.5,6,Sportsbet,NA,18,13135,14242236,521693409,2480702777,NA
Baltimore Orioles v Oakland Athletics,2025-08-10T08:05:00Z,Baltimore Orioles,Oakland Athletics,Batter Runs,Shea Langeliers,Athletics,1.5,7.5,Sportsbet,Baltimore Orioles,18,13135,14242236,521693409,2480592902,Shea Langeliers
Baltimore Orioles v Oakland Athletics,2025-08-10T08:05:00Z,Baltimore Orioles,Oakland Athletics,Batter Runs,Nick Kurtz,NA,1.5,5.75,Sportsbet,NA,18,13135,14242236,521693409,2480592903,NA
Baltimore Orioles v Oakland Athletics,2025-08-10T08:05:00Z,Baltimore Orioles,Oakland Athletics,Batter Runs,Brent Rooker,Athletics,1.5,5.9,Sportsbet,Baltimore Orioles,18,13135,14242236,521693409,2480592904,Brent Rooker
Baltimore Orioles v Oakland Athletics,2025-08-10T08:05:00Z,Baltimore Orioles,Oakland Athletics,Batter Runs,Tyler Soderstrom,Athletics,1.5,8.25,Sportsbet,Baltimore Orioles,18,13135,14242236,521693409,2480592906,Tyler Soderstrom
Baltimore Orioles v Oakland Athletics,2025-08-10T08:05:00Z,Baltimore Orioles,Oakland Athletics,Batter Runs,Darell Hernaiz,NA,1.5,11,Sportsbet,NA,18,13135,14242236,521693409,2480592907,NA
Baltimore Orioles v Oakland Athletics,2025-08-10T08:05:00Z,Baltimore Orioles,Oakland Athletics,Batter Runs,Lawrence Butler,Athletics,1.5,9.5,Sportsbet,Baltimore Orioles,18,13135,14242236,521693409,2480592908,Lawrence Butler
Baltimore Orioles v Oakland Athletics,2025-08-10T08:05:00Z,Baltimore Orioles,Oakland Athletics,Batter Runs,Gio Urshela,NA,1.5,11.5,Sportsbet,NA,18,13135,14242236,521693409,2480592909,NA
Baltimore Orioles v Oakland Athletics,2025-08-10T08:05:00Z,Baltimore Orioles,Oakland Athletics,Batter Runs,Luis Urias,Athletics,1.5,10.5,Sportsbet,Baltimore Orioles,18,13135,14242236,521693409,2480592910,Luis Urías
Baltimore Orioles v Oakland Athletics,2025-08-10T08:05:00Z,Baltimore Orioles,Oakland Athletics,Batter Runs,Jackson Holliday,Baltimore Orioles,1.5,6,Sportsbet,Oakland Athletics,18,13135,14242236,521693409,2480592911,Jackson Holliday
Baltimore Orioles v Oakland Athletics,2025-08-10T08:05:00Z,Baltimore Orioles,Oakland Athletics,Batter Runs,Ryan Mountcastle,NA,1.5,8.75,Sportsbet,NA,18,13135,14242236,521693409,2480702778,NA
Baltimore Orioles v Oakland Athletics,2025-08-10T08:05:00Z,Baltimore Orioles,Oakland Athletics,Batter Runs,Jordan Westburg,NA,1.5,5.6,Sportsbet,NA,18,13135,14242236,521693409,2480592912,NA
Baltimore Orioles v Oakland Athletics,2025-08-10T08:05:00Z,Baltimore Orioles,Oakland Athletics,Batter Runs,Ryan Noda,NA,1.5,12,Sportsbet,NA,18,13135,14242236,521693409,2480702779,NA
Baltimore Orioles v Oakland Athletics,2025-08-10T08:05:00Z,Baltimore Orioles,Oakland Athletics,Batter Runs,Gunnar Henderson,Baltimore Orioles,1.5,5.5,Sportsbet,Oakland Athletics,18,13135,14242236,521693409,2480592913,Gunnar Henderson
Baltimore Orioles v Oakland Athletics,2025-08-10T08:05:00Z,Baltimore Orioles,Oakland Athletics,Batter Runs,Adley Rutschman,Baltimore Orioles,1.5,7.75,Sportsbet,Oakland Athletics,18,13135,14242236,521693409,2480592914,Adley Rutschman
Baltimore Orioles v Oakland Athletics,2025-08-10T08:05:00Z,Baltimore Orioles,Oakland Athletics,Batter Runs,Jeremiah Jackson,NA,1.5,10,Sportsbet,NA,18,13135,14242236,521693409,2480592917,NA
Baltimore Orioles v Oakland Athletics,2025-08-10T08:05:00Z,Baltimore Orioles,Oakland Athletics,Batter Runs,Coby Mayo,Baltimore Orioles,1.5,11,Sportsbet,Oakland Athletics,18,13135,14242236,521693409,2480592918,Coby Mayo
Baltimore Orioles v Oakland Athletics,2025-08-10T08:05:00Z,Baltimore Orioles,Oakland Athletics,Batter Runs,Dylan Carlson,Baltimore Orioles,1.5,10.5,Sportsbet,Oakland Athletics,18,13135,14242236,521693409,2480592919,Dylan Carlson
Baltimore Orioles v Oakland Athletics,2025-08-10T08:05:00Z,Baltimore Orioles,Oakland Athletics,Batter Runs,Carlos Cortes,NA,2.5,31,Sportsbet,NA,18,13135,14242236,521693410,2480702780,NA
Baltimore Orioles v Oakland Athletics,2025-08-10T08:05:00Z,Baltimore Orioles,Oakland Athletics,Batter Runs,Shea Langeliers,Athletics,2.5,41,Sportsbet,Baltimore Orioles,18,13135,14242236,521693410,2480592920,Shea Langeliers
Baltimore Orioles v Oakland Athletics,2025-08-10T08:05:00Z,Baltimore Orioles,Oakland Athletics,Batter Runs,Nick Kurtz,NA,2.5,26,Sportsbet,NA,18,13135,14242236,521693410,2480592921,NA
Baltimore Orioles v Oakland Athletics,2025-08-10T08:05:00Z,Baltimore Orioles,Oakland Athletics,Batter Runs,Brent Rooker,Athletics,2.5,29,Sportsbet,Baltimore Orioles,18,13135,14242236,521693410,2480592922,Brent Rooker
Baltimore Orioles v Oakland Athletics,2025-08-10T08:05:00Z,Baltimore Orioles,Oakland Athletics,Batter Runs,Jackson Holliday,Baltimore Orioles,2.5,29,Sportsbet,Oakland Athletics,18,13135,14242236,521693410,2480592929,Jackson Holliday
Baltimore Orioles v Oakland Athletics,2025-08-10T08:05:00Z,Baltimore Orioles,Oakland Athletics,Batter Runs,Jordan Westburg,NA,2.5,26,Sportsbet,NA,18,13135,14242236,521693410,2480592930,NA
Baltimore Orioles v Oakland Athletics,2025-08-10T08:05:00Z,Baltimore Orioles,Oakland Athletics,Batter Runs,Gunnar Henderson,Baltimore Orioles,2.5,23,Sportsbet,Oakland Athletics,18,13135,14242236,521693410,2480592931,Gunnar Henderson
Baltimore Orioles v Oakland Athletics,2025-08-10T08:05:00Z,Baltimore Orioles,Oakland Athletics,Batter Runs,Adley Rutschman,Baltimore Orioles,2.5,46,Sportsbet,Oakland Athletics,18,13135,14242236,521693410,2480592932,Adley Rutschman
Milwaukee Brewers v New York Mets,2025-08-10T08:10:00Z,Milwaukee Brewers,New York Mets,Batter Runs,Francisco Lindor,New York Mets,1.5,6.5,Sportsbet,Milwaukee Brewers,18,13135,14242223,521725928,2480728326,Francisco Lindor
Milwaukee Brewers v New York Mets,2025-08-10T08:10:00Z,Milwaukee Brewers,New York Mets,Batter Runs,Juan Soto,New York Mets,1.5,5.5,Sportsbet,Milwaukee Brewers,18,13135,14242223,521725928,2480728327,Juan Soto
Milwaukee Brewers v New York Mets,2025-08-10T08:10:00Z,Milwaukee Brewers,New York Mets,Batter Runs,Pete Alonso,New York Mets,1.5,7.25,Sportsbet,Milwaukee Brewers,18,13135,14242223,521725928,2480728328,Pete Alonso
Milwaukee Brewers v New York Mets,2025-08-10T08:10:00Z,Milwaukee Brewers,New York Mets,Batter Runs,Brandon Nimmo,New York Mets,1.5,9.75,Sportsbet,Milwaukee Brewers,18,13135,14242223,521725928,2480728329,Brandon Nimmo
Milwaukee Brewers v New York Mets,2025-08-10T08:10:00Z,Milwaukee Brewers,New York Mets,Batter Runs,Mark Vientos,New York Mets,1.5,12,Sportsbet,Milwaukee Brewers,18,13135,14242223,521725928,2480728330,Mark Vientos
Milwaukee Brewers v New York Mets,2025-08-10T08:10:00Z,Milwaukee Brewers,New York Mets,Batter Runs,Jeff McNeil,New York Mets,1.5,12.5,Sportsbet,Milwaukee Brewers,18,13135,14242223,521725928,2480728331,Jeff McNeil
Milwaukee Brewers v New York Mets,2025-08-10T08:10:00Z,Milwaukee Brewers,New York Mets,Batter Runs,Cedric Mullins,NA,1.5,10.5,Sportsbet,NA,18,13135,14242223,521725928,2480728332,NA
Milwaukee Brewers v New York Mets,2025-08-10T08:10:00Z,Milwaukee Brewers,New York Mets,Batter Runs,Ronny Mauricio,NA,1.5,12,Sportsbet,NA,18,13135,14242223,521725928,2480728333,NA
Milwaukee Brewers v New York Mets,2025-08-10T08:10:00Z,Milwaukee Brewers,New York Mets,Batter Runs,Francisco Alvarez,New York Mets,1.5,11,Sportsbet,Milwaukee Brewers,18,13135,14242223,521725928,2480728334,Francisco Alvarez
Milwaukee Brewers v New York Mets,2025-08-10T08:10:00Z,Milwaukee Brewers,New York Mets,Batter Runs,Sal Frelick,Milwaukee Brewers,1.5,7,Sportsbet,New York Mets,18,13135,14242223,521725928,2480728335,Sal Frelick
Milwaukee Brewers v New York Mets,2025-08-10T08:10:00Z,Milwaukee Brewers,New York Mets,Batter Runs,William Contreras,Milwaukee Brewers,1.5,7,Sportsbet,New York Mets,18,13135,14242223,521725928,2480728336,William Contreras
Milwaukee Brewers v New York Mets,2025-08-10T08:10:00Z,Milwaukee Brewers,New York Mets,Batter Runs,Isaac Collins,Milwaukee Brewers,1.5,8.5,Sportsbet,New York Mets,18,13135,14242223,521725928,2480728337,Isaac Collins
Milwaukee Brewers v New York Mets,2025-08-10T08:10:00Z,Milwaukee Brewers,New York Mets,Batter Runs,Christian Yelich,Milwaukee Brewers,1.5,7.25,Sportsbet,New York Mets,18,13135,14242223,521725928,2480728338,Christian Yelich
Milwaukee Brewers v New York Mets,2025-08-10T08:10:00Z,Milwaukee Brewers,New York Mets,Batter Runs,Andrew Vaughn,NA,1.5,8.25,Sportsbet,NA,18,13135,14242223,521725928,2480728339,NA
Milwaukee Brewers v New York Mets,2025-08-10T08:10:00Z,Milwaukee Brewers,New York Mets,Batter Runs,Blake Perkins,NA,1.5,10.5,Sportsbet,NA,18,13135,14242223,521725928,2480728340,NA
Milwaukee Brewers v New York Mets,2025-08-10T08:10:00Z,Milwaukee Brewers,New York Mets,Batter Runs,Brice Turang,Milwaukee Brewers,1.5,11.5,Sportsbet,New York Mets,18,13135,14242223,521725928,2480728341,Brice Turang
Milwaukee Brewers v New York Mets,2025-08-10T08:10:00Z,Milwaukee Brewers,New York Mets,Batter Runs,Anthony Seigler,NA,1.5,13,Sportsbet,NA,18,13135,14242223,521725928,2480728342,NA
Milwaukee Brewers v New York Mets,2025-08-10T08:10:00Z,Milwaukee Brewers,New York Mets,Batter Runs,Joey Ortiz,Milwaukee Brewers,1.5,12,Sportsbet,New York Mets,18,13135,14242223,521725928,2480728343,Joey Ortiz
Milwaukee Brewers v New York Mets,2025-08-10T08:10:00Z,Milwaukee Brewers,New York Mets,Batter Runs,Francisco Lindor,New York Mets,2.5,29,Sportsbet,Milwaukee Brewers,18,13135,14242223,521725929,2480728344,Francisco Lindor
Milwaukee Brewers v New York Mets,2025-08-10T08:10:00Z,Milwaukee Brewers,New York Mets,Batter Runs,Juan Soto,New York Mets,2.5,23,Sportsbet,Milwaukee Brewers,18,13135,14242223,521725929,2480728345,Juan Soto
Milwaukee Brewers v New York Mets,2025-08-10T08:10:00Z,Milwaukee Brewers,New York Mets,Batter Runs,Pete Alonso,New York Mets,2.5,41,Sportsbet,Milwaukee Brewers,18,13135,14242223,521725929,2480728346,Pete Alonso
Milwaukee Brewers v New York Mets,2025-08-10T08:10:00Z,Milwaukee Brewers,New York Mets,Batter Runs,Sal Frelick,Milwaukee Brewers,2.5,34,Sportsbet,New York Mets,18,13135,14242223,521725929,2480728353,Sal Frelick
Milwaukee Brewers v New York Mets,2025-08-10T08:10:00Z,Milwaukee Brewers,New York Mets,Batter Runs,William Contreras,Milwaukee Brewers,2.5,34,Sportsbet,New York Mets,18,13135,14242223,521725929,2480728354,William Contreras
Milwaukee Brewers v New York Mets,2025-08-10T08:10:00Z,Milwaukee Brewers,New York Mets,Batter Runs,Christian Yelich,Milwaukee Brewers,2.5,46,Sportsbet,New York Mets,18,13135,14242223,521725929,2480728356,Christian Yelich
Minnesota Twins v Kansas City Royals,2025-08-10T08:10:00Z,Minnesota Twins,Kansas City Royals,Batter Runs,Mike Yastrzemski,San Francisco Giants,1.5,6.25,Sportsbet,Minnesota Twins,18,13135,14242225,521693750,2480594458,Mike Yastrzemski
Minnesota Twins v Kansas City Royals,2025-08-10T08:10:00Z,Minnesota Twins,Kansas City Royals,Batter Runs,Bobby Witt Jr.,Kansas City Royals,1.5,5.6,Sportsbet,Minnesota Twins,18,13135,14242225,521693750,2480594459,Bobby Witt Jr.
Minnesota Twins v Kansas City Royals,2025-08-10T08:10:00Z,Minnesota Twins,Kansas City Royals,Batter Runs,Vinnie Pasquantino,Kansas City Royals,1.5,7,Sportsbet,Minnesota Twins,18,13135,14242225,521693750,2480594460,Vinnie Pasquantino
Minnesota Twins v Kansas City Royals,2025-08-10T08:10:00Z,Minnesota Twins,Kansas City Royals,Batter Runs,Maikel Garcia,Kansas City Royals,1.5,7.5,Sportsbet,Minnesota Twins,18,13135,14242225,521693750,2480594461,Maikel Garcia
Minnesota Twins v Kansas City Royals,2025-08-10T08:10:00Z,Minnesota Twins,Kansas City Royals,Batter Runs,Salvador Perez,Kansas City Royals,1.5,8.75,Sportsbet,Minnesota Twins,18,13135,14242225,521693750,2480594462,Salvador Perez
Minnesota Twins v Kansas City Royals,2025-08-10T08:10:00Z,Minnesota Twins,Kansas City Royals,Batter Runs,Adam Frazier,Pittsburgh Pirates,1.5,12,Sportsbet,Minnesota Twins,18,13135,14242225,521693750,2480594463,Adam Frazier
Minnesota Twins v Kansas City Royals,2025-08-10T08:10:00Z,Minnesota Twins,Kansas City Royals,Batter Runs,Jonathan India,Kansas City Royals,1.5,10.5,Sportsbet,Minnesota Twins,18,13135,14242225,521693750,2480594464,Jonathan India
Minnesota Twins v Kansas City Royals,2025-08-10T08:10:00Z,Minnesota Twins,Kansas City Royals,Batter Runs,John Rave,Kansas City Royals,1.5,12,Sportsbet,Minnesota Twins,18,13135,14242225,521693750,2480594465,John Rave
Minnesota Twins v Kansas City Royals,2025-08-10T08:10:00Z,Minnesota Twins,Kansas City Royals,Batter Runs,Kyle Isbel,Kansas City Royals,1.5,11.5,Sportsbet,Minnesota Twins,18,13135,14242225,521693750,2480594466,Kyle Isbel
Minnesota Twins v Kansas City Royals,2025-08-10T08:10:00Z,Minnesota Twins,Kansas City Royals,Batter Runs,Austin Martin,NA,1.5,9,Sportsbet,NA,18,13135,14242225,521693750,2480594467,NA
Minnesota Twins v Kansas City Royals,2025-08-10T08:10:00Z,Minnesota Twins,Kansas City Royals,Batter Runs,Edouard Julien,NA,1.5,13,Sportsbet,NA,18,13135,14242225,521693750,2480699082,NA
Minnesota Twins v Kansas City Royals,2025-08-10T08:10:00Z,Minnesota Twins,Kansas City Royals,Batter Runs,Matt Wallner,Minnesota Twins,1.5,7.75,Sportsbet,Kansas City Royals,18,13135,14242225,521693750,2480594468,Matt Wallner
Minnesota Twins v Kansas City Royals,2025-08-10T08:10:00Z,Minnesota Twins,Kansas City Royals,Batter Runs,Ryan Jeffers,Minnesota Twins,1.5,8,Sportsbet,Kansas City Royals,18,13135,14242225,521693750,2480594469,Ryan Jeffers
Minnesota Twins v Kansas City Royals,2025-08-10T08:10:00Z,Minnesota Twins,Kansas City Royals,Batter Runs,Kody Clemens,Minnesota Twins,1.5,10,Sportsbet,Kansas City Royals,18,13135,14242225,521693750,2480594470,Kody Clemens
Minnesota Twins v Kansas City Royals,2025-08-10T08:10:00Z,Minnesota Twins,Kansas City Royals,Batter Runs,Luke Keaschall,NA,1.5,11,Sportsbet,NA,18,13135,14242225,521693750,2480594471,NA
Minnesota Twins v Kansas City Royals,2025-08-10T08:10:00Z,Minnesota Twins,Kansas City Royals,Batter Runs,Royce Lewis,Minnesota Twins,1.5,10,Sportsbet,Kansas City Royals,18,13135,14242225,521693750,2480594472,Royce Lewis
Minnesota Twins v Kansas City Royals,2025-08-10T08:10:00Z,Minnesota Twins,Kansas City Royals,Batter Runs,Trevor Larnach,Minnesota Twins,1.5,12,Sportsbet,Kansas City Royals,18,13135,14242225,521693750,2480594473,Trevor Larnach
Minnesota Twins v Kansas City Royals,2025-08-10T08:10:00Z,Minnesota Twins,Kansas City Royals,Batter Runs,Brooks Lee,Minnesota Twins,1.5,13,Sportsbet,Kansas City Royals,18,13135,14242225,521693750,2480594474,Brooks Lee
Minnesota Twins v Kansas City Royals,2025-08-10T08:10:00Z,Minnesota Twins,Kansas City Royals,Batter Runs,Mike Yastrzemski,San Francisco Giants,2.5,31,Sportsbet,Minnesota Twins,18,13135,14242225,521693751,2480594476,Mike Yastrzemski
Minnesota Twins v Kansas City Royals,2025-08-10T08:10:00Z,Minnesota Twins,Kansas City Royals,Batter Runs,Bobby Witt Jr.,Kansas City Royals,2.5,26,Sportsbet,Minnesota Twins,18,13135,14242225,521693751,2480594477,Bobby Witt Jr.
Minnesota Twins v Kansas City Royals,2025-08-10T08:10:00Z,Minnesota Twins,Kansas City Royals,Batter Runs,Vinnie Pasquantino,Kansas City Royals,2.5,34,Sportsbet,Minnesota Twins,18,13135,14242225,521693751,2480594478,Vinnie Pasquantino
Minnesota Twins v Kansas City Royals,2025-08-10T08:10:00Z,Minnesota Twins,Kansas City Royals,Batter Runs,Maikel Garcia,Kansas City Royals,2.5,34,Sportsbet,Minnesota Twins,18,13135,14242225,521693751,2480594479,Maikel Garcia
Minnesota Twins v Kansas City Royals,2025-08-10T08:10:00Z,Minnesota Twins,Kansas City Royals,Batter Runs,Ryan Jeffers,Minnesota Twins,2.5,46,Sportsbet,Kansas City Royals,18,13135,14242225,521693751,2480594487,Ryan Jeffers
Chicago White Sox v Cleveland Guardians,2025-08-10T08:10:00Z,Chicago White Sox,Cleveland Guardians,Batter Runs,Steven Kwan,Cleveland Guardians,1.5,6.75,Sportsbet,Chicago White Sox,18,13135,14242237,521694501,2480597710,Steven Kwan
Chicago White Sox v Cleveland Guardians,2025-08-10T08:10:00Z,Chicago White Sox,Cleveland Guardians,Batter Runs,Daniel Schneemann,Cleveland Guardians,1.5,6.75,Sportsbet,Chicago White Sox,18,13135,14242237,521694501,2480597711,Daniel Schneemann
Chicago White Sox v Cleveland Guardians,2025-08-10T08:10:00Z,Chicago White Sox,Cleveland Guardians,Batter Runs,Jose Ramirez,Cleveland Guardians,1.5,6.25,Sportsbet,Chicago White Sox,18,13135,14242237,521694501,2480597712,José Ramírez
Chicago White Sox v Cleveland Guardians,2025-08-10T08:10:00Z,Chicago White Sox,Cleveland Guardians,Batter Runs,Kyle Manzardo,Cleveland Guardians,1.5,7.75,Sportsbet,Chicago White Sox,18,13135,14242237,521694501,2480597713,Kyle Manzardo
Chicago White Sox v Cleveland Guardians,2025-08-10T08:10:00Z,Chicago White Sox,Cleveland Guardians,Batter Runs,Carlos Santana,Cleveland Guardians,1.5,9.25,Sportsbet,Chicago White Sox,18,13135,14242237,521694501,2480597714,Carlos Santana
Chicago White Sox v Cleveland Guardians,2025-08-10T08:10:00Z,Chicago White Sox,Cleveland Guardians,Batter Runs,Bo Naylor,Cleveland Guardians,1.5,10,Sportsbet,Chicago White Sox,18,13135,14242237,521694501,2480597715,Bo Naylor
Chicago White Sox v Cleveland Guardians,2025-08-10T08:10:00Z,Chicago White Sox,Cleveland Guardians,Batter Runs,Gabriel Arias,Cleveland Guardians,1.5,11,Sportsbet,Chicago White Sox,18,13135,14242237,521694501,2480597716,Gabriel Arias
Chicago White Sox v Cleveland Guardians,2025-08-10T08:10:00Z,Chicago White Sox,Cleveland Guardians,Batter Runs,CJ Kayfus,NA,1.5,11,Sportsbet,NA,18,13135,14242237,521694501,2480597717,NA
Chicago White Sox v Cleveland Guardians,2025-08-10T08:10:00Z,Chicago White Sox,Cleveland Guardians,Batter Runs,Brayan Rocchio,NA,1.5,11.5,Sportsbet,NA,18,13135,14242237,521694501,2480597718,NA
Chicago White Sox v Cleveland Guardians,2025-08-10T08:10:00Z,Chicago White Sox,Cleveland Guardians,Batter Runs,Mike Tauchman,Chicago White Sox,1.5,8,Sportsbet,Cleveland Guardians,18,13135,14242237,521694501,2480597719,Mike Tauchman
Chicago White Sox v Cleveland Guardians,2025-08-10T08:10:00Z,Chicago White Sox,Cleveland Guardians,Batter Runs,Curtis Mead,Tampa Bay Rays,1.5,15,Sportsbet,Chicago White Sox,18,13135,14242237,521694501,2480669471,Curtis Mead
Chicago White Sox v Cleveland Guardians,2025-08-10T08:10:00Z,Chicago White Sox,Cleveland Guardians,Batter Runs,Edgar Quero,Chicago White Sox,1.5,9,Sportsbet,Cleveland Guardians,18,13135,14242237,521694501,2480597720,Edgar Quero
Chicago White Sox v Cleveland Guardians,2025-08-10T08:10:00Z,Chicago White Sox,Cleveland Guardians,Batter Runs,Andrew Benintendi,Chicago White Sox,1.5,10.5,Sportsbet,Cleveland Guardians,18,13135,14242237,521694501,2480597722,Andrew Benintendi
Chicago White Sox v Cleveland Guardians,2025-08-10T08:10:00Z,Chicago White Sox,Cleveland Guardians,Batter Runs,Luis Robert,NA,1.5,10,Sportsbet,NA,18,13135,14242237,521694501,2480597723,NA
Chicago White Sox v Cleveland Guardians,2025-08-10T08:10:00Z,Chicago White Sox,Cleveland Guardians,Batter Runs,Lenyn Sosa,Chicago White Sox,1.5,12.5,Sportsbet,Cleveland Guardians,18,13135,14242237,521694501,2480597724,Lenyn Sosa
Chicago White Sox v Cleveland Guardians,2025-08-10T08:10:00Z,Chicago White Sox,Cleveland Guardians,Batter Runs,Colson Montgomery,NA,1.5,13,Sportsbet,NA,18,13135,14242237,521694501,2480597725,NA
Chicago White Sox v Cleveland Guardians,2025-08-10T08:10:00Z,Chicago White Sox,Cleveland Guardians,Batter Runs,Michael Taylor,NA,1.5,15,Sportsbet,NA,18,13135,14242237,521694501,2480597726,NA
Chicago White Sox v Cleveland Guardians,2025-08-10T08:10:00Z,Chicago White Sox,Cleveland Guardians,Batter Runs,Josh Rojas,Chicago White Sox,1.5,14,Sportsbet,Cleveland Guardians,18,13135,14242237,521694501,2480597727,Josh Rojas
Chicago White Sox v Cleveland Guardians,2025-08-10T08:10:00Z,Chicago White Sox,Cleveland Guardians,Batter Runs,Steven Kwan,Cleveland Guardians,2.5,34,Sportsbet,Chicago White Sox,18,13135,14242237,521694502,2480597728,Steven Kwan
Chicago White Sox v Cleveland Guardians,2025-08-10T08:10:00Z,Chicago White Sox,Cleveland Guardians,Batter Runs,Daniel Schneemann,Cleveland Guardians,2.5,34,Sportsbet,Chicago White Sox,18,13135,14242237,521694502,2480597729,Daniel Schneemann
Chicago White Sox v Cleveland Guardians,2025-08-10T08:10:00Z,Chicago White Sox,Cleveland Guardians,Batter Runs,Jose Ramirez,Cleveland Guardians,2.5,31,Sportsbet,Chicago White Sox,18,13135,14242237,521694502,2480597730,José Ramírez
Chicago White Sox v Cleveland Guardians,2025-08-10T08:10:00Z,Chicago White Sox,Cleveland Guardians,Batter Runs,Kyle Manzardo,Cleveland Guardians,2.5,46,Sportsbet,Chicago White Sox,18,13135,14242237,521694502,2480597731,Kyle Manzardo
Texas Rangers v Philadelphia Phillies,2025-08-10T08:15:00Z,Texas Rangers,Philadelphia Phillies,Batter Runs,Trea Turner,Philadelphia Phillies,1.5,8.75,Sportsbet,Texas Rangers,18,13135,14242227,521690931,2480580374,Trea Turner
Texas Rangers v Philadelphia Phillies,2025-08-10T08:15:00Z,Texas Rangers,Philadelphia Phillies,Batter Runs,Kyle Schwarber,Philadelphia Phillies,1.5,7.25,Sportsbet,Texas Rangers,18,13135,14242227,521690931,2480580375,Kyle Schwarber
Texas Rangers v Philadelphia Phillies,2025-08-10T08:15:00Z,Texas Rangers,Philadelphia Phillies,Batter Runs,Bryce Harper,Philadelphia Phillies,1.5,9.25,Sportsbet,Texas Rangers,18,13135,14242227,521690931,2480580376,Bryce Harper
Texas Rangers v Philadelphia Phillies,2025-08-10T08:15:00Z,Texas Rangers,Philadelphia Phillies,Batter Runs,J.T. Realmuto,Philadelphia Phillies,1.5,14,Sportsbet,Texas Rangers,18,13135,14242227,521690931,2480580377,J.T. Realmuto
Texas Rangers v Philadelphia Phillies,2025-08-10T08:15:00Z,Texas Rangers,Philadelphia Phillies,Batter Runs,Nick Castellanos,Philadelphia Phillies,1.5,14,Sportsbet,Texas Rangers,18,13135,14242227,521690931,2480580378,Nick Castellanos
Texas Rangers v Philadelphia Phillies,2025-08-10T08:15:00Z,Texas Rangers,Philadelphia Phillies,Batter Runs,Brandon Marsh,Philadelphia Phillies,1.5,15,Sportsbet,Texas Rangers,18,13135,14242227,521690931,2480580379,Brandon Marsh
Texas Rangers v Philadelphia Phillies,2025-08-10T08:15:00Z,Texas Rangers,Philadelphia Phillies,Batter Runs,Max Kepler,Philadelphia Phillies,1.5,16,Sportsbet,Texas Rangers,18,13135,14242227,521690931,2480580380,Max Kepler
Texas Rangers v Philadelphia Phillies,2025-08-10T08:15:00Z,Texas Rangers,Philadelphia Phillies,Batter Runs,Edmundo Sosa,Philadelphia Phillies,1.5,19,Sportsbet,Texas Rangers,18,13135,14242227,521690931,2480580381,Edmundo Sosa
Texas Rangers v Philadelphia Phillies,2025-08-10T08:15:00Z,Texas Rangers,Philadelphia Phillies,Batter Runs,Bryson Stott,Philadelphia Phillies,1.5,14,Sportsbet,Texas Rangers,18,13135,14242227,521690931,2480580382,Bryson Stott
Texas Rangers v Philadelphia Phillies,2025-08-10T08:15:00Z,Texas Rangers,Philadelphia Phillies,Batter Runs,Sam Haggerty,Texas Rangers,1.5,9,Sportsbet,Philadelphia Phillies,18,13135,14242227,521690931,2480580383,Sam Haggerty
Texas Rangers v Philadelphia Phillies,2025-08-10T08:15:00Z,Texas Rangers,Philadelphia Phillies,Batter Runs,Corey Seager,Texas Rangers,1.5,8.25,Sportsbet,Philadelphia Phillies,18,13135,14242227,521690931,2480580384,Corey Seager
Texas Rangers v Philadelphia Phillies,2025-08-10T08:15:00Z,Texas Rangers,Philadelphia Phillies,Batter Runs,Marcus Semien,Texas Rangers,1.5,10.5,Sportsbet,Philadelphia Phillies,18,13135,14242227,521690931,2480580385,Marcus Semien
Texas Rangers v Philadelphia Phillies,2025-08-10T08:15:00Z,Texas Rangers,Philadelphia Phillies,Batter Runs,Adolis Garcia,Texas Rangers,1.5,10.5,Sportsbet,Philadelphia Phillies,18,13135,14242227,521690931,2480580386,Adolis García
Texas Rangers v Philadelphia Phillies,2025-08-10T08:15:00Z,Texas Rangers,Philadelphia Phillies,Batter Runs,Wyatt Langford,Texas Rangers,1.5,8.75,Sportsbet,Philadelphia Phillies,18,13135,14242227,521690931,2480580387,Wyatt Langford
Texas Rangers v Philadelphia Phillies,2025-08-10T08:15:00Z,Texas Rangers,Philadelphia Phillies,Batter Runs,Josh Jung,Texas Rangers,1.5,12,Sportsbet,Philadelphia Phillies,18,13135,14242227,521690931,2480580388,Josh Jung
Texas Rangers v Philadelphia Phillies,2025-08-10T08:15:00Z,Texas Rangers,Philadelphia Phillies,Batter Runs,Kyle Higashioka,Texas Rangers,1.5,14,Sportsbet,Philadelphia Phillies,18,13135,14242227,521690931,2480580389,Kyle Higashioka
Texas Rangers v Philadelphia Phillies,2025-08-10T08:15:00Z,Texas Rangers,Philadelphia Phillies,Batter Runs,Josh Smith,Texas Rangers,1.5,16,Sportsbet,Philadelphia Phillies,18,13135,14242227,521690931,2480580390,Josh Smith
Texas Rangers v Philadelphia Phillies,2025-08-10T08:15:00Z,Texas Rangers,Philadelphia Phillies,Batter Runs,Ezequiel Duran,Texas Rangers,1.5,16,Sportsbet,Philadelphia Phillies,18,13135,14242227,521690931,2480580391,Ezequiel Duran
Texas Rangers v Philadelphia Phillies,2025-08-10T08:15:00Z,Texas Rangers,Philadelphia Phillies,Batter Runs,Kyle Schwarber,Philadelphia Phillies,2.5,34,Sportsbet,Texas Rangers,18,13135,14242227,521690932,2480580393,Kyle Schwarber
St. Louis Cardinals v Chicago Cubs,2025-08-10T08:15:00Z,St. Louis Cardinals,Chicago Cubs,Batter Runs,Michael Busch,Chicago Cubs,1.5,6.75,Sportsbet,St. Louis Cardinals,18,13135,14242233,521692217,2480586440,Michael Busch
St. Louis Cardinals v Chicago Cubs,2025-08-10T08:15:00Z,St. Louis Cardinals,Chicago Cubs,Batter Runs,Kyle Tucker,Chicago Cubs,1.5,7.5,Sportsbet,St. Louis Cardinals,18,13135,14242233,521692217,2480586441,Kyle Tucker
St. Louis Cardinals v Chicago Cubs,2025-08-10T08:15:00Z,St. Louis Cardinals,Chicago Cubs,Batter Runs,Seiya Suzuki,Chicago Cubs,1.5,6.75,Sportsbet,St. Louis Cardinals,18,13135,14242233,521692217,2480586442,Seiya Suzuki
St. Louis Cardinals v Chicago Cubs,2025-08-10T08:15:00Z,St. Louis Cardinals,Chicago Cubs,Batter Runs,Pete Crow-Armstrong,Chicago Cubs,1.5,8.5,Sportsbet,St. Louis Cardinals,18,13135,14242233,521692217,2480586443,Pete Crow-Armstrong
St. Louis Cardinals v Chicago Cubs,2025-08-10T08:15:00Z,St. Louis Cardinals,Chicago Cubs,Batter Runs,Carson Kelly,Chicago Cubs,1.5,9.75,Sportsbet,St. Louis Cardinals,18,13135,14242233,521692217,2480586444,Carson Kelly
St. Louis Cardinals v Chicago Cubs,2025-08-10T08:15:00Z,St. Louis Cardinals,Chicago Cubs,Batter Runs,Ian Happ,Chicago Cubs,1.5,7.75,Sportsbet,St. Louis Cardinals,18,13135,14242233,521692217,2480586445,Ian Happ
St. Louis Cardinals v Chicago Cubs,2025-08-10T08:15:00Z,St. Louis Cardinals,Chicago Cubs,Batter Runs,Willi Castro,Minnesota Twins,1.5,11.5,Sportsbet,St. Louis Cardinals,18,13135,14242233,521692217,2480586446,Willi Castro
St. Louis Cardinals v Chicago Cubs,2025-08-10T08:15:00Z,St. Louis Cardinals,Chicago Cubs,Batter Runs,Nico Hoerner,Chicago Cubs,1.5,12.5,Sportsbet,St. Louis Cardinals,18,13135,14242233,521692217,2480586447,Nico Hoerner
St. Louis Cardinals v Chicago Cubs,2025-08-10T08:15:00Z,St. Louis Cardinals,Chicago Cubs,Batter Runs,Dansby Swanson,Chicago Cubs,1.5,10,Sportsbet,St. Louis Cardinals,18,13135,14242233,521692217,2480586448,Dansby Swanson
St. Louis Cardinals v Chicago Cubs,2025-08-10T08:15:00Z,St. Louis Cardinals,Chicago Cubs,Batter Runs,Brendan Donovan,St. Louis Cardinals,1.5,6.25,Sportsbet,Chicago Cubs,18,13135,14242233,521692217,2480586449,Brendan Donovan
St. Louis Cardinals v Chicago Cubs,2025-08-10T08:15:00Z,St. Louis Cardinals,Chicago Cubs,Batter Runs,Yohel Pozo,St. Louis Cardinals,1.5,12,Sportsbet,Chicago Cubs,18,13135,14242233,521692217,2480700540,Yohel Pozo
St. Louis Cardinals v Chicago Cubs,2025-08-10T08:15:00Z,St. Louis Cardinals,Chicago Cubs,Batter Runs,Ivan Herrera,St. Louis Cardinals,1.5,7.25,Sportsbet,Chicago Cubs,18,13135,14242233,521692217,2480586450,Iván Herrera
St. Louis Cardinals v Chicago Cubs,2025-08-10T08:15:00Z,St. Louis Cardinals,Chicago Cubs,Batter Runs,Alec Burleson,St. Louis Cardinals,1.5,8.5,Sportsbet,Chicago Cubs,18,13135,14242233,521692217,2480586451,Alec Burleson
St. Louis Cardinals v Chicago Cubs,2025-08-10T08:15:00Z,St. Louis Cardinals,Chicago Cubs,Batter Runs,Lars Nootbaar,St. Louis Cardinals,1.5,9,Sportsbet,Chicago Cubs,18,13135,14242233,521692217,2480586452,Lars Nootbaar
St. Louis Cardinals v Chicago Cubs,2025-08-10T08:15:00Z,St. Louis Cardinals,Chicago Cubs,Batter Runs,Masyn Winn,St. Louis Cardinals,1.5,10.5,Sportsbet,Chicago Cubs,18,13135,14242233,521692217,2480586453,Masyn Winn
St. Louis Cardinals v Chicago Cubs,2025-08-10T08:15:00Z,St. Louis Cardinals,Chicago Cubs,Batter Runs,Nolan Gorman,St. Louis Cardinals,1.5,9.75,Sportsbet,Chicago Cubs,18,13135,14242233,521692217,2480586454,Nolan Gorman
St. Louis Cardinals v Chicago Cubs,2025-08-10T08:15:00Z,St. Louis Cardinals,Chicago Cubs,Batter Runs,Jordan Walker,NA,1.5,12,Sportsbet,NA,18,13135,14242233,521692217,2480586455,NA
St. Louis Cardinals v Chicago Cubs,2025-08-10T08:15:00Z,St. Louis Cardinals,Chicago Cubs,Batter Runs,Victor Scott II,St. Louis Cardinals,1.5,12,Sportsbet,Chicago Cubs,18,13135,14242233,521692217,2480586457,Victor Scott II
St. Louis Cardinals v Chicago Cubs,2025-08-10T08:15:00Z,St. Louis Cardinals,Chicago Cubs,Batter Runs,Michael Busch,Chicago Cubs,2.5,31,Sportsbet,St. Louis Cardinals,18,13135,14242233,521692218,2480586458,Michael Busch
St. Louis Cardinals v Chicago Cubs,2025-08-10T08:15:00Z,St. Louis Cardinals,Chicago Cubs,Batter Runs,Kyle Tucker,Chicago Cubs,2.5,34,Sportsbet,St. Louis Cardinals,18,13135,14242233,521692218,2480586459,Kyle Tucker
St. Louis Cardinals v Chicago Cubs,2025-08-10T08:15:00Z,St. Louis Cardinals,Chicago Cubs,Batter Runs,Seiya Suzuki,Chicago Cubs,2.5,34,Sportsbet,St. Louis Cardinals,18,13135,14242233,521692218,2480586460,Seiya Suzuki
St. Louis Cardinals v Chicago Cubs,2025-08-10T08:15:00Z,St. Louis Cardinals,Chicago Cubs,Batter Runs,Ian Happ,Chicago Cubs,2.5,46,Sportsbet,St. Louis Cardinals,18,13135,14242233,521692218,2480586463,Ian Happ
St. Louis Cardinals v Chicago Cubs,2025-08-10T08:15:00Z,St. Louis Cardinals,Chicago Cubs,Batter Runs,Brendan Donovan,St. Louis Cardinals,2.5,31,Sportsbet,Chicago Cubs,18,13135,14242233,521692218,2480586467,Brendan Donovan
St. Louis Cardinals v Chicago Cubs,2025-08-10T08:15:00Z,St. Louis Cardinals,Chicago Cubs,Batter Runs,Ivan Herrera,St. Louis Cardinals,2.5,41,Sportsbet,Chicago Cubs,18,13135,14242233,521692218,2480586468,Iván Herrera
St. Louis Cardinals v Chicago Cubs,2025-08-10T08:15:00Z,St. Louis Cardinals,Chicago Cubs,Batter Runs,Alec Burleson,St. Louis Cardinals,2.5,46,Sportsbet,Chicago Cubs,18,13135,14242233,521692218,2480586469,Alec Burleson
Arizona Diamondbacks v Colorado Rockies,2025-08-10T09:10:00Z,Arizona Diamondbacks,Colorado Rockies,Batter Runs,Tyler Freeman,Colorado Rockies,1.5,8.25,Sportsbet,Arizona Diamondbacks,18,13135,14242228,521694108,2480596015,Tyler Freeman
Arizona Diamondbacks v Colorado Rockies,2025-08-10T09:10:00Z,Arizona Diamondbacks,Colorado Rockies,Batter Runs,Mickey Moniak,Colorado Rockies,1.5,9.5,Sportsbet,Arizona Diamondbacks,18,13135,14242228,521694108,2480704746,Mickey Moniak
Arizona Diamondbacks v Colorado Rockies,2025-08-10T09:10:00Z,Arizona Diamondbacks,Colorado Rockies,Batter Runs,Ezequiel Tovar,Colorado Rockies,1.5,8.25,Sportsbet,Arizona Diamondbacks,18,13135,14242228,521694108,2480596016,Ezequiel Tovar
Arizona Diamondbacks v Colorado Rockies,2025-08-10T09:10:00Z,Arizona Diamondbacks,Colorado Rockies,Batter Runs,Anthony Molina,NA,1.5,14,Sportsbet,NA,18,13135,14242228,521694108,2480704747,NA
Arizona Diamondbacks v Colorado Rockies,2025-08-10T09:10:00Z,Arizona Diamondbacks,Colorado Rockies,Batter Runs,Hunter Goodman,Colorado Rockies,1.5,8.5,Sportsbet,Arizona Diamondbacks,18,13135,14242228,521694108,2480596017,Hunter Goodman
Arizona Diamondbacks v Colorado Rockies,2025-08-10T09:10:00Z,Arizona Diamondbacks,Colorado Rockies,Batter Runs,Jordan Beck,Colorado Rockies,1.5,9.75,Sportsbet,Arizona Diamondbacks,18,13135,14242228,521694108,2480596018,Jordan Beck
Arizona Diamondbacks v Colorado Rockies,2025-08-10T09:10:00Z,Arizona Diamondbacks,Colorado Rockies,Batter Runs,Warming Bernabel,NA,1.5,10.5,Sportsbet,NA,18,13135,14242228,521694108,2480596019,NA
Arizona Diamondbacks v Colorado Rockies,2025-08-10T09:10:00Z,Arizona Diamondbacks,Colorado Rockies,Batter Runs,Brenton Doyle,Colorado Rockies,1.5,11.5,Sportsbet,Arizona Diamondbacks,18,13135,14242228,521694108,2480596020,Brenton Doyle
Arizona Diamondbacks v Colorado Rockies,2025-08-10T09:10:00Z,Arizona Diamondbacks,Colorado Rockies,Batter Runs,Kyle Farmer,Colorado Rockies,1.5,13,Sportsbet,Arizona Diamondbacks,18,13135,14242228,521694108,2480596023,Kyle Farmer
Arizona Diamondbacks v Colorado Rockies,2025-08-10T09:10:00Z,Arizona Diamondbacks,Colorado Rockies,Batter Runs,Corbin Carroll,Arizona Diamondbacks,1.5,4.3,Sportsbet,Colorado Rockies,18,13135,14242228,521694108,2480596024,Corbin Carroll
Arizona Diamondbacks v Colorado Rockies,2025-08-10T09:10:00Z,Arizona Diamondbacks,Colorado Rockies,Batter Runs,James McCann,NA,1.5,9,Sportsbet,NA,18,13135,14242228,521694108,2480704748,NA
Arizona Diamondbacks v Colorado Rockies,2025-08-10T09:10:00Z,Arizona Diamondbacks,Colorado Rockies,Batter Runs,Ketel Marte,Arizona Diamondbacks,1.5,4.25,Sportsbet,Colorado Rockies,18,13135,14242228,521694108,2480596025,Ketel Marte
Arizona Diamondbacks v Colorado Rockies,2025-08-10T09:10:00Z,Arizona Diamondbacks,Colorado Rockies,Batter Runs,Connor Kaiser,NA,1.5,7.25,Sportsbet,NA,18,13135,14242228,521694108,2480704749,NA
Arizona Diamondbacks v Colorado Rockies,2025-08-10T09:10:00Z,Arizona Diamondbacks,Colorado Rockies,Batter Runs,Geraldo Perdomo,Arizona Diamondbacks,1.5,7.75,Sportsbet,Colorado Rockies,18,13135,14242228,521694108,2480596026,Geraldo Perdomo
Arizona Diamondbacks v Colorado Rockies,2025-08-10T09:10:00Z,Arizona Diamondbacks,Colorado Rockies,Batter Runs,Jorge Barrosa,NA,1.5,8,Sportsbet,NA,18,13135,14242228,521694108,2480704750,NA
Arizona Diamondbacks v Colorado Rockies,2025-08-10T09:10:00Z,Arizona Diamondbacks,Colorado Rockies,Batter Runs,Lourdes Gurriel,NA,1.5,7,Sportsbet,NA,18,13135,14242228,521694108,2480596027,NA
Arizona Diamondbacks v Colorado Rockies,2025-08-10T09:10:00Z,Arizona Diamondbacks,Colorado Rockies,Batter Runs,Tyler Locklear,NA,1.5,7.75,Sportsbet,NA,18,13135,14242228,521694108,2480596028,NA
Arizona Diamondbacks v Colorado Rockies,2025-08-10T09:10:00Z,Arizona Diamondbacks,Colorado Rockies,Batter Runs,Blaze Alexander,NA,1.5,8.75,Sportsbet,NA,18,13135,14242228,521694108,2480596030,NA
Arizona Diamondbacks v Colorado Rockies,2025-08-10T09:10:00Z,Arizona Diamondbacks,Colorado Rockies,Batter Runs,Tyler Freeman,Colorado Rockies,2.5,41,Sportsbet,Arizona Diamondbacks,18,13135,14242228,521694109,2480596033,Tyler Freeman
Arizona Diamondbacks v Colorado Rockies,2025-08-10T09:10:00Z,Arizona Diamondbacks,Colorado Rockies,Batter Runs,Ezequiel Tovar,Colorado Rockies,2.5,46,Sportsbet,Arizona Diamondbacks,18,13135,14242228,521694109,2480596034,Ezequiel Tovar
Arizona Diamondbacks v Colorado Rockies,2025-08-10T09:10:00Z,Arizona Diamondbacks,Colorado Rockies,Batter Runs,Hunter Goodman,Colorado Rockies,2.5,46,Sportsbet,Arizona Diamondbacks,18,13135,14242228,521694109,2480596035,Hunter Goodman
Arizona Diamondbacks v Colorado Rockies,2025-08-10T09:10:00Z,Arizona Diamondbacks,Colorado Rockies,Batter Runs,Corbin Carroll,Arizona Diamondbacks,2.5,17,Sportsbet,Colorado Rockies,18,13135,14242228,521694109,2480596042,Corbin Carroll
Arizona Diamondbacks v Colorado Rockies,2025-08-10T09:10:00Z,Arizona Diamondbacks,Colorado Rockies,Batter Runs,Ketel Marte,Arizona Diamondbacks,2.5,16,Sportsbet,Colorado Rockies,18,13135,14242228,521694109,2480596043,Ketel Marte
Arizona Diamondbacks v Colorado Rockies,2025-08-10T09:10:00Z,Arizona Diamondbacks,Colorado Rockies,Batter Runs,Connor Kaiser,NA,2.5,46,Sportsbet,NA,18,13135,14242228,521694109,2480704754,NA
Arizona Diamondbacks v Colorado Rockies,2025-08-10T09:10:00Z,Arizona Diamondbacks,Colorado Rockies,Batter Runs,Geraldo Perdomo,Arizona Diamondbacks,2.5,46,Sportsbet,Colorado Rockies,18,13135,14242228,521694109,2480596044,Geraldo Perdomo
Arizona Diamondbacks v Colorado Rockies,2025-08-10T09:10:00Z,Arizona Diamondbacks,Colorado Rockies,Batter Runs,Lourdes Gurriel,NA,2.5,34,Sportsbet,NA,18,13135,14242228,521694109,2480596045,NA
San Diego Padres v Boston Red Sox,2025-08-10T09:40:00Z,San Diego Padres,Boston Red Sox,Batter Runs,Connor Wong,Boston Red Sox,1.5,18,Sportsbet,San Diego Padres,18,13135,14242235,521690236,2480577221,Connor Wong
San Diego Padres v Boston Red Sox,2025-08-10T09:40:00Z,San Diego Padres,Boston Red Sox,Batter Runs,Roman Anthony,NA,1.5,8,Sportsbet,NA,18,13135,14242235,521690236,2480577222,NA
San Diego Padres v Boston Red Sox,2025-08-10T09:40:00Z,San Diego Padres,Boston Red Sox,Batter Runs,Alex Bregman,NA,1.5,7.25,Sportsbet,NA,18,13135,14242235,521690236,2480577223,NA
San Diego Padres v Boston Red Sox,2025-08-10T09:40:00Z,San Diego Padres,Boston Red Sox,Batter Runs,Jarren Duran,Boston Red Sox,1.5,11,Sportsbet,San Diego Padres,18,13135,14242235,521690236,2480577224,Jarren Duran
San Diego Padres v Boston Red Sox,2025-08-10T09:40:00Z,San Diego Padres,Boston Red Sox,Batter Runs,Trevor Story,Boston Red Sox,1.5,11.5,Sportsbet,San Diego Padres,18,13135,14242235,521690236,2480577225,Trevor Story
San Diego Padres v Boston Red Sox,2025-08-10T09:40:00Z,San Diego Padres,Boston Red Sox,Batter Runs,Wilyer Abreu,Boston Red Sox,1.5,12.5,Sportsbet,San Diego Padres,18,13135,14242235,521690236,2480577226,Wilyer Abreu
San Diego Padres v Boston Red Sox,2025-08-10T09:40:00Z,San Diego Padres,Boston Red Sox,Batter Runs,Masataka Yoshida,NA,1.5,13,Sportsbet,NA,18,13135,14242235,521690236,2480577227,NA
San Diego Padres v Boston Red Sox,2025-08-10T09:40:00Z,San Diego Padres,Boston Red Sox,Batter Runs,Abraham Toro,Boston Red Sox,1.5,16,Sportsbet,San Diego Padres,18,13135,14242235,521690236,2480577228,Abraham Toro
San Diego Padres v Boston Red Sox,2025-08-10T09:40:00Z,San Diego Padres,Boston Red Sox,Batter Runs,Ceddanne Rafaela,Boston Red Sox,1.5,18,Sportsbet,San Diego Padres,18,13135,14242235,521690236,2480577229,Ceddanne Rafaela
San Diego Padres v Boston Red Sox,2025-08-10T09:40:00Z,San Diego Padres,Boston Red Sox,Batter Runs,Fernando Tatis Jr.,San Diego Padres,1.5,6.75,Sportsbet,Boston Red Sox,18,13135,14242235,521690236,2480577230,Fernando Tatis Jr.
San Diego Padres v Boston Red Sox,2025-08-10T09:40:00Z,San Diego Padres,Boston Red Sox,Batter Runs,Luis Arraez,San Diego Padres,1.5,10,Sportsbet,Boston Red Sox,18,13135,14242235,521690236,2480577231,Luis Arraez
San Diego Padres v Boston Red Sox,2025-08-10T09:40:00Z,San Diego Padres,Boston Red Sox,Batter Runs,Manny Machado,San Diego Padres,1.5,8,Sportsbet,Boston Red Sox,18,13135,14242235,521690236,2480577232,Manny Machado
San Diego Padres v Boston Red Sox,2025-08-10T09:40:00Z,San Diego Padres,Boston Red Sox,Batter Runs,Jackson Merrill,San Diego Padres,1.5,9.75,Sportsbet,Boston Red Sox,18,13135,14242235,521690236,2480577233,Jackson Merrill
San Diego Padres v Boston Red Sox,2025-08-10T09:40:00Z,San Diego Padres,Boston Red Sox,Batter Runs,Xander Bogaerts,San Diego Padres,1.5,10,Sportsbet,Boston Red Sox,18,13135,14242235,521690236,2480577234,Xander Bogaerts
San Diego Padres v Boston Red Sox,2025-08-10T09:40:00Z,San Diego Padres,Boston Red Sox,Batter Runs,Ryan O'Hearn,Baltimore Orioles,1.5,10.5,Sportsbet,San Diego Padres,18,13135,14242235,521690236,2480577235,Ryan O'Hearn
San Diego Padres v Boston Red Sox,2025-08-10T09:40:00Z,San Diego Padres,Boston Red Sox,Batter Runs,Ramon Laureano,NA,1.5,9.75,Sportsbet,NA,18,13135,14242235,521690236,2480577236,NA
San Diego Padres v Boston Red Sox,2025-08-10T09:40:00Z,San Diego Padres,Boston Red Sox,Batter Runs,Jake Cronenworth,San Diego Padres,1.5,13,Sportsbet,Boston Red Sox,18,13135,14242235,521690236,2480577237,Jake Cronenworth
San Diego Padres v Boston Red Sox,2025-08-10T09:40:00Z,San Diego Padres,Boston Red Sox,Batter Runs,Freddy Fermin,Kansas City Royals,1.5,14,Sportsbet,San Diego Padres,18,13135,14242235,521690236,2480577238,Freddy Fermin
San Diego Padres v Boston Red Sox,2025-08-10T09:40:00Z,San Diego Padres,Boston Red Sox,Batter Runs,Roman Anthony,NA,2.5,46,Sportsbet,NA,18,13135,14242235,521690237,2480577240,NA
San Diego Padres v Boston Red Sox,2025-08-10T09:40:00Z,San Diego Padres,Boston Red Sox,Batter Runs,Alex Bregman,NA,2.5,41,Sportsbet,NA,18,13135,14242235,521690237,2480577241,NA
San Diego Padres v Boston Red Sox,2025-08-10T09:40:00Z,San Diego Padres,Boston Red Sox,Batter Runs,Fernando Tatis Jr.,San Diego Padres,2.5,34,Sportsbet,Boston Red Sox,18,13135,14242235,521690237,2480577248,Fernando Tatis Jr.
Los Angeles Dodgers v Toronto Blue Jays,2025-08-10T10:10:00Z,Los Angeles Dodgers,Toronto Blue Jays,Batter Runs,Davis Schneider,Toronto Blue Jays,1.5,8.25,Sportsbet,Los Angeles Dodgers,18,13135,14242224,521714451,2480675759,Davis Schneider
Los Angeles Dodgers v Toronto Blue Jays,2025-08-10T10:10:00Z,Los Angeles Dodgers,Toronto Blue Jays,Batter Runs,Daulton Varsho,NA,1.5,13,Sportsbet,NA,18,13135,14242224,521714451,2480706551,NA
Los Angeles Dodgers v Toronto Blue Jays,2025-08-10T10:10:00Z,Los Angeles Dodgers,Toronto Blue Jays,Batter Runs,Ernie Clement,Toronto Blue Jays,1.5,8.5,Sportsbet,Los Angeles Dodgers,18,13135,14242224,521714451,2480675760,Ernie Clement
Los Angeles Dodgers v Toronto Blue Jays,2025-08-10T10:10:00Z,Los Angeles Dodgers,Toronto Blue Jays,Batter Runs,Alejandro Kirk,Toronto Blue Jays,1.5,12,Sportsbet,Los Angeles Dodgers,18,13135,14242224,521714451,2480706552,Alejandro Kirk
Los Angeles Dodgers v Toronto Blue Jays,2025-08-10T10:10:00Z,Los Angeles Dodgers,Toronto Blue Jays,Batter Runs,Vladimir Guerrero Jr.,Toronto Blue Jays,1.5,7.25,Sportsbet,Los Angeles Dodgers,18,13135,14242224,521714451,2480675761,Vladimir Guerrero Jr.
Los Angeles Dodgers v Toronto Blue Jays,2025-08-10T10:10:00Z,Los Angeles Dodgers,Toronto Blue Jays,Batter Runs,Bo Bichette,Toronto Blue Jays,1.5,9.5,Sportsbet,Los Angeles Dodgers,18,13135,14242224,521714451,2480675762,Bo Bichette
Los Angeles Dodgers v Toronto Blue Jays,2025-08-10T10:10:00Z,Los Angeles Dodgers,Toronto Blue Jays,Batter Runs,Addison Barger,Toronto Blue Jays,1.5,12,Sportsbet,Los Angeles Dodgers,18,13135,14242224,521714451,2480675763,Addison Barger
Los Angeles Dodgers v Toronto Blue Jays,2025-08-10T10:10:00Z,Los Angeles Dodgers,Toronto Blue Jays,Batter Runs,Ty France,Minnesota Twins,1.5,14,Sportsbet,Los Angeles Dodgers,18,13135,14242224,521714451,2480675764,Ty France
Los Angeles Dodgers v Toronto Blue Jays,2025-08-10T10:10:00Z,Los Angeles Dodgers,Toronto Blue Jays,Batter Runs,Myles Straw,Toronto Blue Jays,1.5,16,Sportsbet,Los Angeles Dodgers,18,13135,14242224,521714451,2480675765,Myles Straw
Los Angeles Dodgers v Toronto Blue Jays,2025-08-10T10:10:00Z,Los Angeles Dodgers,Toronto Blue Jays,Batter Runs,Shohei Ohtani,Los Angeles Dodgers,1.5,4.7,Sportsbet,Toronto Blue Jays,18,13135,14242224,521714451,2480675768,Shohei Ohtani
Los Angeles Dodgers v Toronto Blue Jays,2025-08-10T10:10:00Z,Los Angeles Dodgers,Toronto Blue Jays,Batter Runs,Mookie Betts,Los Angeles Dodgers,1.5,7.5,Sportsbet,Toronto Blue Jays,18,13135,14242224,521714451,2480675769,Mookie Betts
Los Angeles Dodgers v Toronto Blue Jays,2025-08-10T10:10:00Z,Los Angeles Dodgers,Toronto Blue Jays,Batter Runs,Freddie Freeman,Los Angeles Dodgers,1.5,8.5,Sportsbet,Toronto Blue Jays,18,13135,14242224,521714451,2480675770,Freddie Freeman
Los Angeles Dodgers v Toronto Blue Jays,2025-08-10T10:10:00Z,Los Angeles Dodgers,Toronto Blue Jays,Batter Runs,Will Smith,Los Angeles Dodgers,1.5,8.5,Sportsbet,Toronto Blue Jays,18,13135,14242224,521714451,2480675771,Will Smith
Los Angeles Dodgers v Toronto Blue Jays,2025-08-10T10:10:00Z,Los Angeles Dodgers,Toronto Blue Jays,Batter Runs,Max Muncy,Los Angeles Dodgers,1.5,8.5,Sportsbet,Toronto Blue Jays,18,13135,14242224,521714451,2480675772,Max Muncy
Los Angeles Dodgers v Toronto Blue Jays,2025-08-10T10:10:00Z,Los Angeles Dodgers,Toronto Blue Jays,Batter Runs,Teoscar Hernandez,Los Angeles Dodgers,1.5,9.5,Sportsbet,Toronto Blue Jays,18,13135,14242224,521714451,2480675773,Teoscar Hernández
Los Angeles Dodgers v Toronto Blue Jays,2025-08-10T10:10:00Z,Los Angeles Dodgers,Toronto Blue Jays,Batter Runs,Michael Conforto,Los Angeles Dodgers,1.5,11.5,Sportsbet,Toronto Blue Jays,18,13135,14242224,521714451,2480675774,Michael Conforto
Los Angeles Dodgers v Toronto Blue Jays,2025-08-10T10:10:00Z,Los Angeles Dodgers,Toronto Blue Jays,Batter Runs,Andy Pages,Los Angeles Dodgers,1.5,11,Sportsbet,Toronto Blue Jays,18,13135,14242224,521714451,2480675775,Andy Pages
Los Angeles Dodgers v Toronto Blue Jays,2025-08-10T10:10:00Z,Los Angeles Dodgers,Toronto Blue Jays,Batter Runs,Alex Freeland,NA,1.5,12.5,Sportsbet,NA,18,13135,14242224,521714451,2480675776,NA
Los Angeles Dodgers v Toronto Blue Jays,2025-08-10T10:10:00Z,Los Angeles Dodgers,Toronto Blue Jays,Batter Runs,Vladimir Guerrero Jr.,Toronto Blue Jays,2.5,41,Sportsbet,Los Angeles Dodgers,18,13135,14242224,521714452,2480675779,Vladimir Guerrero Jr.
Los Angeles Dodgers v Toronto Blue Jays,2025-08-10T10:10:00Z,Los Angeles Dodgers,Toronto Blue Jays,Batter Runs,Shohei Ohtani,Los Angeles Dodgers,2.5,19,Sportsbet,Toronto Blue Jays,18,13135,14242224,521714452,2480675786,Shohei Ohtani
Los Angeles Dodgers v Toronto Blue Jays,2025-08-10T10:10:00Z,Los Angeles Dodgers,Toronto Blue Jays,Batter Runs,Mookie Betts,Los Angeles Dodgers,2.5,34,Sportsbet,Toronto Blue Jays,18,13135,14242224,521714452,2480675787,Mookie Betts
Seattle Mariners v Tampa Bay Rays,2025-08-10T10:40:00Z,Seattle Mariners,Tampa Bay Rays,Batter Runs,Chandler Simpson,NA,1.5,10.5,Sportsbet,NA,18,13135,14242226,521690644,2480578985,NA
Seattle Mariners v Tampa Bay Rays,2025-08-10T10:40:00Z,Seattle Mariners,Tampa Bay Rays,Batter Runs,Taylor Walls,Tampa Bay Rays,1.5,15,Sportsbet,Seattle Mariners,18,13135,14242226,521690644,2480704339,Taylor Walls
Seattle Mariners v Tampa Bay Rays,2025-08-10T10:40:00Z,Seattle Mariners,Tampa Bay Rays,Batter Runs,Yandy Diaz,Tampa Bay Rays,1.5,8.5,Sportsbet,Seattle Mariners,18,13135,14242226,521690644,2480578986,Yandy Díaz
Seattle Mariners v Tampa Bay Rays,2025-08-10T10:40:00Z,Seattle Mariners,Tampa Bay Rays,Batter Runs,Brandon Lowe,Tampa Bay Rays,1.5,9.25,Sportsbet,Seattle Mariners,18,13135,14242226,521690644,2480578987,Brandon Lowe
Seattle Mariners v Tampa Bay Rays,2025-08-10T10:40:00Z,Seattle Mariners,Tampa Bay Rays,Batter Runs,Junior Caminero,Tampa Bay Rays,1.5,9.75,Sportsbet,Seattle Mariners,18,13135,14242226,521690644,2480578988,Junior Caminero
Seattle Mariners v Tampa Bay Rays,2025-08-10T10:40:00Z,Seattle Mariners,Tampa Bay Rays,Batter Runs,Josh Lowe,Tampa Bay Rays,1.5,10.5,Sportsbet,Seattle Mariners,18,13135,14242226,521690644,2480578989,Josh Lowe
Seattle Mariners v Tampa Bay Rays,2025-08-10T10:40:00Z,Seattle Mariners,Tampa Bay Rays,Batter Runs,Ha-Seong Kim,NA,1.5,12.5,Sportsbet,NA,18,13135,14242226,521690644,2480578990,NA
Seattle Mariners v Tampa Bay Rays,2025-08-10T10:40:00Z,Seattle Mariners,Tampa Bay Rays,Batter Runs,Jake Mangum,Tampa Bay Rays,1.5,14,Sportsbet,Seattle Mariners,18,13135,14242226,521690644,2480578991,Jake Mangum
Seattle Mariners v Tampa Bay Rays,2025-08-10T10:40:00Z,Seattle Mariners,Tampa Bay Rays,Batter Runs,Hunter Feduccia,NA,1.5,15,Sportsbet,NA,18,13135,14242226,521690644,2480578993,NA
Seattle Mariners v Tampa Bay Rays,2025-08-10T10:40:00Z,Seattle Mariners,Tampa Bay Rays,Batter Runs,Randy Arozarena,Seattle Mariners,1.5,6.75,Sportsbet,Tampa Bay Rays,18,13135,14242226,521690644,2480578994,Randy Arozarena
Seattle Mariners v Tampa Bay Rays,2025-08-10T10:40:00Z,Seattle Mariners,Tampa Bay Rays,Batter Runs,Donovan Solano,Seattle Mariners,1.5,15,Sportsbet,Tampa Bay Rays,18,13135,14242226,521690644,2480704340,Donovan Solano
Seattle Mariners v Tampa Bay Rays,2025-08-10T10:40:00Z,Seattle Mariners,Tampa Bay Rays,Batter Runs,Cal Raleigh,Seattle Mariners,1.5,7,Sportsbet,Tampa Bay Rays,18,13135,14242226,521690644,2480578995,Cal Raleigh
Seattle Mariners v Tampa Bay Rays,2025-08-10T10:40:00Z,Seattle Mariners,Tampa Bay Rays,Batter Runs,Julio Rodriguez,Seattle Mariners,1.5,9.75,Sportsbet,Tampa Bay Rays,18,13135,14242226,521690644,2480578996,Julio Rodríguez
Seattle Mariners v Tampa Bay Rays,2025-08-10T10:40:00Z,Seattle Mariners,Tampa Bay Rays,Batter Runs,Eugenio Suarez,Arizona Diamondbacks,1.5,10,Sportsbet,Seattle Mariners,18,13135,14242226,521690644,2480578998,Eugenio Suárez
Seattle Mariners v Tampa Bay Rays,2025-08-10T10:40:00Z,Seattle Mariners,Tampa Bay Rays,Batter Runs,Jorge Polanco,Seattle Mariners,1.5,10,Sportsbet,Tampa Bay Rays,18,13135,14242226,521690644,2480578999,Jorge Polanco
Seattle Mariners v Tampa Bay Rays,2025-08-10T10:40:00Z,Seattle Mariners,Tampa Bay Rays,Batter Runs,Dominic Canzone,NA,1.5,13,Sportsbet,NA,18,13135,14242226,521690644,2480579000,NA
Seattle Mariners v Tampa Bay Rays,2025-08-10T10:40:00Z,Seattle Mariners,Tampa Bay Rays,Batter Runs,J.P. Crawford,Seattle Mariners,1.5,13,Sportsbet,Tampa Bay Rays,18,13135,14242226,521690644,2480579001,J.P. Crawford
Seattle Mariners v Tampa Bay Rays,2025-08-10T10:40:00Z,Seattle Mariners,Tampa Bay Rays,Batter Runs,Cole Young,Seattle Mariners,1.5,14,Sportsbet,Tampa Bay Rays,18,13135,14242226,521690644,2480579002,Cole Young
Seattle Mariners v Tampa Bay Rays,2025-08-10T10:40:00Z,Seattle Mariners,Tampa Bay Rays,Batter Runs,Randy Arozarena,Seattle Mariners,2.5,34,Sportsbet,Tampa Bay Rays,18,13135,14242226,521690645,2480579012,Randy Arozarena
Seattle Mariners v Tampa Bay Rays,2025-08-10T10:40:00Z,Seattle Mariners,Tampa Bay Rays,Batter Runs,Cal Raleigh,Seattle Mariners,2.5,34,Sportsbet,Tampa Bay Rays,18,13135,14242226,521690645,2480579013,Cal Raleigh
