match,home_team,away_team,start_time,market_name,player_name,player_team,opposition_team,line,over_price,prop_id,agency,original_roster_name
Chicago Cubs v Boston Red Sox,Chicago Cubs,Boston Red Sox,2025-07-19 03:50:00,Pitcher Strikeouts,C. Rea,NA,NA,2.5,1.2,760275,TAB,NA
Chicago Cubs v Boston Red Sox,Chicago Cubs,Boston Red Sox,2025-07-19 03:50:00,Pitcher Strikeouts,C. Rea,NA,NA,3.5,1.52,760276,TAB,NA
Chicago Cubs v Boston Red Sox,Chicago Cubs,Boston Red Sox,2025-07-19 03:50:00,Pitcher Strikeouts,C. Rea,NA,NA,4.5,2.15,760277,TAB,NA
Chicago Cubs v Boston Red Sox,Chicago Cubs,Boston Red Sox,2025-07-19 03:50:00,Pitcher Strikeouts,C. Rea,NA,NA,5.5,3.2,760278,TAB,NA
Chicago Cubs v Boston Red Sox,Chicago Cubs,Boston Red Sox,2025-07-19 03:50:00,Pitcher Strikeouts,C. Rea,NA,NA,6.5,5.5,760279,TAB,NA
Chicago Cubs v Boston Red Sox,Chicago Cubs,Boston Red Sox,2025-07-19 03:50:00,Pitcher Strikeouts,C. Rea,NA,NA,7.5,11,760280,TAB,NA
Chicago Cubs v Boston Red Sox,Chicago Cubs,Boston Red Sox,2025-07-19 03:50:00,Pitcher Strikeouts,C. Rea,NA,NA,8.5,23,760281,TAB,NA
Chicago Cubs v Boston Red Sox,Chicago Cubs,Boston Red Sox,2025-07-19 03:50:00,Pitcher Strikeouts,C. Rea,NA,NA,9.5,51,760282,TAB,NA
Chicago Cubs v Boston Red Sox,Chicago Cubs,Boston Red Sox,2025-07-19 03:50:00,Pitcher Strikeouts,L. Giolito,NA,NA,2.5,1.05,760305,TAB,NA
Chicago Cubs v Boston Red Sox,Chicago Cubs,Boston Red Sox,2025-07-19 03:50:00,Pitcher Strikeouts,L. Giolito,NA,NA,3.5,1.2,760306,TAB,NA
Chicago Cubs v Boston Red Sox,Chicago Cubs,Boston Red Sox,2025-07-19 03:50:00,Pitcher Strikeouts,L. Giolito,NA,NA,4.5,1.48,760307,TAB,NA
Chicago Cubs v Boston Red Sox,Chicago Cubs,Boston Red Sox,2025-07-19 03:50:00,Pitcher Strikeouts,L. Giolito,NA,NA,5.5,1.95,760308,TAB,NA
Chicago Cubs v Boston Red Sox,Chicago Cubs,Boston Red Sox,2025-07-19 03:50:00,Pitcher Strikeouts,L. Giolito,NA,NA,6.5,2.8,760309,TAB,NA
Chicago Cubs v Boston Red Sox,Chicago Cubs,Boston Red Sox,2025-07-19 03:50:00,Pitcher Strikeouts,L. Giolito,NA,NA,7.5,4.5,760310,TAB,NA
Chicago Cubs v Boston Red Sox,Chicago Cubs,Boston Red Sox,2025-07-19 03:50:00,Pitcher Strikeouts,L. Giolito,NA,NA,8.5,8,760311,TAB,NA
Chicago Cubs v Boston Red Sox,Chicago Cubs,Boston Red Sox,2025-07-19 03:50:00,Pitcher Strikeouts,L. Giolito,NA,NA,9.5,15,760312,TAB,NA
Chicago Cubs v Boston Red Sox,Chicago Cubs,Boston Red Sox,2025-07-19 03:50:00,Pitcher Strikeouts,L. Giolito,NA,NA,10.5,34,760313,TAB,NA
Chicago Cubs v Boston Red Sox,Chicago Cubs,Boston Red Sox,2025-07-19 03:50:00,Pitcher Strikeouts,L. Giolito,NA,NA,11.5,67,760314,TAB,NA
Pittsburgh Pirates v Chicago White Sox,Pittsburgh Pirates,Chicago White Sox,2025-07-19 08:10:00,Pitcher Strikeouts,J. Cannon,NA,NA,2.5,1.36,768052,TAB,NA
Pittsburgh Pirates v Chicago White Sox,Pittsburgh Pirates,Chicago White Sox,2025-07-19 08:10:00,Pitcher Strikeouts,J. Cannon,NA,NA,3.5,1.85,768053,TAB,NA
Pittsburgh Pirates v Chicago White Sox,Pittsburgh Pirates,Chicago White Sox,2025-07-19 08:10:00,Pitcher Strikeouts,J. Cannon,NA,NA,4.5,2.8,768054,TAB,NA
Pittsburgh Pirates v Chicago White Sox,Pittsburgh Pirates,Chicago White Sox,2025-07-19 08:10:00,Pitcher Strikeouts,J. Cannon,NA,NA,5.5,4.75,768055,TAB,NA
Pittsburgh Pirates v Chicago White Sox,Pittsburgh Pirates,Chicago White Sox,2025-07-19 08:10:00,Pitcher Strikeouts,J. Cannon,NA,NA,6.5,8.5,768056,TAB,NA
Pittsburgh Pirates v Chicago White Sox,Pittsburgh Pirates,Chicago White Sox,2025-07-19 08:10:00,Pitcher Strikeouts,J. Cannon,NA,NA,7.5,19,768057,TAB,NA
Pittsburgh Pirates v Chicago White Sox,Pittsburgh Pirates,Chicago White Sox,2025-07-19 08:10:00,Pitcher Strikeouts,J. Cannon,NA,NA,8.5,51,768058,TAB,NA
Pittsburgh Pirates v Chicago White Sox,Pittsburgh Pirates,Chicago White Sox,2025-07-19 08:10:00,Pitcher Strikeouts,B. Falter,NA,NA,2.5,1.38,768022,TAB,NA
Pittsburgh Pirates v Chicago White Sox,Pittsburgh Pirates,Chicago White Sox,2025-07-19 08:10:00,Pitcher Strikeouts,B. Falter,NA,NA,3.5,1.9,768023,TAB,NA
Pittsburgh Pirates v Chicago White Sox,Pittsburgh Pirates,Chicago White Sox,2025-07-19 08:10:00,Pitcher Strikeouts,B. Falter,NA,NA,4.5,2.9,768024,TAB,NA
Pittsburgh Pirates v Chicago White Sox,Pittsburgh Pirates,Chicago White Sox,2025-07-19 08:10:00,Pitcher Strikeouts,B. Falter,NA,NA,5.5,5,768025,TAB,NA
Pittsburgh Pirates v Chicago White Sox,Pittsburgh Pirates,Chicago White Sox,2025-07-19 08:10:00,Pitcher Strikeouts,B. Falter,NA,NA,6.5,10,768026,TAB,NA
Pittsburgh Pirates v Chicago White Sox,Pittsburgh Pirates,Chicago White Sox,2025-07-19 08:10:00,Pitcher Strikeouts,B. Falter,NA,NA,7.5,23,768027,TAB,NA
Pittsburgh Pirates v Chicago White Sox,Pittsburgh Pirates,Chicago White Sox,2025-07-19 08:10:00,Pitcher Strikeouts,B. Falter,NA,NA,8.5,51,768028,TAB,NA
Philadelphia Phillies v Los Angeles Angels,Philadelphia Phillies,Los Angeles Angels,2025-07-19 08:15:00,Pitcher Strikeouts,J. Luzardo,NA,NA,3.5,1.07,768441,TAB,NA
Philadelphia Phillies v Los Angeles Angels,Philadelphia Phillies,Los Angeles Angels,2025-07-19 08:15:00,Pitcher Strikeouts,J. Luzardo,NA,NA,4.5,1.2,768442,TAB,NA
Philadelphia Phillies v Los Angeles Angels,Philadelphia Phillies,Los Angeles Angels,2025-07-19 08:15:00,Pitcher Strikeouts,J. Luzardo,NA,NA,5.5,1.45,768443,TAB,NA
Philadelphia Phillies v Los Angeles Angels,Philadelphia Phillies,Los Angeles Angels,2025-07-19 08:15:00,Pitcher Strikeouts,J. Luzardo,NA,NA,6.5,1.85,768444,TAB,NA
Philadelphia Phillies v Los Angeles Angels,Philadelphia Phillies,Los Angeles Angels,2025-07-19 08:15:00,Pitcher Strikeouts,J. Luzardo,NA,NA,7.5,2.5,768445,TAB,NA
Philadelphia Phillies v Los Angeles Angels,Philadelphia Phillies,Los Angeles Angels,2025-07-19 08:15:00,Pitcher Strikeouts,J. Luzardo,NA,NA,8.5,3.6,768446,TAB,NA
Philadelphia Phillies v Los Angeles Angels,Philadelphia Phillies,Los Angeles Angels,2025-07-19 08:15:00,Pitcher Strikeouts,J. Luzardo,NA,NA,9.5,6,768447,TAB,NA
Philadelphia Phillies v Los Angeles Angels,Philadelphia Phillies,Los Angeles Angels,2025-07-19 08:15:00,Pitcher Strikeouts,J. Luzardo,NA,NA,10.5,10,768448,TAB,NA
Philadelphia Phillies v Los Angeles Angels,Philadelphia Phillies,Los Angeles Angels,2025-07-19 08:15:00,Pitcher Strikeouts,J. Luzardo,NA,NA,11.5,21,768449,TAB,NA
Washington Nationals v San Diego Padres,Washington Nationals,San Diego Padres,2025-07-19 08:15:00,Pitcher Strikeouts,M. Soroka,NA,NA,2.5,1.17,768236,TAB,NA
Washington Nationals v San Diego Padres,Washington Nationals,San Diego Padres,2025-07-19 08:15:00,Pitcher Strikeouts,M. Soroka,NA,NA,3.5,1.48,768237,TAB,NA
Washington Nationals v San Diego Padres,Washington Nationals,San Diego Padres,2025-07-19 08:15:00,Pitcher Strikeouts,M. Soroka,NA,NA,4.5,2,768238,TAB,NA
Washington Nationals v San Diego Padres,Washington Nationals,San Diego Padres,2025-07-19 08:15:00,Pitcher Strikeouts,M. Soroka,NA,NA,5.5,3,768239,TAB,NA
Washington Nationals v San Diego Padres,Washington Nationals,San Diego Padres,2025-07-19 08:15:00,Pitcher Strikeouts,M. Soroka,NA,NA,6.5,5,768240,TAB,NA
Washington Nationals v San Diego Padres,Washington Nationals,San Diego Padres,2025-07-19 08:15:00,Pitcher Strikeouts,M. Soroka,NA,NA,7.5,9,768241,TAB,NA
Washington Nationals v San Diego Padres,Washington Nationals,San Diego Padres,2025-07-19 08:15:00,Pitcher Strikeouts,M. Soroka,NA,NA,8.5,21,768242,TAB,NA
Washington Nationals v San Diego Padres,Washington Nationals,San Diego Padres,2025-07-19 08:15:00,Pitcher Strikeouts,M. Soroka,NA,NA,9.5,51,768243,TAB,NA
Washington Nationals v San Diego Padres,Washington Nationals,San Diego Padres,2025-07-19 08:15:00,Pitcher Strikeouts,D. Cease,NA,NA,3.5,1.14,768257,TAB,NA
Washington Nationals v San Diego Padres,Washington Nationals,San Diego Padres,2025-07-19 08:15:00,Pitcher Strikeouts,D. Cease,NA,NA,4.5,1.35,768258,TAB,NA
Washington Nationals v San Diego Padres,Washington Nationals,San Diego Padres,2025-07-19 08:15:00,Pitcher Strikeouts,D. Cease,NA,NA,5.5,1.68,768259,TAB,NA
Washington Nationals v San Diego Padres,Washington Nationals,San Diego Padres,2025-07-19 08:15:00,Pitcher Strikeouts,D. Cease,NA,NA,6.5,2.25,768260,TAB,NA
Washington Nationals v San Diego Padres,Washington Nationals,San Diego Padres,2025-07-19 08:15:00,Pitcher Strikeouts,D. Cease,NA,NA,7.5,3.4,768261,TAB,NA
Washington Nationals v San Diego Padres,Washington Nationals,San Diego Padres,2025-07-19 08:15:00,Pitcher Strikeouts,D. Cease,NA,NA,8.5,5.5,768262,TAB,NA
Washington Nationals v San Diego Padres,Washington Nationals,San Diego Padres,2025-07-19 08:15:00,Pitcher Strikeouts,D. Cease,NA,NA,9.5,10,768263,TAB,NA
Washington Nationals v San Diego Padres,Washington Nationals,San Diego Padres,2025-07-19 08:15:00,Pitcher Strikeouts,D. Cease,NA,NA,10.5,19,768264,TAB,NA
Washington Nationals v San Diego Padres,Washington Nationals,San Diego Padres,2025-07-19 08:15:00,Pitcher Strikeouts,D. Cease,NA,NA,11.5,41,768265,TAB,NA
Toronto Blue Jays v San Francisco Giants,Toronto Blue Jays,San Francisco Giants,2025-07-19 08:37:00,Pitcher Strikeouts,C. Bassitt,NA,NA,2.5,1.07,768654,TAB,NA
Toronto Blue Jays v San Francisco Giants,Toronto Blue Jays,San Francisco Giants,2025-07-19 08:37:00,Pitcher Strikeouts,C. Bassitt,NA,NA,3.5,1.25,768655,TAB,NA
Toronto Blue Jays v San Francisco Giants,Toronto Blue Jays,San Francisco Giants,2025-07-19 08:37:00,Pitcher Strikeouts,C. Bassitt,NA,NA,4.5,1.55,768656,TAB,NA
Toronto Blue Jays v San Francisco Giants,Toronto Blue Jays,San Francisco Giants,2025-07-19 08:37:00,Pitcher Strikeouts,C. Bassitt,NA,NA,5.5,2.05,768657,TAB,NA
Toronto Blue Jays v San Francisco Giants,Toronto Blue Jays,San Francisco Giants,2025-07-19 08:37:00,Pitcher Strikeouts,C. Bassitt,NA,NA,6.5,3,768658,TAB,NA
Toronto Blue Jays v San Francisco Giants,Toronto Blue Jays,San Francisco Giants,2025-07-19 08:37:00,Pitcher Strikeouts,C. Bassitt,NA,NA,7.5,4.75,768659,TAB,NA
Toronto Blue Jays v San Francisco Giants,Toronto Blue Jays,San Francisco Giants,2025-07-19 08:37:00,Pitcher Strikeouts,C. Bassitt,NA,NA,8.5,8,768660,TAB,NA
Toronto Blue Jays v San Francisco Giants,Toronto Blue Jays,San Francisco Giants,2025-07-19 08:37:00,Pitcher Strikeouts,C. Bassitt,NA,NA,9.5,15,768661,TAB,NA
Toronto Blue Jays v San Francisco Giants,Toronto Blue Jays,San Francisco Giants,2025-07-19 08:37:00,Pitcher Strikeouts,C. Bassitt,NA,NA,10.5,34,768662,TAB,NA
Toronto Blue Jays v San Francisco Giants,Toronto Blue Jays,San Francisco Giants,2025-07-19 08:37:00,Pitcher Strikeouts,C. Bassitt,NA,NA,11.5,67,768663,TAB,NA
Toronto Blue Jays v San Francisco Giants,Toronto Blue Jays,San Francisco Giants,2025-07-19 08:37:00,Pitcher Strikeouts,J. Verlander,NA,NA,2.5,1.26,768694,TAB,NA
Toronto Blue Jays v San Francisco Giants,Toronto Blue Jays,San Francisco Giants,2025-07-19 08:37:00,Pitcher Strikeouts,J. Verlander,NA,NA,3.5,1.65,768695,TAB,NA
Toronto Blue Jays v San Francisco Giants,Toronto Blue Jays,San Francisco Giants,2025-07-19 08:37:00,Pitcher Strikeouts,J. Verlander,NA,NA,4.5,2.3,768696,TAB,NA
Toronto Blue Jays v San Francisco Giants,Toronto Blue Jays,San Francisco Giants,2025-07-19 08:37:00,Pitcher Strikeouts,J. Verlander,NA,NA,5.5,3.6,768697,TAB,NA
Toronto Blue Jays v San Francisco Giants,Toronto Blue Jays,San Francisco Giants,2025-07-19 08:37:00,Pitcher Strikeouts,J. Verlander,NA,NA,6.5,6.5,768698,TAB,NA
Toronto Blue Jays v San Francisco Giants,Toronto Blue Jays,San Francisco Giants,2025-07-19 08:37:00,Pitcher Strikeouts,J. Verlander,NA,NA,7.5,13,768699,TAB,NA
Toronto Blue Jays v San Francisco Giants,Toronto Blue Jays,San Francisco Giants,2025-07-19 08:37:00,Pitcher Strikeouts,J. Verlander,NA,NA,8.5,26,768700,TAB,NA
Cleveland Guardians v Oakland Athletics,Cleveland Guardians,Oakland Athletics,2025-07-19 08:40:00,Pitcher Strikeouts,S. Cecconi,NA,NA,2.5,1.05,768868,TAB,NA
Cleveland Guardians v Oakland Athletics,Cleveland Guardians,Oakland Athletics,2025-07-19 08:40:00,Pitcher Strikeouts,S. Cecconi,NA,NA,3.5,1.2,768869,TAB,NA
Cleveland Guardians v Oakland Athletics,Cleveland Guardians,Oakland Athletics,2025-07-19 08:40:00,Pitcher Strikeouts,S. Cecconi,NA,NA,4.5,1.48,768870,TAB,NA
Cleveland Guardians v Oakland Athletics,Cleveland Guardians,Oakland Athletics,2025-07-19 08:40:00,Pitcher Strikeouts,S. Cecconi,NA,NA,5.5,1.95,768871,TAB,NA
Cleveland Guardians v Oakland Athletics,Cleveland Guardians,Oakland Athletics,2025-07-19 08:40:00,Pitcher Strikeouts,S. Cecconi,NA,NA,6.5,2.8,768872,TAB,NA
Cleveland Guardians v Oakland Athletics,Cleveland Guardians,Oakland Athletics,2025-07-19 08:40:00,Pitcher Strikeouts,S. Cecconi,NA,NA,7.5,4.5,768873,TAB,NA
Cleveland Guardians v Oakland Athletics,Cleveland Guardians,Oakland Athletics,2025-07-19 08:40:00,Pitcher Strikeouts,S. Cecconi,NA,NA,8.5,8,768874,TAB,NA
Cleveland Guardians v Oakland Athletics,Cleveland Guardians,Oakland Athletics,2025-07-19 08:40:00,Pitcher Strikeouts,S. Cecconi,NA,NA,9.5,15,768875,TAB,NA
Cleveland Guardians v Oakland Athletics,Cleveland Guardians,Oakland Athletics,2025-07-19 08:40:00,Pitcher Strikeouts,S. Cecconi,NA,NA,10.5,34,768876,TAB,NA
Cleveland Guardians v Oakland Athletics,Cleveland Guardians,Oakland Athletics,2025-07-19 08:40:00,Pitcher Strikeouts,J. Sears,NA,NA,2.5,1.28,768898,TAB,NA
Cleveland Guardians v Oakland Athletics,Cleveland Guardians,Oakland Athletics,2025-07-19 08:40:00,Pitcher Strikeouts,J. Sears,NA,NA,3.5,1.68,768899,TAB,NA
Cleveland Guardians v Oakland Athletics,Cleveland Guardians,Oakland Athletics,2025-07-19 08:40:00,Pitcher Strikeouts,J. Sears,NA,NA,4.5,2.5,768900,TAB,NA
Cleveland Guardians v Oakland Athletics,Cleveland Guardians,Oakland Athletics,2025-07-19 08:40:00,Pitcher Strikeouts,J. Sears,NA,NA,5.5,4,768901,TAB,NA
Cleveland Guardians v Oakland Athletics,Cleveland Guardians,Oakland Athletics,2025-07-19 08:40:00,Pitcher Strikeouts,J. Sears,NA,NA,6.5,7.5,768902,TAB,NA
Cleveland Guardians v Oakland Athletics,Cleveland Guardians,Oakland Athletics,2025-07-19 08:40:00,Pitcher Strikeouts,J. Sears,NA,NA,7.5,15,768903,TAB,NA
Cleveland Guardians v Oakland Athletics,Cleveland Guardians,Oakland Athletics,2025-07-19 08:40:00,Pitcher Strikeouts,J. Sears,NA,NA,8.5,41,768904,TAB,NA
New York Mets v Cincinnati Reds,New York Mets,Cincinnati Reds,2025-07-19 08:40:00,Pitcher Strikeouts,S. Manaea,NA,NA,2.5,1.05,769306,TAB,NA
New York Mets v Cincinnati Reds,New York Mets,Cincinnati Reds,2025-07-19 08:40:00,Pitcher Strikeouts,S. Manaea,NA,NA,3.5,1.2,769307,TAB,NA
New York Mets v Cincinnati Reds,New York Mets,Cincinnati Reds,2025-07-19 08:40:00,Pitcher Strikeouts,S. Manaea,NA,NA,4.5,1.45,769308,TAB,NA
New York Mets v Cincinnati Reds,New York Mets,Cincinnati Reds,2025-07-19 08:40:00,Pitcher Strikeouts,S. Manaea,NA,NA,5.5,1.9,769309,TAB,NA
New York Mets v Cincinnati Reds,New York Mets,Cincinnati Reds,2025-07-19 08:40:00,Pitcher Strikeouts,S. Manaea,NA,NA,6.5,2.7,769310,TAB,NA
New York Mets v Cincinnati Reds,New York Mets,Cincinnati Reds,2025-07-19 08:40:00,Pitcher Strikeouts,S. Manaea,NA,NA,7.5,4.25,769311,TAB,NA
New York Mets v Cincinnati Reds,New York Mets,Cincinnati Reds,2025-07-19 08:40:00,Pitcher Strikeouts,S. Manaea,NA,NA,8.5,7,769312,TAB,NA
New York Mets v Cincinnati Reds,New York Mets,Cincinnati Reds,2025-07-19 08:40:00,Pitcher Strikeouts,S. Manaea,NA,NA,9.5,13,769313,TAB,NA
New York Mets v Cincinnati Reds,New York Mets,Cincinnati Reds,2025-07-19 08:40:00,Pitcher Strikeouts,S. Manaea,NA,NA,10.5,26,769314,TAB,NA
New York Mets v Cincinnati Reds,New York Mets,Cincinnati Reds,2025-07-19 08:40:00,Pitcher Strikeouts,N. Lodolo,NA,NA,2.5,1.08,769326,TAB,NA
New York Mets v Cincinnati Reds,New York Mets,Cincinnati Reds,2025-07-19 08:40:00,Pitcher Strikeouts,N. Lodolo,NA,NA,3.5,1.25,769327,TAB,NA
New York Mets v Cincinnati Reds,New York Mets,Cincinnati Reds,2025-07-19 08:40:00,Pitcher Strikeouts,N. Lodolo,NA,NA,4.5,1.55,769328,TAB,NA
New York Mets v Cincinnati Reds,New York Mets,Cincinnati Reds,2025-07-19 08:40:00,Pitcher Strikeouts,N. Lodolo,NA,NA,5.5,2.05,769329,TAB,NA
New York Mets v Cincinnati Reds,New York Mets,Cincinnati Reds,2025-07-19 08:40:00,Pitcher Strikeouts,N. Lodolo,NA,NA,6.5,3,769330,TAB,NA
New York Mets v Cincinnati Reds,New York Mets,Cincinnati Reds,2025-07-19 08:40:00,Pitcher Strikeouts,N. Lodolo,NA,NA,7.5,5,769331,TAB,NA
New York Mets v Cincinnati Reds,New York Mets,Cincinnati Reds,2025-07-19 08:40:00,Pitcher Strikeouts,N. Lodolo,NA,NA,8.5,9,769332,TAB,NA
New York Mets v Cincinnati Reds,New York Mets,Cincinnati Reds,2025-07-19 08:40:00,Pitcher Strikeouts,N. Lodolo,NA,NA,9.5,21,769333,TAB,NA
New York Mets v Cincinnati Reds,New York Mets,Cincinnati Reds,2025-07-19 08:40:00,Pitcher Strikeouts,N. Lodolo,NA,NA,10.5,41,769334,TAB,NA
Atlanta Braves v New York Yankees,Atlanta Braves,New York Yankees,2025-07-19 08:45:00,Pitcher Strikeouts,S. Strider,NA,NA,4.5,1.04,769512,TAB,NA
Atlanta Braves v New York Yankees,Atlanta Braves,New York Yankees,2025-07-19 08:45:00,Pitcher Strikeouts,S. Strider,NA,NA,5.5,1.14,769513,TAB,NA
Atlanta Braves v New York Yankees,Atlanta Braves,New York Yankees,2025-07-19 08:45:00,Pitcher Strikeouts,S. Strider,NA,NA,6.5,1.33,769514,TAB,NA
Atlanta Braves v New York Yankees,Atlanta Braves,New York Yankees,2025-07-19 08:45:00,Pitcher Strikeouts,S. Strider,NA,NA,7.5,1.62,769515,TAB,NA
Atlanta Braves v New York Yankees,Atlanta Braves,New York Yankees,2025-07-19 08:45:00,Pitcher Strikeouts,S. Strider,NA,NA,8.5,2.1,769516,TAB,NA
Atlanta Braves v New York Yankees,Atlanta Braves,New York Yankees,2025-07-19 08:45:00,Pitcher Strikeouts,S. Strider,NA,NA,9.5,2.9,769517,TAB,NA
Atlanta Braves v New York Yankees,Atlanta Braves,New York Yankees,2025-07-19 08:45:00,Pitcher Strikeouts,S. Strider,NA,NA,10.5,4.5,769518,TAB,NA
Atlanta Braves v New York Yankees,Atlanta Braves,New York Yankees,2025-07-19 08:45:00,Pitcher Strikeouts,S. Strider,NA,NA,11.5,7.5,769519,TAB,NA
Tampa Bay Rays v Baltimore Orioles,Tampa Bay Rays,Baltimore Orioles,2025-07-19 09:05:00,Pitcher Strikeouts,T. Bradley,NA,NA,2.5,1.05,769724,TAB,NA
Tampa Bay Rays v Baltimore Orioles,Tampa Bay Rays,Baltimore Orioles,2025-07-19 09:05:00,Pitcher Strikeouts,T. Bradley,NA,NA,3.5,1.19,769725,TAB,NA
Tampa Bay Rays v Baltimore Orioles,Tampa Bay Rays,Baltimore Orioles,2025-07-19 09:05:00,Pitcher Strikeouts,T. Bradley,NA,NA,4.5,1.45,769726,TAB,NA
Tampa Bay Rays v Baltimore Orioles,Tampa Bay Rays,Baltimore Orioles,2025-07-19 09:05:00,Pitcher Strikeouts,T. Bradley,NA,NA,5.5,1.9,769727,TAB,NA
Tampa Bay Rays v Baltimore Orioles,Tampa Bay Rays,Baltimore Orioles,2025-07-19 09:05:00,Pitcher Strikeouts,T. Bradley,NA,NA,6.5,2.7,769728,TAB,NA
Tampa Bay Rays v Baltimore Orioles,Tampa Bay Rays,Baltimore Orioles,2025-07-19 09:05:00,Pitcher Strikeouts,T. Bradley,NA,NA,7.5,4.25,769729,TAB,NA
Tampa Bay Rays v Baltimore Orioles,Tampa Bay Rays,Baltimore Orioles,2025-07-19 09:05:00,Pitcher Strikeouts,T. Bradley,NA,NA,8.5,7.5,769730,TAB,NA
Tampa Bay Rays v Baltimore Orioles,Tampa Bay Rays,Baltimore Orioles,2025-07-19 09:05:00,Pitcher Strikeouts,T. Bradley,NA,NA,9.5,13,769731,TAB,NA
Tampa Bay Rays v Baltimore Orioles,Tampa Bay Rays,Baltimore Orioles,2025-07-19 09:05:00,Pitcher Strikeouts,T. Bradley,NA,NA,10.5,26,769732,TAB,NA
Tampa Bay Rays v Baltimore Orioles,Tampa Bay Rays,Baltimore Orioles,2025-07-19 09:05:00,Pitcher Strikeouts,T. Bradley,NA,NA,11.5,67,769733,TAB,NA
Tampa Bay Rays v Baltimore Orioles,Tampa Bay Rays,Baltimore Orioles,2025-07-19 09:05:00,Pitcher Strikeouts,C. Morton,NA,NA,2.5,1.1,769754,TAB,NA
Tampa Bay Rays v Baltimore Orioles,Tampa Bay Rays,Baltimore Orioles,2025-07-19 09:05:00,Pitcher Strikeouts,C. Morton,NA,NA,3.5,1.28,769755,TAB,NA
Tampa Bay Rays v Baltimore Orioles,Tampa Bay Rays,Baltimore Orioles,2025-07-19 09:05:00,Pitcher Strikeouts,C. Morton,NA,NA,4.5,1.62,769756,TAB,NA
Tampa Bay Rays v Baltimore Orioles,Tampa Bay Rays,Baltimore Orioles,2025-07-19 09:05:00,Pitcher Strikeouts,C. Morton,NA,NA,5.5,2.25,769757,TAB,NA
Tampa Bay Rays v Baltimore Orioles,Tampa Bay Rays,Baltimore Orioles,2025-07-19 09:05:00,Pitcher Strikeouts,C. Morton,NA,NA,6.5,3.4,769758,TAB,NA
Tampa Bay Rays v Baltimore Orioles,Tampa Bay Rays,Baltimore Orioles,2025-07-19 09:05:00,Pitcher Strikeouts,C. Morton,NA,NA,7.5,5.5,769759,TAB,NA
Tampa Bay Rays v Baltimore Orioles,Tampa Bay Rays,Baltimore Orioles,2025-07-19 09:05:00,Pitcher Strikeouts,C. Morton,NA,NA,8.5,10,769760,TAB,NA
Tampa Bay Rays v Baltimore Orioles,Tampa Bay Rays,Baltimore Orioles,2025-07-19 09:05:00,Pitcher Strikeouts,C. Morton,NA,NA,9.5,19,769761,TAB,NA
Tampa Bay Rays v Baltimore Orioles,Tampa Bay Rays,Baltimore Orioles,2025-07-19 09:05:00,Pitcher Strikeouts,C. Morton,NA,NA,10.5,41,769762,TAB,NA
Texas Rangers v Detroit Tigers,Texas Rangers,Detroit Tigers,2025-07-19 09:35:00,Pitcher Strikeouts,P. Corbin,NA,NA,2.5,1.15,769948,TAB,NA
Texas Rangers v Detroit Tigers,Texas Rangers,Detroit Tigers,2025-07-19 09:35:00,Pitcher Strikeouts,P. Corbin,NA,NA,3.5,1.38,769949,TAB,NA
Texas Rangers v Detroit Tigers,Texas Rangers,Detroit Tigers,2025-07-19 09:35:00,Pitcher Strikeouts,P. Corbin,NA,NA,4.5,1.8,769950,TAB,NA
Texas Rangers v Detroit Tigers,Texas Rangers,Detroit Tigers,2025-07-19 09:35:00,Pitcher Strikeouts,P. Corbin,NA,NA,5.5,2.6,769951,TAB,NA
Texas Rangers v Detroit Tigers,Texas Rangers,Detroit Tigers,2025-07-19 09:35:00,Pitcher Strikeouts,P. Corbin,NA,NA,6.5,4,769952,TAB,NA
Texas Rangers v Detroit Tigers,Texas Rangers,Detroit Tigers,2025-07-19 09:35:00,Pitcher Strikeouts,P. Corbin,NA,NA,7.5,7,769953,TAB,NA
Texas Rangers v Detroit Tigers,Texas Rangers,Detroit Tigers,2025-07-19 09:35:00,Pitcher Strikeouts,P. Corbin,NA,NA,8.5,13,769954,TAB,NA
Texas Rangers v Detroit Tigers,Texas Rangers,Detroit Tigers,2025-07-19 09:35:00,Pitcher Strikeouts,P. Corbin,NA,NA,9.5,34,769955,TAB,NA
Texas Rangers v Detroit Tigers,Texas Rangers,Detroit Tigers,2025-07-19 09:35:00,Pitcher Strikeouts,R. Olson,NA,NA,2.5,1.11,769968,TAB,NA
Texas Rangers v Detroit Tigers,Texas Rangers,Detroit Tigers,2025-07-19 09:35:00,Pitcher Strikeouts,R. Olson,NA,NA,3.5,1.33,769969,TAB,NA
Texas Rangers v Detroit Tigers,Texas Rangers,Detroit Tigers,2025-07-19 09:35:00,Pitcher Strikeouts,R. Olson,NA,NA,4.5,1.72,769970,TAB,NA
Texas Rangers v Detroit Tigers,Texas Rangers,Detroit Tigers,2025-07-19 09:35:00,Pitcher Strikeouts,R. Olson,NA,NA,5.5,2.4,769971,TAB,NA
Texas Rangers v Detroit Tigers,Texas Rangers,Detroit Tigers,2025-07-19 09:35:00,Pitcher Strikeouts,R. Olson,NA,NA,6.5,3.6,769972,TAB,NA
Texas Rangers v Detroit Tigers,Texas Rangers,Detroit Tigers,2025-07-19 09:35:00,Pitcher Strikeouts,R. Olson,NA,NA,7.5,6.5,769973,TAB,NA
Texas Rangers v Detroit Tigers,Texas Rangers,Detroit Tigers,2025-07-19 09:35:00,Pitcher Strikeouts,R. Olson,NA,NA,8.5,11,769974,TAB,NA
Texas Rangers v Detroit Tigers,Texas Rangers,Detroit Tigers,2025-07-19 09:35:00,Pitcher Strikeouts,R. Olson,NA,NA,9.5,23,769975,TAB,NA
Texas Rangers v Detroit Tigers,Texas Rangers,Detroit Tigers,2025-07-19 09:35:00,Pitcher Strikeouts,R. Olson,NA,NA,10.5,51,769976,TAB,NA
Colorado Rockies v Minnesota Twins,Colorado Rockies,Minnesota Twins,2025-07-19 10:10:00,Pitcher Strikeouts,K. Freeland,NA,NA,2.5,1.42,770152,TAB,NA
Colorado Rockies v Minnesota Twins,Colorado Rockies,Minnesota Twins,2025-07-19 10:10:00,Pitcher Strikeouts,K. Freeland,NA,NA,3.5,1.95,770153,TAB,NA
Colorado Rockies v Minnesota Twins,Colorado Rockies,Minnesota Twins,2025-07-19 10:10:00,Pitcher Strikeouts,K. Freeland,NA,NA,4.5,3,770154,TAB,NA
Colorado Rockies v Minnesota Twins,Colorado Rockies,Minnesota Twins,2025-07-19 10:10:00,Pitcher Strikeouts,K. Freeland,NA,NA,5.5,5,770155,TAB,NA
Colorado Rockies v Minnesota Twins,Colorado Rockies,Minnesota Twins,2025-07-19 10:10:00,Pitcher Strikeouts,K. Freeland,NA,NA,6.5,10,770156,TAB,NA
Colorado Rockies v Minnesota Twins,Colorado Rockies,Minnesota Twins,2025-07-19 10:10:00,Pitcher Strikeouts,K. Freeland,NA,NA,7.5,21,770157,TAB,NA
Colorado Rockies v Minnesota Twins,Colorado Rockies,Minnesota Twins,2025-07-19 10:10:00,Pitcher Strikeouts,K. Freeland,NA,NA,8.5,51,770158,TAB,NA
Colorado Rockies v Minnesota Twins,Colorado Rockies,Minnesota Twins,2025-07-19 10:10:00,Pitcher Strikeouts,C. Paddack,NA,NA,2.5,1.18,770182,TAB,NA
Colorado Rockies v Minnesota Twins,Colorado Rockies,Minnesota Twins,2025-07-19 10:10:00,Pitcher Strikeouts,C. Paddack,NA,NA,3.5,1.48,770183,TAB,NA
Colorado Rockies v Minnesota Twins,Colorado Rockies,Minnesota Twins,2025-07-19 10:10:00,Pitcher Strikeouts,C. Paddack,NA,NA,4.5,2,770184,TAB,NA
Colorado Rockies v Minnesota Twins,Colorado Rockies,Minnesota Twins,2025-07-19 10:10:00,Pitcher Strikeouts,C. Paddack,NA,NA,5.5,2.9,770185,TAB,NA
Colorado Rockies v Minnesota Twins,Colorado Rockies,Minnesota Twins,2025-07-19 10:10:00,Pitcher Strikeouts,C. Paddack,NA,NA,6.5,4.75,770186,TAB,NA
Colorado Rockies v Minnesota Twins,Colorado Rockies,Minnesota Twins,2025-07-19 10:10:00,Pitcher Strikeouts,C. Paddack,NA,NA,7.5,9,770187,TAB,NA
Colorado Rockies v Minnesota Twins,Colorado Rockies,Minnesota Twins,2025-07-19 10:10:00,Pitcher Strikeouts,C. Paddack,NA,NA,8.5,19,770188,TAB,NA
Colorado Rockies v Minnesota Twins,Colorado Rockies,Minnesota Twins,2025-07-19 10:10:00,Pitcher Strikeouts,C. Paddack,NA,NA,9.5,41,770189,TAB,NA
Seattle Mariners v Houston Astros,Seattle Mariners,Houston Astros,2025-07-19 11:40:00,Pitcher Strikeouts,B. Walter,NA,NA,2.5,1.08,770824,TAB,NA
Seattle Mariners v Houston Astros,Seattle Mariners,Houston Astros,2025-07-19 11:40:00,Pitcher Strikeouts,B. Walter,NA,NA,3.5,1.28,770825,TAB,NA
Seattle Mariners v Houston Astros,Seattle Mariners,Houston Astros,2025-07-19 11:40:00,Pitcher Strikeouts,B. Walter,NA,NA,4.5,1.65,770826,TAB,NA
Seattle Mariners v Houston Astros,Seattle Mariners,Houston Astros,2025-07-19 11:40:00,Pitcher Strikeouts,B. Walter,NA,NA,5.5,2.25,770827,TAB,NA
Seattle Mariners v Houston Astros,Seattle Mariners,Houston Astros,2025-07-19 11:40:00,Pitcher Strikeouts,B. Walter,NA,NA,6.5,3.4,770828,TAB,NA
Seattle Mariners v Houston Astros,Seattle Mariners,Houston Astros,2025-07-19 11:40:00,Pitcher Strikeouts,B. Walter,NA,NA,7.5,6,770829,TAB,NA
Seattle Mariners v Houston Astros,Seattle Mariners,Houston Astros,2025-07-19 11:40:00,Pitcher Strikeouts,B. Walter,NA,NA,8.5,11,770830,TAB,NA
Seattle Mariners v Houston Astros,Seattle Mariners,Houston Astros,2025-07-19 11:40:00,Pitcher Strikeouts,B. Walter,NA,NA,9.5,23,770831,TAB,NA
Seattle Mariners v Houston Astros,Seattle Mariners,Houston Astros,2025-07-19 11:40:00,Pitcher Strikeouts,B. Walter,NA,NA,10.5,51,770832,TAB,NA
Seattle Mariners v Houston Astros,Seattle Mariners,Houston Astros,2025-07-19 11:40:00,Pitcher Strikeouts,L. Castillo,NA,NA,3.5,1.1,770805,TAB,NA
Seattle Mariners v Houston Astros,Seattle Mariners,Houston Astros,2025-07-19 11:40:00,Pitcher Strikeouts,L. Castillo,NA,NA,4.5,1.3,770806,TAB,NA
Seattle Mariners v Houston Astros,Seattle Mariners,Houston Astros,2025-07-19 11:40:00,Pitcher Strikeouts,L. Castillo,NA,NA,5.5,1.6,770807,TAB,NA
Seattle Mariners v Houston Astros,Seattle Mariners,Houston Astros,2025-07-19 11:40:00,Pitcher Strikeouts,L. Castillo,NA,NA,6.5,2.15,770808,TAB,NA
Seattle Mariners v Houston Astros,Seattle Mariners,Houston Astros,2025-07-19 11:40:00,Pitcher Strikeouts,L. Castillo,NA,NA,7.5,3.1,770809,TAB,NA
Seattle Mariners v Houston Astros,Seattle Mariners,Houston Astros,2025-07-19 11:40:00,Pitcher Strikeouts,L. Castillo,NA,NA,8.5,5.25,770810,TAB,NA
Seattle Mariners v Houston Astros,Seattle Mariners,Houston Astros,2025-07-19 11:40:00,Pitcher Strikeouts,L. Castillo,NA,NA,9.5,9,770811,TAB,NA
Seattle Mariners v Houston Astros,Seattle Mariners,Houston Astros,2025-07-19 11:40:00,Pitcher Strikeouts,L. Castillo,NA,NA,10.5,17,770812,TAB,NA
Seattle Mariners v Houston Astros,Seattle Mariners,Houston Astros,2025-07-19 11:40:00,Pitcher Strikeouts,L. Castillo,NA,NA,11.5,41,770813,TAB,NA
