match,home_team,away_team,market_name,player_name,player_team,opposition_team,line,over_price,prop_id,agency
Cleveland Guardians v Chicago White Sox,Cleveland Guardians,Chicago White Sox,Player strikeouts,NA,NA,NA,2.5,1.1,795525,TAB
Cleveland Guardians v Chicago White Sox,Cleveland Guardians,Chicago White Sox,Player strikeouts,NA,NA,NA,3.5,1.28,795526,TAB
Cleveland Guardians v Chicago White Sox,Cleveland Guardians,Chicago White Sox,Player strikeouts,NA,NA,NA,4.5,1.62,795527,TAB
Cleveland Guardians v Chicago White Sox,Cleveland Guardians,Chicago White Sox,Player strikeouts,NA,NA,NA,5.5,2.25,795528,TAB
Cleveland Guardians v Chicago White Sox,Cleveland Guardians,Chicago White Sox,Player strikeouts,NA,NA,NA,6.5,3.4,795529,TAB
Cleveland Guardians v Chicago White Sox,Cleveland Guardians,Chicago White Sox,Player strikeouts,NA,NA,NA,7.5,5.5,795530,TAB
Cleveland Guardians v Chicago White Sox,Cleveland Guardians,Chicago White Sox,Player strikeouts,NA,NA,NA,8.5,11,795538,TAB
Cleveland Guardians v Chicago White Sox,Cleveland Guardians,Chicago White Sox,Player strikeouts,NA,NA,NA,9.5,23,795539,TAB
Cleveland Guardians v Chicago White Sox,Cleveland Guardians,Chicago White Sox,Player strikeouts,NA,NA,NA,10.5,67,795540,TAB
Cleveland Guardians v Chicago White Sox,Cleveland Guardians,Chicago White Sox,Player strikeouts,Erick Fedde,Chicago White Sox,Cleveland Guardians,2.5,1.25,795600,TAB
Cleveland Guardians v Chicago White Sox,Cleveland Guardians,Chicago White Sox,Player strikeouts,Erick Fedde,Chicago White Sox,Cleveland Guardians,3.5,1.6,795613,TAB
Cleveland Guardians v Chicago White Sox,Cleveland Guardians,Chicago White Sox,Player strikeouts,Erick Fedde,Chicago White Sox,Cleveland Guardians,4.5,2.25,795614,TAB
Cleveland Guardians v Chicago White Sox,Cleveland Guardians,Chicago White Sox,Player strikeouts,Erick Fedde,Chicago White Sox,Cleveland Guardians,5.5,3.4,795615,TAB
Cleveland Guardians v Chicago White Sox,Cleveland Guardians,Chicago White Sox,Player strikeouts,Erick Fedde,Chicago White Sox,Cleveland Guardians,6.5,6,795616,TAB
Cleveland Guardians v Chicago White Sox,Cleveland Guardians,Chicago White Sox,Player strikeouts,Erick Fedde,Chicago White Sox,Cleveland Guardians,7.5,11,795617,TAB
Cleveland Guardians v Chicago White Sox,Cleveland Guardians,Chicago White Sox,Player strikeouts,Erick Fedde,Chicago White Sox,Cleveland Guardians,8.5,23,795618,TAB
Cleveland Guardians v Chicago White Sox,Cleveland Guardians,Chicago White Sox,Player strikeouts,Erick Fedde,Chicago White Sox,Cleveland Guardians,9.5,67,795619,TAB
Miami Marlins v Boston Red Sox,Miami Marlins,Boston Red Sox,Player strikeouts,Taylor Rogers,San Francisco Giants,Miami Marlins,2.5,1.04,796016,TAB
Miami Marlins v Boston Red Sox,Miami Marlins,Boston Red Sox,Player strikeouts,Tyler Rogers,San Francisco Giants,Miami Marlins,2.5,1.04,796016,TAB
Miami Marlins v Boston Red Sox,Miami Marlins,Boston Red Sox,Player strikeouts,Trevor Rogers,Miami Marlins,Boston Red Sox,2.5,1.04,796016,TAB
Miami Marlins v Boston Red Sox,Miami Marlins,Boston Red Sox,Player strikeouts,Taylor Rogers,San Francisco Giants,Miami Marlins,3.5,1.2,796017,TAB
Miami Marlins v Boston Red Sox,Miami Marlins,Boston Red Sox,Player strikeouts,Tyler Rogers,San Francisco Giants,Miami Marlins,3.5,1.2,796017,TAB
Miami Marlins v Boston Red Sox,Miami Marlins,Boston Red Sox,Player strikeouts,Trevor Rogers,Miami Marlins,Boston Red Sox,3.5,1.2,796017,TAB
Miami Marlins v Boston Red Sox,Miami Marlins,Boston Red Sox,Player strikeouts,Taylor Rogers,San Francisco Giants,Miami Marlins,4.5,1.45,796018,TAB
Miami Marlins v Boston Red Sox,Miami Marlins,Boston Red Sox,Player strikeouts,Tyler Rogers,San Francisco Giants,Miami Marlins,4.5,1.45,796018,TAB
Miami Marlins v Boston Red Sox,Miami Marlins,Boston Red Sox,Player strikeouts,Trevor Rogers,Miami Marlins,Boston Red Sox,4.5,1.45,796018,TAB
Miami Marlins v Boston Red Sox,Miami Marlins,Boston Red Sox,Player strikeouts,Taylor Rogers,San Francisco Giants,Miami Marlins,5.5,1.9,796019,TAB
Miami Marlins v Boston Red Sox,Miami Marlins,Boston Red Sox,Player strikeouts,Tyler Rogers,San Francisco Giants,Miami Marlins,5.5,1.9,796019,TAB
Miami Marlins v Boston Red Sox,Miami Marlins,Boston Red Sox,Player strikeouts,Trevor Rogers,Miami Marlins,Boston Red Sox,5.5,1.9,796019,TAB
Miami Marlins v Boston Red Sox,Miami Marlins,Boston Red Sox,Player strikeouts,Taylor Rogers,San Francisco Giants,Miami Marlins,6.5,2.7,796020,TAB
Miami Marlins v Boston Red Sox,Miami Marlins,Boston Red Sox,Player strikeouts,Tyler Rogers,San Francisco Giants,Miami Marlins,6.5,2.7,796020,TAB
Miami Marlins v Boston Red Sox,Miami Marlins,Boston Red Sox,Player strikeouts,Trevor Rogers,Miami Marlins,Boston Red Sox,6.5,2.7,796020,TAB
Miami Marlins v Boston Red Sox,Miami Marlins,Boston Red Sox,Player strikeouts,Taylor Rogers,San Francisco Giants,Miami Marlins,7.5,4,796032,TAB
Miami Marlins v Boston Red Sox,Miami Marlins,Boston Red Sox,Player strikeouts,Tyler Rogers,San Francisco Giants,Miami Marlins,7.5,4,796032,TAB
Miami Marlins v Boston Red Sox,Miami Marlins,Boston Red Sox,Player strikeouts,Trevor Rogers,Miami Marlins,Boston Red Sox,7.5,4,796032,TAB
Miami Marlins v Boston Red Sox,Miami Marlins,Boston Red Sox,Player strikeouts,Taylor Rogers,San Francisco Giants,Miami Marlins,8.5,7.5,796033,TAB
Miami Marlins v Boston Red Sox,Miami Marlins,Boston Red Sox,Player strikeouts,Tyler Rogers,San Francisco Giants,Miami Marlins,8.5,7.5,796033,TAB
Miami Marlins v Boston Red Sox,Miami Marlins,Boston Red Sox,Player strikeouts,Trevor Rogers,Miami Marlins,Boston Red Sox,8.5,7.5,796033,TAB
Miami Marlins v Boston Red Sox,Miami Marlins,Boston Red Sox,Player strikeouts,Taylor Rogers,San Francisco Giants,Miami Marlins,9.5,15,796034,TAB
Miami Marlins v Boston Red Sox,Miami Marlins,Boston Red Sox,Player strikeouts,Tyler Rogers,San Francisco Giants,Miami Marlins,9.5,15,796034,TAB
Miami Marlins v Boston Red Sox,Miami Marlins,Boston Red Sox,Player strikeouts,Trevor Rogers,Miami Marlins,Boston Red Sox,9.5,15,796034,TAB
Miami Marlins v Boston Red Sox,Miami Marlins,Boston Red Sox,Player strikeouts,Taylor Rogers,San Francisco Giants,Miami Marlins,10.5,34,796035,TAB
Miami Marlins v Boston Red Sox,Miami Marlins,Boston Red Sox,Player strikeouts,Tyler Rogers,San Francisco Giants,Miami Marlins,10.5,34,796035,TAB
Miami Marlins v Boston Red Sox,Miami Marlins,Boston Red Sox,Player strikeouts,Trevor Rogers,Miami Marlins,Boston Red Sox,10.5,34,796035,TAB
Miami Marlins v Boston Red Sox,Miami Marlins,Boston Red Sox,Player strikeouts,Brayan Bello,Boston Red Sox,Miami Marlins,2.5,1.15,796081,TAB
Miami Marlins v Boston Red Sox,Miami Marlins,Boston Red Sox,Player strikeouts,Brayan Bello,Boston Red Sox,Miami Marlins,3.5,1.38,796082,TAB
Miami Marlins v Boston Red Sox,Miami Marlins,Boston Red Sox,Player strikeouts,Brayan Bello,Boston Red Sox,Miami Marlins,4.5,1.8,796083,TAB
Miami Marlins v Boston Red Sox,Miami Marlins,Boston Red Sox,Player strikeouts,Brayan Bello,Boston Red Sox,Miami Marlins,5.5,2.5,796084,TAB
Miami Marlins v Boston Red Sox,Miami Marlins,Boston Red Sox,Player strikeouts,Brayan Bello,Boston Red Sox,Miami Marlins,6.5,4,796085,TAB
Miami Marlins v Boston Red Sox,Miami Marlins,Boston Red Sox,Player strikeouts,Brayan Bello,Boston Red Sox,Miami Marlins,7.5,7,796086,TAB
Miami Marlins v Boston Red Sox,Miami Marlins,Boston Red Sox,Player strikeouts,Brayan Bello,Boston Red Sox,Miami Marlins,8.5,13,796087,TAB
Miami Marlins v Boston Red Sox,Miami Marlins,Boston Red Sox,Player strikeouts,Brayan Bello,Boston Red Sox,Miami Marlins,9.5,26,796088,TAB
Miami Marlins v Boston Red Sox,Miami Marlins,Boston Red Sox,Player strikeouts,Brayan Bello,Boston Red Sox,Miami Marlins,10.5,67,796089,TAB
Pittsburgh Pirates v St. Louis Cardinals,Pittsburgh Pirates,St. Louis Cardinals,Player strikeouts,Miles Mikolas,St. Louis Cardinals,Pittsburgh Pirates,2.5,1.19,795297,TAB
Pittsburgh Pirates v St. Louis Cardinals,Pittsburgh Pirates,St. Louis Cardinals,Player strikeouts,Miles Mikolas,St. Louis Cardinals,Pittsburgh Pirates,3.5,1.48,795298,TAB
Pittsburgh Pirates v St. Louis Cardinals,Pittsburgh Pirates,St. Louis Cardinals,Player strikeouts,Miles Mikolas,St. Louis Cardinals,Pittsburgh Pirates,4.5,2,795299,TAB
Pittsburgh Pirates v St. Louis Cardinals,Pittsburgh Pirates,St. Louis Cardinals,Player strikeouts,Miles Mikolas,St. Louis Cardinals,Pittsburgh Pirates,5.5,3,795300,TAB
Pittsburgh Pirates v St. Louis Cardinals,Pittsburgh Pirates,St. Louis Cardinals,Player strikeouts,Miles Mikolas,St. Louis Cardinals,Pittsburgh Pirates,6.5,4.75,795307,TAB
Pittsburgh Pirates v St. Louis Cardinals,Pittsburgh Pirates,St. Louis Cardinals,Player strikeouts,Miles Mikolas,St. Louis Cardinals,Pittsburgh Pirates,7.5,9,795308,TAB
Pittsburgh Pirates v St. Louis Cardinals,Pittsburgh Pirates,St. Louis Cardinals,Player strikeouts,Miles Mikolas,St. Louis Cardinals,Pittsburgh Pirates,8.5,19,795309,TAB
Pittsburgh Pirates v St. Louis Cardinals,Pittsburgh Pirates,St. Louis Cardinals,Player strikeouts,Miles Mikolas,St. Louis Cardinals,Pittsburgh Pirates,9.5,41,795310,TAB
Pittsburgh Pirates v St. Louis Cardinals,Pittsburgh Pirates,St. Louis Cardinals,Player strikeouts,Jared Jones,Pittsburgh Pirates,St. Louis Cardinals,3.5,1.07,795228,TAB
Pittsburgh Pirates v St. Louis Cardinals,Pittsburgh Pirates,St. Louis Cardinals,Player strikeouts,Jared Jones,Pittsburgh Pirates,St. Louis Cardinals,4.5,1.22,795229,TAB
Pittsburgh Pirates v St. Louis Cardinals,Pittsburgh Pirates,St. Louis Cardinals,Player strikeouts,Jared Jones,Pittsburgh Pirates,St. Louis Cardinals,5.5,1.48,795230,TAB
Pittsburgh Pirates v St. Louis Cardinals,Pittsburgh Pirates,St. Louis Cardinals,Player strikeouts,Jared Jones,Pittsburgh Pirates,St. Louis Cardinals,6.5,1.95,795237,TAB
Pittsburgh Pirates v St. Louis Cardinals,Pittsburgh Pirates,St. Louis Cardinals,Player strikeouts,Jared Jones,Pittsburgh Pirates,St. Louis Cardinals,7.5,2.7,795238,TAB
Pittsburgh Pirates v St. Louis Cardinals,Pittsburgh Pirates,St. Louis Cardinals,Player strikeouts,Jared Jones,Pittsburgh Pirates,St. Louis Cardinals,8.5,4.25,795239,TAB
Pittsburgh Pirates v St. Louis Cardinals,Pittsburgh Pirates,St. Louis Cardinals,Player strikeouts,Jared Jones,Pittsburgh Pirates,St. Louis Cardinals,9.5,7.5,795240,TAB
Pittsburgh Pirates v St. Louis Cardinals,Pittsburgh Pirates,St. Louis Cardinals,Player strikeouts,Jared Jones,Pittsburgh Pirates,St. Louis Cardinals,10.5,13,795246,TAB
Pittsburgh Pirates v St. Louis Cardinals,Pittsburgh Pirates,St. Louis Cardinals,Player strikeouts,Jared Jones,Pittsburgh Pirates,St. Louis Cardinals,11.5,26,795247,TAB
Washington Nationals v New York Mets,Washington Nationals,New York Mets,Player strikeouts,Mitchell Parker,Washington Nationals,New York Mets,2.5,1.14,796494,TAB
Washington Nationals v New York Mets,Washington Nationals,New York Mets,Player strikeouts,Mitchell Parker,Washington Nationals,New York Mets,3.5,1.38,796495,TAB
Washington Nationals v New York Mets,Washington Nationals,New York Mets,Player strikeouts,Mitchell Parker,Washington Nationals,New York Mets,4.5,1.85,796496,TAB
Washington Nationals v New York Mets,Washington Nationals,New York Mets,Player strikeouts,Mitchell Parker,Washington Nationals,New York Mets,5.5,2.7,796497,TAB
Washington Nationals v New York Mets,Washington Nationals,New York Mets,Player strikeouts,Mitchell Parker,Washington Nationals,New York Mets,6.5,4.25,796498,TAB
Washington Nationals v New York Mets,Washington Nationals,New York Mets,Player strikeouts,Mitchell Parker,Washington Nationals,New York Mets,7.5,7.5,796499,TAB
Washington Nationals v New York Mets,Washington Nationals,New York Mets,Player strikeouts,Mitchell Parker,Washington Nationals,New York Mets,8.5,15,796500,TAB
Washington Nationals v New York Mets,Washington Nationals,New York Mets,Player strikeouts,Mitchell Parker,Washington Nationals,New York Mets,9.5,34,796501,TAB
Washington Nationals v New York Mets,Washington Nationals,New York Mets,Player strikeouts,Mitchell Parker,Washington Nationals,New York Mets,10.5,67,796502,TAB
Washington Nationals v New York Mets,Washington Nationals,New York Mets,Player strikeouts,NA,NA,NA,2.5,1.18,796524,TAB
Washington Nationals v New York Mets,Washington Nationals,New York Mets,Player strikeouts,NA,NA,NA,3.5,1.45,796525,TAB
Washington Nationals v New York Mets,Washington Nationals,New York Mets,Player strikeouts,NA,NA,NA,4.5,2,796526,TAB
Washington Nationals v New York Mets,Washington Nationals,New York Mets,Player strikeouts,NA,NA,NA,5.5,2.9,796527,TAB
Washington Nationals v New York Mets,Washington Nationals,New York Mets,Player strikeouts,NA,NA,NA,6.5,5,796528,TAB
Washington Nationals v New York Mets,Washington Nationals,New York Mets,Player strikeouts,NA,NA,NA,7.5,9,796529,TAB
Washington Nationals v New York Mets,Washington Nationals,New York Mets,Player strikeouts,NA,NA,NA,8.5,19,796530,TAB
Washington Nationals v New York Mets,Washington Nationals,New York Mets,Player strikeouts,NA,NA,NA,9.5,51,796537,TAB
Washington Nationals v New York Mets,Washington Nationals,New York Mets,Player strikeouts,Mitchell Parker,Washington Nationals,New York Mets,2.5,1.14,801124,TAB
Washington Nationals v New York Mets,Washington Nationals,New York Mets,Player strikeouts,Mitchell Parker,Washington Nationals,New York Mets,3.5,1.38,801125,TAB
Washington Nationals v New York Mets,Washington Nationals,New York Mets,Player strikeouts,Mitchell Parker,Washington Nationals,New York Mets,4.5,1.85,801126,TAB
Washington Nationals v New York Mets,Washington Nationals,New York Mets,Player strikeouts,Mitchell Parker,Washington Nationals,New York Mets,5.5,2.7,801127,TAB
Washington Nationals v New York Mets,Washington Nationals,New York Mets,Player strikeouts,Mitchell Parker,Washington Nationals,New York Mets,6.5,4.25,801128,TAB
Washington Nationals v New York Mets,Washington Nationals,New York Mets,Player strikeouts,Mitchell Parker,Washington Nationals,New York Mets,7.5,7.5,801129,TAB
Washington Nationals v New York Mets,Washington Nationals,New York Mets,Player strikeouts,Mitchell Parker,Washington Nationals,New York Mets,8.5,15,801130,TAB
Washington Nationals v New York Mets,Washington Nationals,New York Mets,Player strikeouts,Mitchell Parker,Washington Nationals,New York Mets,9.5,34,801131,TAB
Washington Nationals v New York Mets,Washington Nationals,New York Mets,Player strikeouts,Mitchell Parker,Washington Nationals,New York Mets,10.5,67,801132,TAB
Washington Nationals v New York Mets,Washington Nationals,New York Mets,Player strikeouts,NA,NA,NA,2.5,1.18,801154,TAB
Washington Nationals v New York Mets,Washington Nationals,New York Mets,Player strikeouts,NA,NA,NA,3.5,1.45,801155,TAB
Washington Nationals v New York Mets,Washington Nationals,New York Mets,Player strikeouts,NA,NA,NA,4.5,2,801156,TAB
Washington Nationals v New York Mets,Washington Nationals,New York Mets,Player strikeouts,NA,NA,NA,5.5,2.9,801157,TAB
Washington Nationals v New York Mets,Washington Nationals,New York Mets,Player strikeouts,NA,NA,NA,6.5,5,801158,TAB
Washington Nationals v New York Mets,Washington Nationals,New York Mets,Player strikeouts,NA,NA,NA,7.5,9,801159,TAB
Washington Nationals v New York Mets,Washington Nationals,New York Mets,Player strikeouts,NA,NA,NA,8.5,19,801160,TAB
Washington Nationals v New York Mets,Washington Nationals,New York Mets,Player strikeouts,NA,NA,NA,9.5,51,801161,TAB
New York Yankees v Cincinnati Reds,New York Yankees,Cincinnati Reds,Player strikeouts,NA,NA,NA,3.5,1.06,796820,TAB
New York Yankees v Cincinnati Reds,New York Yankees,Cincinnati Reds,Player strikeouts,NA,NA,NA,4.5,1.2,796832,TAB
New York Yankees v Cincinnati Reds,New York Yankees,Cincinnati Reds,Player strikeouts,NA,NA,NA,5.5,1.45,796833,TAB
New York Yankees v Cincinnati Reds,New York Yankees,Cincinnati Reds,Player strikeouts,NA,NA,NA,6.5,1.9,796834,TAB
New York Yankees v Cincinnati Reds,New York Yankees,Cincinnati Reds,Player strikeouts,NA,NA,NA,7.5,2.6,796835,TAB
New York Yankees v Cincinnati Reds,New York Yankees,Cincinnati Reds,Player strikeouts,NA,NA,NA,8.5,4,796836,TAB
New York Yankees v Cincinnati Reds,New York Yankees,Cincinnati Reds,Player strikeouts,NA,NA,NA,9.5,7.5,796837,TAB
New York Yankees v Cincinnati Reds,New York Yankees,Cincinnati Reds,Player strikeouts,NA,NA,NA,10.5,13,796838,TAB
New York Yankees v Cincinnati Reds,New York Yankees,Cincinnati Reds,Player strikeouts,NA,NA,NA,11.5,26,796839,TAB
New York Yankees v Cincinnati Reds,New York Yankees,Cincinnati Reds,Player strikeouts,Andrew Abbott,Cincinnati Reds,New York Yankees,2.5,1.1,796900,TAB
New York Yankees v Cincinnati Reds,New York Yankees,Cincinnati Reds,Player strikeouts,Andrew Abbott,Cincinnati Reds,New York Yankees,3.5,1.32,796910,TAB
New York Yankees v Cincinnati Reds,New York Yankees,Cincinnati Reds,Player strikeouts,Andrew Abbott,Cincinnati Reds,New York Yankees,4.5,1.68,796918,TAB
New York Yankees v Cincinnati Reds,New York Yankees,Cincinnati Reds,Player strikeouts,Andrew Abbott,Cincinnati Reds,New York Yankees,5.5,2.3,796919,TAB
New York Yankees v Cincinnati Reds,New York Yankees,Cincinnati Reds,Player strikeouts,Andrew Abbott,Cincinnati Reds,New York Yankees,6.5,3.5,796920,TAB
New York Yankees v Cincinnati Reds,New York Yankees,Cincinnati Reds,Player strikeouts,Andrew Abbott,Cincinnati Reds,New York Yankees,7.5,6,796928,TAB
New York Yankees v Cincinnati Reds,New York Yankees,Cincinnati Reds,Player strikeouts,Andrew Abbott,Cincinnati Reds,New York Yankees,8.5,11,796929,TAB
New York Yankees v Cincinnati Reds,New York Yankees,Cincinnati Reds,Player strikeouts,Andrew Abbott,Cincinnati Reds,New York Yankees,9.5,26,796930,TAB
New York Yankees v Cincinnati Reds,New York Yankees,Cincinnati Reds,Player strikeouts,Andrew Abbott,Cincinnati Reds,New York Yankees,10.5,67,796937,TAB
Toronto Blue Jays v Houston Astros,Toronto Blue Jays,Houston Astros,Player strikeouts,Yusei Kikuchi,Toronto Blue Jays,Houston Astros,2.5,1.04,797698,TAB
Toronto Blue Jays v Houston Astros,Toronto Blue Jays,Houston Astros,Player strikeouts,Yusei Kikuchi,Toronto Blue Jays,Houston Astros,3.5,1.18,797699,TAB
Toronto Blue Jays v Houston Astros,Toronto Blue Jays,Houston Astros,Player strikeouts,Yusei Kikuchi,Toronto Blue Jays,Houston Astros,4.5,1.45,797700,TAB
Toronto Blue Jays v Houston Astros,Toronto Blue Jays,Houston Astros,Player strikeouts,Yusei Kikuchi,Toronto Blue Jays,Houston Astros,5.5,1.9,797855,TAB
Toronto Blue Jays v Houston Astros,Toronto Blue Jays,Houston Astros,Player strikeouts,Yusei Kikuchi,Toronto Blue Jays,Houston Astros,6.5,2.7,797859,TAB
Toronto Blue Jays v Houston Astros,Toronto Blue Jays,Houston Astros,Player strikeouts,Yusei Kikuchi,Toronto Blue Jays,Houston Astros,7.5,4.25,797860,TAB
Toronto Blue Jays v Houston Astros,Toronto Blue Jays,Houston Astros,Player strikeouts,Yusei Kikuchi,Toronto Blue Jays,Houston Astros,8.5,7.5,797895,TAB
Toronto Blue Jays v Houston Astros,Toronto Blue Jays,Houston Astros,Player strikeouts,Yusei Kikuchi,Toronto Blue Jays,Houston Astros,9.5,15,797899,TAB
Toronto Blue Jays v Houston Astros,Toronto Blue Jays,Houston Astros,Player strikeouts,Yusei Kikuchi,Toronto Blue Jays,Houston Astros,10.5,34,797900,TAB
Toronto Blue Jays v Houston Astros,Toronto Blue Jays,Houston Astros,Player strikeouts,Ronel Blanco,Houston Astros,Toronto Blue Jays,2.5,1.14,797999,TAB
Toronto Blue Jays v Houston Astros,Toronto Blue Jays,Houston Astros,Player strikeouts,Ronel Blanco,Houston Astros,Toronto Blue Jays,3.5,1.38,798000,TAB
Toronto Blue Jays v Houston Astros,Toronto Blue Jays,Houston Astros,Player strikeouts,Ronel Blanco,Houston Astros,Toronto Blue Jays,4.5,1.8,798007,TAB
Toronto Blue Jays v Houston Astros,Toronto Blue Jays,Houston Astros,Player strikeouts,Ronel Blanco,Houston Astros,Toronto Blue Jays,5.5,2.6,798008,TAB
Toronto Blue Jays v Houston Astros,Toronto Blue Jays,Houston Astros,Player strikeouts,Ronel Blanco,Houston Astros,Toronto Blue Jays,6.5,4,798009,TAB
Toronto Blue Jays v Houston Astros,Toronto Blue Jays,Houston Astros,Player strikeouts,Ronel Blanco,Houston Astros,Toronto Blue Jays,7.5,7,798010,TAB
Toronto Blue Jays v Houston Astros,Toronto Blue Jays,Houston Astros,Player strikeouts,Ronel Blanco,Houston Astros,Toronto Blue Jays,8.5,15,798017,TAB
Toronto Blue Jays v Houston Astros,Toronto Blue Jays,Houston Astros,Player strikeouts,Ronel Blanco,Houston Astros,Toronto Blue Jays,9.5,34,798018,TAB
Toronto Blue Jays v Houston Astros,Toronto Blue Jays,Houston Astros,Player strikeouts,Ronel Blanco,Houston Astros,Toronto Blue Jays,10.5,67,798019,TAB
Atlanta Braves v San Francisco Giants,Atlanta Braves,San Francisco Giants,Player strikeouts,Chris Sale,Atlanta Braves,San Francisco Giants,4.5,1.06,798417,TAB
Atlanta Braves v San Francisco Giants,Atlanta Braves,San Francisco Giants,Player strikeouts,Chris Sale,Atlanta Braves,San Francisco Giants,5.5,1.16,798418,TAB
Atlanta Braves v San Francisco Giants,Atlanta Braves,San Francisco Giants,Player strikeouts,Chris Sale,Atlanta Braves,San Francisco Giants,6.5,1.35,798419,TAB
Atlanta Braves v San Francisco Giants,Atlanta Braves,San Francisco Giants,Player strikeouts,Chris Sale,Atlanta Braves,San Francisco Giants,7.5,1.68,798420,TAB
Atlanta Braves v San Francisco Giants,Atlanta Braves,San Francisco Giants,Player strikeouts,Chris Sale,Atlanta Braves,San Francisco Giants,8.5,2.2,798427,TAB
Atlanta Braves v San Francisco Giants,Atlanta Braves,San Francisco Giants,Player strikeouts,Chris Sale,Atlanta Braves,San Francisco Giants,9.5,3.2,798428,TAB
Atlanta Braves v San Francisco Giants,Atlanta Braves,San Francisco Giants,Player strikeouts,Chris Sale,Atlanta Braves,San Francisco Giants,10.5,5,798429,TAB
Atlanta Braves v San Francisco Giants,Atlanta Braves,San Francisco Giants,Player strikeouts,Chris Sale,Atlanta Braves,San Francisco Giants,11.5,9,798430,TAB
Atlanta Braves v San Francisco Giants,Atlanta Braves,San Francisco Giants,Player strikeouts,Jordan Hicks,San Francisco Giants,Atlanta Braves,2.5,1.13,798520,TAB
Atlanta Braves v San Francisco Giants,Atlanta Braves,San Francisco Giants,Player strikeouts,Jordan Hicks,San Francisco Giants,Atlanta Braves,3.5,1.36,798529,TAB
Atlanta Braves v San Francisco Giants,Atlanta Braves,San Francisco Giants,Player strikeouts,Jordan Hicks,San Francisco Giants,Atlanta Braves,4.5,1.75,798530,TAB
Atlanta Braves v San Francisco Giants,Atlanta Braves,San Francisco Giants,Player strikeouts,Jordan Hicks,San Francisco Giants,Atlanta Braves,5.5,2.5,798538,TAB
Atlanta Braves v San Francisco Giants,Atlanta Braves,San Francisco Giants,Player strikeouts,Jordan Hicks,San Francisco Giants,Atlanta Braves,6.5,3.75,798539,TAB
Atlanta Braves v San Francisco Giants,Atlanta Braves,San Francisco Giants,Player strikeouts,Jordan Hicks,San Francisco Giants,Atlanta Braves,7.5,6.5,798540,TAB
Atlanta Braves v San Francisco Giants,Atlanta Braves,San Francisco Giants,Player strikeouts,Jordan Hicks,San Francisco Giants,Atlanta Braves,8.5,17,798549,TAB
Atlanta Braves v San Francisco Giants,Atlanta Braves,San Francisco Giants,Player strikeouts,Jordan Hicks,San Francisco Giants,Atlanta Braves,9.5,34,798550,TAB
Atlanta Braves v San Francisco Giants,Atlanta Braves,San Francisco Giants,Player strikeouts,Jordan Hicks,San Francisco Giants,Atlanta Braves,10.5,67,798569,TAB
Chicago Cubs v Philadelphia Phillies,Chicago Cubs,Philadelphia Phillies,Player strikeouts,Shota Imanaga,Chicago Cubs,Philadelphia Phillies,3.5,1.17,799306,TAB
Chicago Cubs v Philadelphia Phillies,Chicago Cubs,Philadelphia Phillies,Player strikeouts,Shota Imanaga,Chicago Cubs,Philadelphia Phillies,4.5,1.38,799307,TAB
Chicago Cubs v Philadelphia Phillies,Chicago Cubs,Philadelphia Phillies,Player strikeouts,Shota Imanaga,Chicago Cubs,Philadelphia Phillies,5.5,1.85,799308,TAB
Chicago Cubs v Philadelphia Phillies,Chicago Cubs,Philadelphia Phillies,Player strikeouts,Shota Imanaga,Chicago Cubs,Philadelphia Phillies,6.5,2.6,799309,TAB
Chicago Cubs v Philadelphia Phillies,Chicago Cubs,Philadelphia Phillies,Player strikeouts,Shota Imanaga,Chicago Cubs,Philadelphia Phillies,7.5,3.75,799310,TAB
Chicago Cubs v Philadelphia Phillies,Chicago Cubs,Philadelphia Phillies,Player strikeouts,Shota Imanaga,Chicago Cubs,Philadelphia Phillies,8.5,7,799322,TAB
Chicago Cubs v Philadelphia Phillies,Chicago Cubs,Philadelphia Phillies,Player strikeouts,Shota Imanaga,Chicago Cubs,Philadelphia Phillies,9.5,13,799323,TAB
Chicago Cubs v Philadelphia Phillies,Chicago Cubs,Philadelphia Phillies,Player strikeouts,Shota Imanaga,Chicago Cubs,Philadelphia Phillies,10.5,26,799324,TAB
Chicago Cubs v Philadelphia Phillies,Chicago Cubs,Philadelphia Phillies,Player strikeouts,Zack Wheeler,Philadelphia Phillies,Chicago Cubs,4.5,1.11,799423,TAB
Chicago Cubs v Philadelphia Phillies,Chicago Cubs,Philadelphia Phillies,Player strikeouts,Zack Wheeler,Philadelphia Phillies,Chicago Cubs,5.5,1.3,799424,TAB
Chicago Cubs v Philadelphia Phillies,Chicago Cubs,Philadelphia Phillies,Player strikeouts,Zack Wheeler,Philadelphia Phillies,Chicago Cubs,6.5,1.6,799425,TAB
Chicago Cubs v Philadelphia Phillies,Chicago Cubs,Philadelphia Phillies,Player strikeouts,Zack Wheeler,Philadelphia Phillies,Chicago Cubs,7.5,2.1,799426,TAB
Chicago Cubs v Philadelphia Phillies,Chicago Cubs,Philadelphia Phillies,Player strikeouts,Zack Wheeler,Philadelphia Phillies,Chicago Cubs,8.5,3,799427,TAB
Chicago Cubs v Philadelphia Phillies,Chicago Cubs,Philadelphia Phillies,Player strikeouts,Zack Wheeler,Philadelphia Phillies,Chicago Cubs,9.5,4.75,799428,TAB
Chicago Cubs v Philadelphia Phillies,Chicago Cubs,Philadelphia Phillies,Player strikeouts,Zack Wheeler,Philadelphia Phillies,Chicago Cubs,10.5,8,799429,TAB
Chicago Cubs v Philadelphia Phillies,Chicago Cubs,Philadelphia Phillies,Player strikeouts,Zack Wheeler,Philadelphia Phillies,Chicago Cubs,11.5,15,799430,TAB
Texas Rangers v San Diego Padres,Texas Rangers,San Diego Padres,Player strikeouts,Jon Gray,Texas Rangers,San Diego Padres,2.5,1.25,799766,TAB
Texas Rangers v San Diego Padres,Texas Rangers,San Diego Padres,Player strikeouts,Jon Gray,Texas Rangers,San Diego Padres,3.5,1.6,799767,TAB
Texas Rangers v San Diego Padres,Texas Rangers,San Diego Padres,Player strikeouts,Jon Gray,Texas Rangers,San Diego Padres,4.5,2.2,799768,TAB
Texas Rangers v San Diego Padres,Texas Rangers,San Diego Padres,Player strikeouts,Jon Gray,Texas Rangers,San Diego Padres,5.5,3.5,799769,TAB
Texas Rangers v San Diego Padres,Texas Rangers,San Diego Padres,Player strikeouts,Jon Gray,Texas Rangers,San Diego Padres,6.5,6,799770,TAB
Texas Rangers v San Diego Padres,Texas Rangers,San Diego Padres,Player strikeouts,Jon Gray,Texas Rangers,San Diego Padres,7.5,11,799771,TAB
Texas Rangers v San Diego Padres,Texas Rangers,San Diego Padres,Player strikeouts,Jon Gray,Texas Rangers,San Diego Padres,8.5,26,799772,TAB
Texas Rangers v San Diego Padres,Texas Rangers,San Diego Padres,Player strikeouts,Jon Gray,Texas Rangers,San Diego Padres,9.5,67,799773,TAB
Texas Rangers v San Diego Padres,Texas Rangers,San Diego Padres,Player strikeouts,NA,NA,NA,2.5,1.45,799796,TAB
Texas Rangers v San Diego Padres,Texas Rangers,San Diego Padres,Player strikeouts,NA,NA,NA,3.5,2,799797,TAB
Texas Rangers v San Diego Padres,Texas Rangers,San Diego Padres,Player strikeouts,NA,NA,NA,4.5,3.1,799798,TAB
Texas Rangers v San Diego Padres,Texas Rangers,San Diego Padres,Player strikeouts,NA,NA,NA,5.5,5.5,799799,TAB
Texas Rangers v San Diego Padres,Texas Rangers,San Diego Padres,Player strikeouts,NA,NA,NA,6.5,10,799800,TAB
Texas Rangers v San Diego Padres,Texas Rangers,San Diego Padres,Player strikeouts,NA,NA,NA,7.5,23,799801,TAB
Kansas City Royals v Tampa Bay Rays,Kansas City Royals,Tampa Bay Rays,Player strikeouts,Michael Wacha,Kansas City Royals,Tampa Bay Rays,2.5,1.12,800154,TAB
Kansas City Royals v Tampa Bay Rays,Kansas City Royals,Tampa Bay Rays,Player strikeouts,Michael Wacha,Kansas City Royals,Tampa Bay Rays,3.5,1.36,800155,TAB
Kansas City Royals v Tampa Bay Rays,Kansas City Royals,Tampa Bay Rays,Player strikeouts,Michael Wacha,Kansas City Royals,Tampa Bay Rays,4.5,1.75,800156,TAB
Kansas City Royals v Tampa Bay Rays,Kansas City Royals,Tampa Bay Rays,Player strikeouts,Michael Wacha,Kansas City Royals,Tampa Bay Rays,5.5,2.5,800157,TAB
Kansas City Royals v Tampa Bay Rays,Kansas City Royals,Tampa Bay Rays,Player strikeouts,Michael Wacha,Kansas City Royals,Tampa Bay Rays,6.5,4,800158,TAB
Kansas City Royals v Tampa Bay Rays,Kansas City Royals,Tampa Bay Rays,Player strikeouts,Michael Wacha,Kansas City Royals,Tampa Bay Rays,7.5,7,800159,TAB
Kansas City Royals v Tampa Bay Rays,Kansas City Royals,Tampa Bay Rays,Player strikeouts,Michael Wacha,Kansas City Royals,Tampa Bay Rays,8.5,13,800160,TAB
Kansas City Royals v Tampa Bay Rays,Kansas City Royals,Tampa Bay Rays,Player strikeouts,Michael Wacha,Kansas City Royals,Tampa Bay Rays,9.5,34,800161,TAB
Kansas City Royals v Tampa Bay Rays,Kansas City Royals,Tampa Bay Rays,Player strikeouts,Ryan Pepiot,Tampa Bay Rays,Kansas City Royals,2.5,1.12,800184,TAB
Kansas City Royals v Tampa Bay Rays,Kansas City Royals,Tampa Bay Rays,Player strikeouts,Ryan Pepiot,Tampa Bay Rays,Kansas City Royals,3.5,1.35,800185,TAB
Kansas City Royals v Tampa Bay Rays,Kansas City Royals,Tampa Bay Rays,Player strikeouts,Ryan Pepiot,Tampa Bay Rays,Kansas City Royals,4.5,1.75,800186,TAB
Kansas City Royals v Tampa Bay Rays,Kansas City Royals,Tampa Bay Rays,Player strikeouts,Ryan Pepiot,Tampa Bay Rays,Kansas City Royals,5.5,2.5,800187,TAB
Kansas City Royals v Tampa Bay Rays,Kansas City Royals,Tampa Bay Rays,Player strikeouts,Ryan Pepiot,Tampa Bay Rays,Kansas City Royals,6.5,4,800188,TAB
Kansas City Royals v Tampa Bay Rays,Kansas City Royals,Tampa Bay Rays,Player strikeouts,Ryan Pepiot,Tampa Bay Rays,Kansas City Royals,7.5,7,800189,TAB
Kansas City Royals v Tampa Bay Rays,Kansas City Royals,Tampa Bay Rays,Player strikeouts,Ryan Pepiot,Tampa Bay Rays,Kansas City Royals,8.5,13,800190,TAB
Kansas City Royals v Tampa Bay Rays,Kansas City Royals,Tampa Bay Rays,Player strikeouts,Ryan Pepiot,Tampa Bay Rays,Kansas City Royals,9.5,26,800191,TAB
Kansas City Royals v Tampa Bay Rays,Kansas City Royals,Tampa Bay Rays,Player strikeouts,Ryan Pepiot,Tampa Bay Rays,Kansas City Royals,10.5,67,800192,TAB
Minnesota Twins v Detroit Tigers,Minnesota Twins,Detroit Tigers,Player strikeouts,NA,NA,NA,2.5,1.14,799960,TAB
Minnesota Twins v Detroit Tigers,Minnesota Twins,Detroit Tigers,Player strikeouts,NA,NA,NA,3.5,1.4,799961,TAB
Minnesota Twins v Detroit Tigers,Minnesota Twins,Detroit Tigers,Player strikeouts,NA,NA,NA,4.5,1.85,799962,TAB
Minnesota Twins v Detroit Tigers,Minnesota Twins,Detroit Tigers,Player strikeouts,NA,NA,NA,5.5,2.7,799963,TAB
Minnesota Twins v Detroit Tigers,Minnesota Twins,Detroit Tigers,Player strikeouts,NA,NA,NA,6.5,4.25,799964,TAB
Minnesota Twins v Detroit Tigers,Minnesota Twins,Detroit Tigers,Player strikeouts,NA,NA,NA,7.5,8,799965,TAB
Minnesota Twins v Detroit Tigers,Minnesota Twins,Detroit Tigers,Player strikeouts,NA,NA,NA,8.5,17,799966,TAB
Minnesota Twins v Detroit Tigers,Minnesota Twins,Detroit Tigers,Player strikeouts,NA,NA,NA,9.5,41,799967,TAB
Minnesota Twins v Detroit Tigers,Minnesota Twins,Detroit Tigers,Player strikeouts,NA,NA,NA,2.5,1.16,799990,TAB
Minnesota Twins v Detroit Tigers,Minnesota Twins,Detroit Tigers,Player strikeouts,NA,NA,NA,3.5,1.4,799991,TAB
Minnesota Twins v Detroit Tigers,Minnesota Twins,Detroit Tigers,Player strikeouts,NA,NA,NA,4.5,1.85,799992,TAB
Minnesota Twins v Detroit Tigers,Minnesota Twins,Detroit Tigers,Player strikeouts,NA,NA,NA,5.5,2.7,799993,TAB
Minnesota Twins v Detroit Tigers,Minnesota Twins,Detroit Tigers,Player strikeouts,NA,NA,NA,6.5,4.25,799994,TAB
Minnesota Twins v Detroit Tigers,Minnesota Twins,Detroit Tigers,Player strikeouts,NA,NA,NA,7.5,8,799995,TAB
Minnesota Twins v Detroit Tigers,Minnesota Twins,Detroit Tigers,Player strikeouts,NA,NA,NA,8.5,17,799996,TAB
Minnesota Twins v Detroit Tigers,Minnesota Twins,Detroit Tigers,Player strikeouts,NA,NA,NA,9.5,41,799997,TAB
Colorado Rockies v Milwaukee Brewers,Colorado Rockies,Milwaukee Brewers,Player strikeouts,Dakota Hudson,Colorado Rockies,Milwaukee Brewers,2.5,1.52,800348,TAB
Colorado Rockies v Milwaukee Brewers,Colorado Rockies,Milwaukee Brewers,Player strikeouts,Daniel Hudson,Los Angeles Dodgers,Colorado Rockies,2.5,1.52,800348,TAB
Colorado Rockies v Milwaukee Brewers,Colorado Rockies,Milwaukee Brewers,Player strikeouts,Dakota Hudson,Colorado Rockies,Milwaukee Brewers,3.5,2.2,800349,TAB
Colorado Rockies v Milwaukee Brewers,Colorado Rockies,Milwaukee Brewers,Player strikeouts,Daniel Hudson,Los Angeles Dodgers,Colorado Rockies,3.5,2.2,800349,TAB
Colorado Rockies v Milwaukee Brewers,Colorado Rockies,Milwaukee Brewers,Player strikeouts,Dakota Hudson,Colorado Rockies,Milwaukee Brewers,4.5,3.5,800350,TAB
Colorado Rockies v Milwaukee Brewers,Colorado Rockies,Milwaukee Brewers,Player strikeouts,Daniel Hudson,Los Angeles Dodgers,Colorado Rockies,4.5,3.5,800350,TAB
Colorado Rockies v Milwaukee Brewers,Colorado Rockies,Milwaukee Brewers,Player strikeouts,Dakota Hudson,Colorado Rockies,Milwaukee Brewers,5.5,6.5,800351,TAB
Colorado Rockies v Milwaukee Brewers,Colorado Rockies,Milwaukee Brewers,Player strikeouts,Daniel Hudson,Los Angeles Dodgers,Colorado Rockies,5.5,6.5,800351,TAB
Colorado Rockies v Milwaukee Brewers,Colorado Rockies,Milwaukee Brewers,Player strikeouts,Dakota Hudson,Colorado Rockies,Milwaukee Brewers,6.5,13,800352,TAB
Colorado Rockies v Milwaukee Brewers,Colorado Rockies,Milwaukee Brewers,Player strikeouts,Daniel Hudson,Los Angeles Dodgers,Colorado Rockies,6.5,13,800352,TAB
Colorado Rockies v Milwaukee Brewers,Colorado Rockies,Milwaukee Brewers,Player strikeouts,Dakota Hudson,Colorado Rockies,Milwaukee Brewers,7.5,26,800353,TAB
Colorado Rockies v Milwaukee Brewers,Colorado Rockies,Milwaukee Brewers,Player strikeouts,Daniel Hudson,Los Angeles Dodgers,Colorado Rockies,7.5,26,800353,TAB
Colorado Rockies v Milwaukee Brewers,Colorado Rockies,Milwaukee Brewers,Player strikeouts,Colin Rea,Milwaukee Brewers,Colorado Rockies,2.5,1.17,800378,TAB
Colorado Rockies v Milwaukee Brewers,Colorado Rockies,Milwaukee Brewers,Player strikeouts,Colin Rea,Milwaukee Brewers,Colorado Rockies,3.5,1.42,800379,TAB
Colorado Rockies v Milwaukee Brewers,Colorado Rockies,Milwaukee Brewers,Player strikeouts,Colin Rea,Milwaukee Brewers,Colorado Rockies,4.5,1.8,800380,TAB
Colorado Rockies v Milwaukee Brewers,Colorado Rockies,Milwaukee Brewers,Player strikeouts,Colin Rea,Milwaukee Brewers,Colorado Rockies,5.5,2.7,800381,TAB
Colorado Rockies v Milwaukee Brewers,Colorado Rockies,Milwaukee Brewers,Player strikeouts,Colin Rea,Milwaukee Brewers,Colorado Rockies,6.5,4.25,800382,TAB
Colorado Rockies v Milwaukee Brewers,Colorado Rockies,Milwaukee Brewers,Player strikeouts,Colin Rea,Milwaukee Brewers,Colorado Rockies,7.5,7.5,800383,TAB
Colorado Rockies v Milwaukee Brewers,Colorado Rockies,Milwaukee Brewers,Player strikeouts,Colin Rea,Milwaukee Brewers,Colorado Rockies,8.5,15,800384,TAB
Colorado Rockies v Milwaukee Brewers,Colorado Rockies,Milwaukee Brewers,Player strikeouts,Colin Rea,Milwaukee Brewers,Colorado Rockies,9.5,34,800385,TAB
Oakland Athletics v Los Angeles Angels,Oakland Athletics,Los Angeles Angels,Player strikeouts,Joey Estes,Oakland Athletics,Los Angeles Angels,2.5,1.06,800542,TAB
Oakland Athletics v Los Angeles Angels,Oakland Athletics,Los Angeles Angels,Player strikeouts,Joey Estes,Oakland Athletics,Los Angeles Angels,3.5,1.26,800543,TAB
Oakland Athletics v Los Angeles Angels,Oakland Athletics,Los Angeles Angels,Player strikeouts,Joey Estes,Oakland Athletics,Los Angeles Angels,4.5,1.6,800544,TAB
Oakland Athletics v Los Angeles Angels,Oakland Athletics,Los Angeles Angels,Player strikeouts,Joey Estes,Oakland Athletics,Los Angeles Angels,5.5,2.2,800545,TAB
Oakland Athletics v Los Angeles Angels,Oakland Athletics,Los Angeles Angels,Player strikeouts,Joey Estes,Oakland Athletics,Los Angeles Angels,6.5,3.3,800546,TAB
Oakland Athletics v Los Angeles Angels,Oakland Athletics,Los Angeles Angels,Player strikeouts,Joey Estes,Oakland Athletics,Los Angeles Angels,7.5,5.5,800547,TAB
Oakland Athletics v Los Angeles Angels,Oakland Athletics,Los Angeles Angels,Player strikeouts,Joey Estes,Oakland Athletics,Los Angeles Angels,8.5,10,800548,TAB
Oakland Athletics v Los Angeles Angels,Oakland Athletics,Los Angeles Angels,Player strikeouts,Joey Estes,Oakland Athletics,Los Angeles Angels,9.5,21,800549,TAB
Oakland Athletics v Los Angeles Angels,Oakland Athletics,Los Angeles Angels,Player strikeouts,Joey Estes,Oakland Athletics,Los Angeles Angels,10.5,34,800550,TAB
Oakland Athletics v Los Angeles Angels,Oakland Athletics,Los Angeles Angels,Player strikeouts,NA,NA,NA,2.5,1.04,800572,TAB
Oakland Athletics v Los Angeles Angels,Oakland Athletics,Los Angeles Angels,Player strikeouts,NA,NA,NA,3.5,1.17,800573,TAB
Oakland Athletics v Los Angeles Angels,Oakland Athletics,Los Angeles Angels,Player strikeouts,NA,NA,NA,4.5,1.42,800574,TAB
Oakland Athletics v Los Angeles Angels,Oakland Athletics,Los Angeles Angels,Player strikeouts,NA,NA,NA,5.5,1.8,800575,TAB
Oakland Athletics v Los Angeles Angels,Oakland Athletics,Los Angeles Angels,Player strikeouts,NA,NA,NA,6.5,2.6,800576,TAB
Oakland Athletics v Los Angeles Angels,Oakland Athletics,Los Angeles Angels,Player strikeouts,NA,NA,NA,7.5,4,800577,TAB
Oakland Athletics v Los Angeles Angels,Oakland Athletics,Los Angeles Angels,Player strikeouts,NA,NA,NA,8.5,6.5,800578,TAB
Oakland Athletics v Los Angeles Angels,Oakland Athletics,Los Angeles Angels,Player strikeouts,NA,NA,NA,9.5,11,800579,TAB
Oakland Athletics v Los Angeles Angels,Oakland Athletics,Los Angeles Angels,Player strikeouts,NA,NA,NA,10.5,26,800580,TAB
Oakland Athletics v Los Angeles Angels,Oakland Athletics,Los Angeles Angels,Player strikeouts,NA,NA,NA,11.5,67,800581,TAB
Los Angeles Dodgers v Arizona Diamondbacks,Los Angeles Dodgers,Arizona Diamondbacks,Player strikeouts,Gavin Stone,Los Angeles Dodgers,Arizona Diamondbacks,2.5,1.08,800736,TAB
Los Angeles Dodgers v Arizona Diamondbacks,Los Angeles Dodgers,Arizona Diamondbacks,Player strikeouts,Gavin Stone,Los Angeles Dodgers,Arizona Diamondbacks,3.5,1.28,800737,TAB
Los Angeles Dodgers v Arizona Diamondbacks,Los Angeles Dodgers,Arizona Diamondbacks,Player strikeouts,Gavin Stone,Los Angeles Dodgers,Arizona Diamondbacks,4.5,1.65,800738,TAB
Los Angeles Dodgers v Arizona Diamondbacks,Los Angeles Dodgers,Arizona Diamondbacks,Player strikeouts,Gavin Stone,Los Angeles Dodgers,Arizona Diamondbacks,5.5,2.25,800739,TAB
Los Angeles Dodgers v Arizona Diamondbacks,Los Angeles Dodgers,Arizona Diamondbacks,Player strikeouts,Gavin Stone,Los Angeles Dodgers,Arizona Diamondbacks,6.5,3.5,800740,TAB
Los Angeles Dodgers v Arizona Diamondbacks,Los Angeles Dodgers,Arizona Diamondbacks,Player strikeouts,Gavin Stone,Los Angeles Dodgers,Arizona Diamondbacks,7.5,6,800741,TAB
Los Angeles Dodgers v Arizona Diamondbacks,Los Angeles Dodgers,Arizona Diamondbacks,Player strikeouts,Gavin Stone,Los Angeles Dodgers,Arizona Diamondbacks,8.5,11,800742,TAB
Los Angeles Dodgers v Arizona Diamondbacks,Los Angeles Dodgers,Arizona Diamondbacks,Player strikeouts,Gavin Stone,Los Angeles Dodgers,Arizona Diamondbacks,9.5,23,800743,TAB
Los Angeles Dodgers v Arizona Diamondbacks,Los Angeles Dodgers,Arizona Diamondbacks,Player strikeouts,Gavin Stone,Los Angeles Dodgers,Arizona Diamondbacks,10.5,51,800744,TAB
Seattle Mariners v Baltimore Orioles,Seattle Mariners,Baltimore Orioles,Player strikeouts,Logan Gilbert,Seattle Mariners,Baltimore Orioles,3.5,1.06,800931,TAB
Seattle Mariners v Baltimore Orioles,Seattle Mariners,Baltimore Orioles,Player strikeouts,Logan Gilbert,Seattle Mariners,Baltimore Orioles,4.5,1.22,800932,TAB
Seattle Mariners v Baltimore Orioles,Seattle Mariners,Baltimore Orioles,Player strikeouts,Logan Gilbert,Seattle Mariners,Baltimore Orioles,5.5,1.48,800933,TAB
Seattle Mariners v Baltimore Orioles,Seattle Mariners,Baltimore Orioles,Player strikeouts,Logan Gilbert,Seattle Mariners,Baltimore Orioles,6.5,1.9,800934,TAB
Seattle Mariners v Baltimore Orioles,Seattle Mariners,Baltimore Orioles,Player strikeouts,Logan Gilbert,Seattle Mariners,Baltimore Orioles,7.5,2.7,800935,TAB
Seattle Mariners v Baltimore Orioles,Seattle Mariners,Baltimore Orioles,Player strikeouts,Logan Gilbert,Seattle Mariners,Baltimore Orioles,8.5,4.25,800936,TAB
Seattle Mariners v Baltimore Orioles,Seattle Mariners,Baltimore Orioles,Player strikeouts,Logan Gilbert,Seattle Mariners,Baltimore Orioles,9.5,7,800937,TAB
Seattle Mariners v Baltimore Orioles,Seattle Mariners,Baltimore Orioles,Player strikeouts,Logan Gilbert,Seattle Mariners,Baltimore Orioles,10.5,13,800938,TAB
Seattle Mariners v Baltimore Orioles,Seattle Mariners,Baltimore Orioles,Player strikeouts,Logan Gilbert,Seattle Mariners,Baltimore Orioles,11.5,26,800939,TAB
Seattle Mariners v Baltimore Orioles,Seattle Mariners,Baltimore Orioles,Player strikeouts,NA,NA,NA,2.5,1.08,800960,TAB
Seattle Mariners v Baltimore Orioles,Seattle Mariners,Baltimore Orioles,Player strikeouts,NA,NA,NA,3.5,1.26,800961,TAB
Seattle Mariners v Baltimore Orioles,Seattle Mariners,Baltimore Orioles,Player strikeouts,NA,NA,NA,4.5,1.6,800962,TAB
Seattle Mariners v Baltimore Orioles,Seattle Mariners,Baltimore Orioles,Player strikeouts,NA,NA,NA,5.5,2.2,800963,TAB
Seattle Mariners v Baltimore Orioles,Seattle Mariners,Baltimore Orioles,Player strikeouts,NA,NA,NA,6.5,3.4,800964,TAB
Seattle Mariners v Baltimore Orioles,Seattle Mariners,Baltimore Orioles,Player strikeouts,NA,NA,NA,7.5,5.5,800965,TAB
Seattle Mariners v Baltimore Orioles,Seattle Mariners,Baltimore Orioles,Player strikeouts,NA,NA,NA,8.5,11,800966,TAB
Seattle Mariners v Baltimore Orioles,Seattle Mariners,Baltimore Orioles,Player strikeouts,NA,NA,NA,9.5,26,800967,TAB
Seattle Mariners v Baltimore Orioles,Seattle Mariners,Baltimore Orioles,Player strikeouts,NA,NA,NA,10.5,67,800968,TAB
