match,home_team,away_team,market_name,player_name,player_team,opposition_team,line,over_price,under_price,prop_id,under_prop_id,agency
Cleveland Guardians v Chicago White Sox,Cleveland Guardians,Chicago White Sox,Player Hits,Steven Kwan,Cleveland Guardians,Chicago White Sox,0.5,1.26,NA,795386,NA,TAB
Cleveland Guardians v Chicago White Sox,Cleveland Guardians,Chicago White Sox,Player Hits,Jose Ramirez,NA,NA,0.5,1.3,NA,795387,NA,TAB
Cleveland Guardians v Chicago White Sox,Cleveland Guardians,Chicago White Sox,Player Hits,Josh Naylor,Cleveland Guardians,Chicago White Sox,0.5,1.33,NA,795388,NA,TAB
Cleveland Guardians v Chicago White Sox,Cleveland Guardians,Chicago White Sox,Player Hits,Andres Gimenez,NA,NA,0.5,1.42,NA,795389,NA,TAB
Cleveland Guardians v Chicago White Sox,Cleveland Guardians,Chicago White Sox,Player Hits,Daniel Schneemann,Cleveland Guardians,Chicago White Sox,0.5,1.42,NA,795390,NA,TAB
Cleveland Guardians v Chicago White Sox,Cleveland Guardians,Chicago White Sox,Player Hits,David Fry,Cleveland Guardians,Chicago White Sox,0.5,1.45,NA,795396,NA,TAB
Cleveland Guardians v Chicago White Sox,Cleveland Guardians,Chicago White Sox,Player Hits,Tyler Freeman,Cleveland Guardians,Chicago White Sox,0.5,1.48,NA,795397,NA,TAB
Cleveland Guardians v Chicago White Sox,Cleveland Guardians,Chicago White Sox,Player Hits,Brayan Rocchio,Cleveland Guardians,Chicago White Sox,0.5,1.55,NA,795398,NA,TAB
Cleveland Guardians v Chicago White Sox,Cleveland Guardians,Chicago White Sox,Player Hits,Bo Naylor,Cleveland Guardians,Chicago White Sox,0.5,1.58,NA,795399,NA,TAB
Cleveland Guardians v Chicago White Sox,Cleveland Guardians,Chicago White Sox,Player Hits,Andrew Benintendi,Chicago White Sox,Cleveland Guardians,0.5,1.32,NA,795400,NA,TAB
Cleveland Guardians v Chicago White Sox,Cleveland Guardians,Chicago White Sox,Player Hits,Tommy Pham,Chicago White Sox,Cleveland Guardians,0.5,1.36,NA,795407,NA,TAB
Cleveland Guardians v Chicago White Sox,Cleveland Guardians,Chicago White Sox,Player Hits,Andrew Vaughn,Chicago White Sox,Cleveland Guardians,0.5,1.38,NA,795408,NA,TAB
Cleveland Guardians v Chicago White Sox,Cleveland Guardians,Chicago White Sox,Player Hits,Nicky Lopez,Chicago White Sox,Cleveland Guardians,0.5,1.42,NA,795409,NA,TAB
Cleveland Guardians v Chicago White Sox,Cleveland Guardians,Chicago White Sox,Player Hits,Luis Robert Jr.,Chicago White Sox,Cleveland Guardians,0.5,1.45,NA,795410,NA,TAB
Cleveland Guardians v Chicago White Sox,Cleveland Guardians,Chicago White Sox,Player Hits,Lenyn Sosa,Chicago White Sox,Cleveland Guardians,0.5,1.5,NA,795415,NA,TAB
Cleveland Guardians v Chicago White Sox,Cleveland Guardians,Chicago White Sox,Player Hits,Paul DeJong,Chicago White Sox,Cleveland Guardians,0.5,1.55,NA,795417,NA,TAB
Cleveland Guardians v Chicago White Sox,Cleveland Guardians,Chicago White Sox,Player Hits,Steven Kwan,Cleveland Guardians,Chicago White Sox,1.5,2.25,NA,795419,NA,TAB
Cleveland Guardians v Chicago White Sox,Cleveland Guardians,Chicago White Sox,Player Hits,Jose Ramirez,NA,NA,1.5,2.5,NA,795420,NA,TAB
Cleveland Guardians v Chicago White Sox,Cleveland Guardians,Chicago White Sox,Player Hits,Josh Naylor,Cleveland Guardians,Chicago White Sox,1.5,2.5,NA,795427,NA,TAB
Cleveland Guardians v Chicago White Sox,Cleveland Guardians,Chicago White Sox,Player Hits,Daniel Schneemann,Cleveland Guardians,Chicago White Sox,1.5,2.9,NA,795428,NA,TAB
Cleveland Guardians v Chicago White Sox,Cleveland Guardians,Chicago White Sox,Player Hits,Andres Gimenez,NA,NA,1.5,3,NA,795429,NA,TAB
Cleveland Guardians v Chicago White Sox,Cleveland Guardians,Chicago White Sox,Player Hits,David Fry,Cleveland Guardians,Chicago White Sox,1.5,3.1,NA,795430,NA,TAB
Cleveland Guardians v Chicago White Sox,Cleveland Guardians,Chicago White Sox,Player Hits,Tyler Freeman,Cleveland Guardians,Chicago White Sox,1.5,3.3,NA,795431,NA,TAB
Cleveland Guardians v Chicago White Sox,Cleveland Guardians,Chicago White Sox,Player Hits,Brayan Rocchio,Cleveland Guardians,Chicago White Sox,1.5,3.6,NA,795432,NA,TAB
Cleveland Guardians v Chicago White Sox,Cleveland Guardians,Chicago White Sox,Player Hits,Bo Naylor,Cleveland Guardians,Chicago White Sox,1.5,3.75,NA,795433,NA,TAB
Cleveland Guardians v Chicago White Sox,Cleveland Guardians,Chicago White Sox,Player Hits,Andrew Benintendi,Chicago White Sox,Cleveland Guardians,1.5,2.5,NA,795434,NA,TAB
Cleveland Guardians v Chicago White Sox,Cleveland Guardians,Chicago White Sox,Player Hits,Tommy Pham,Chicago White Sox,Cleveland Guardians,1.5,2.6,NA,795436,NA,TAB
Cleveland Guardians v Chicago White Sox,Cleveland Guardians,Chicago White Sox,Player Hits,Andrew Vaughn,Chicago White Sox,Cleveland Guardians,1.5,2.8,NA,795437,NA,TAB
Cleveland Guardians v Chicago White Sox,Cleveland Guardians,Chicago White Sox,Player Hits,Luis Robert Jr.,Chicago White Sox,Cleveland Guardians,1.5,2.9,NA,795438,NA,TAB
Cleveland Guardians v Chicago White Sox,Cleveland Guardians,Chicago White Sox,Player Hits,Nicky Lopez,Chicago White Sox,Cleveland Guardians,1.5,3,NA,795439,NA,TAB
Cleveland Guardians v Chicago White Sox,Cleveland Guardians,Chicago White Sox,Player Hits,Lenyn Sosa,Chicago White Sox,Cleveland Guardians,1.5,3.3,NA,795440,NA,TAB
Cleveland Guardians v Chicago White Sox,Cleveland Guardians,Chicago White Sox,Player Hits,Paul DeJong,Chicago White Sox,Cleveland Guardians,1.5,3.5,NA,795441,NA,TAB
Miami Marlins v Boston Red Sox,Miami Marlins,Boston Red Sox,Player Hits,Bryan De La Cruz,Miami Marlins,Boston Red Sox,0.5,1.4,NA,795699,NA,TAB
Miami Marlins v Boston Red Sox,Miami Marlins,Boston Red Sox,Player Hits,Otto Lopez,Miami Marlins,Boston Red Sox,0.5,1.45,NA,795700,NA,TAB
Miami Marlins v Boston Red Sox,Miami Marlins,Boston Red Sox,Player Hits,Jake Burger,Miami Marlins,Boston Red Sox,0.5,1.45,NA,795707,NA,TAB
Miami Marlins v Boston Red Sox,Miami Marlins,Boston Red Sox,Player Hits,Jesus Sanchez,NA,NA,0.5,1.5,NA,795708,NA,TAB
Miami Marlins v Boston Red Sox,Miami Marlins,Boston Red Sox,Player Hits,Josh Bell,Miami Marlins,Boston Red Sox,0.5,1.5,NA,795709,NA,TAB
Miami Marlins v Boston Red Sox,Miami Marlins,Boston Red Sox,Player Hits,Nick Gordon,Miami Marlins,Boston Red Sox,0.5,1.55,NA,795710,NA,TAB
Miami Marlins v Boston Red Sox,Miami Marlins,Boston Red Sox,Player Hits,Xavier Edwards,NA,NA,0.5,1.58,NA,795717,NA,TAB
Miami Marlins v Boston Red Sox,Miami Marlins,Boston Red Sox,Player Hits,Jazz Chisholm Jr.,Miami Marlins,Boston Red Sox,0.5,1.58,NA,795718,NA,TAB
Miami Marlins v Boston Red Sox,Miami Marlins,Boston Red Sox,Player Hits,Nick Fortes,Miami Marlins,Boston Red Sox,0.5,1.7,NA,795719,NA,TAB
Miami Marlins v Boston Red Sox,Miami Marlins,Boston Red Sox,Player Hits,Rob Refsnyder,Boston Red Sox,Miami Marlins,0.5,1.4,NA,795720,NA,TAB
Miami Marlins v Boston Red Sox,Miami Marlins,Boston Red Sox,Player Hits,Jarren Duran,Boston Red Sox,Miami Marlins,0.5,1.42,NA,795728,NA,TAB
Miami Marlins v Boston Red Sox,Miami Marlins,Boston Red Sox,Player Hits,Connor Wong,Boston Red Sox,Miami Marlins,0.5,1.5,NA,795729,NA,TAB
Miami Marlins v Boston Red Sox,Miami Marlins,Boston Red Sox,Player Hits,Tyler ONeill,NA,NA,0.5,1.5,NA,795730,NA,TAB
Miami Marlins v Boston Red Sox,Miami Marlins,Boston Red Sox,Player Hits,Romy Gonzalez,Boston Red Sox,Miami Marlins,0.5,1.52,NA,795740,NA,TAB
Miami Marlins v Boston Red Sox,Miami Marlins,Boston Red Sox,Player Hits,Ceddanne Rafaela,Boston Red Sox,Miami Marlins,0.5,1.55,NA,795738,NA,TAB
Miami Marlins v Boston Red Sox,Miami Marlins,Boston Red Sox,Player Hits,Rafael Devers,Boston Red Sox,Miami Marlins,0.5,1.55,NA,795739,NA,TAB
Miami Marlins v Boston Red Sox,Miami Marlins,Boston Red Sox,Player Hits,Dominic Smith,Boston Red Sox,Miami Marlins,0.5,1.65,NA,795748,NA,TAB
Miami Marlins v Boston Red Sox,Miami Marlins,Boston Red Sox,Player Hits,David Hamilton,Boston Red Sox,Miami Marlins,0.5,1.85,NA,795749,NA,TAB
Miami Marlins v Boston Red Sox,Miami Marlins,Boston Red Sox,Player Hits,Bryan De La Cruz,Miami Marlins,Boston Red Sox,1.5,2.9,NA,795750,NA,TAB
Miami Marlins v Boston Red Sox,Miami Marlins,Boston Red Sox,Player Hits,Otto Lopez,Miami Marlins,Boston Red Sox,1.5,3,NA,795758,NA,TAB
Miami Marlins v Boston Red Sox,Miami Marlins,Boston Red Sox,Player Hits,Jake Burger,Miami Marlins,Boston Red Sox,1.5,3.2,NA,795759,NA,TAB
Miami Marlins v Boston Red Sox,Miami Marlins,Boston Red Sox,Player Hits,Josh Bell,Miami Marlins,Boston Red Sox,1.5,3.4,NA,795760,NA,TAB
Miami Marlins v Boston Red Sox,Miami Marlins,Boston Red Sox,Player Hits,Jesus Sanchez,NA,NA,1.5,3.4,NA,795769,NA,TAB
Miami Marlins v Boston Red Sox,Miami Marlins,Boston Red Sox,Player Hits,Jazz Chisholm Jr.,Miami Marlins,Boston Red Sox,1.5,3.6,NA,795770,NA,TAB
Miami Marlins v Boston Red Sox,Miami Marlins,Boston Red Sox,Player Hits,Nick Gordon,Miami Marlins,Boston Red Sox,1.5,3.75,NA,795780,NA,TAB
Miami Marlins v Boston Red Sox,Miami Marlins,Boston Red Sox,Player Hits,Xavier Edwards,NA,NA,1.5,3.75,NA,795792,NA,TAB
Miami Marlins v Boston Red Sox,Miami Marlins,Boston Red Sox,Player Hits,Nick Fortes,Miami Marlins,Boston Red Sox,1.5,4.5,NA,795793,NA,TAB
Miami Marlins v Boston Red Sox,Miami Marlins,Boston Red Sox,Player Hits,Rob Refsnyder,Boston Red Sox,Miami Marlins,1.5,2.9,NA,795794,NA,TAB
Miami Marlins v Boston Red Sox,Miami Marlins,Boston Red Sox,Player Hits,Jarren Duran,Boston Red Sox,Miami Marlins,1.5,2.9,NA,795795,NA,TAB
Miami Marlins v Boston Red Sox,Miami Marlins,Boston Red Sox,Player Hits,Connor Wong,Boston Red Sox,Miami Marlins,1.5,3.3,NA,795796,NA,TAB
Miami Marlins v Boston Red Sox,Miami Marlins,Boston Red Sox,Player Hits,Tyler ONeill,NA,NA,1.5,3.3,NA,795797,NA,TAB
Miami Marlins v Boston Red Sox,Miami Marlins,Boston Red Sox,Player Hits,Rafael Devers,Boston Red Sox,Miami Marlins,1.5,3.4,NA,795798,NA,TAB
Miami Marlins v Boston Red Sox,Miami Marlins,Boston Red Sox,Player Hits,Ceddanne Rafaela,Boston Red Sox,Miami Marlins,1.5,3.5,NA,795799,NA,TAB
Miami Marlins v Boston Red Sox,Miami Marlins,Boston Red Sox,Player Hits,Romy Gonzalez,Boston Red Sox,Miami Marlins,1.5,3.5,NA,795800,NA,TAB
Miami Marlins v Boston Red Sox,Miami Marlins,Boston Red Sox,Player Hits,Dominic Smith,Boston Red Sox,Miami Marlins,1.5,4,NA,795812,NA,TAB
Miami Marlins v Boston Red Sox,Miami Marlins,Boston Red Sox,Player Hits,David Hamilton,Boston Red Sox,Miami Marlins,1.5,5.25,NA,795813,NA,TAB
Pittsburgh Pirates v St. Louis Cardinals,Pittsburgh Pirates,St. Louis Cardinals,Player Hits,Masyn Winn,St. Louis Cardinals,Pittsburgh Pirates,0.5,1.35,NA,795066,NA,TAB
Pittsburgh Pirates v St. Louis Cardinals,Pittsburgh Pirates,St. Louis Cardinals,Player Hits,Alec Burleson,St. Louis Cardinals,Pittsburgh Pirates,0.5,1.36,NA,795065,NA,TAB
Pittsburgh Pirates v St. Louis Cardinals,Pittsburgh Pirates,St. Louis Cardinals,Player Hits,Paul Goldschmidt,St. Louis Cardinals,Pittsburgh Pirates,0.5,1.45,NA,795067,NA,TAB
Pittsburgh Pirates v St. Louis Cardinals,Pittsburgh Pirates,St. Louis Cardinals,Player Hits,Brendan Donovan,St. Louis Cardinals,Pittsburgh Pirates,0.5,1.45,NA,795068,NA,TAB
Pittsburgh Pirates v St. Louis Cardinals,Pittsburgh Pirates,St. Louis Cardinals,Player Hits,Willson Contreras,NA,NA,0.5,1.5,NA,795069,NA,TAB
Pittsburgh Pirates v St. Louis Cardinals,Pittsburgh Pirates,St. Louis Cardinals,Player Hits,Nolan Arenado,St. Louis Cardinals,Pittsburgh Pirates,0.5,1.5,NA,795070,NA,TAB
Pittsburgh Pirates v St. Louis Cardinals,Pittsburgh Pirates,St. Louis Cardinals,Player Hits,Michael Siani,St. Louis Cardinals,Pittsburgh Pirates,0.5,1.75,NA,795071,NA,TAB
Pittsburgh Pirates v St. Louis Cardinals,Pittsburgh Pirates,St. Louis Cardinals,Player Hits,Nolan Gorman,St. Louis Cardinals,Pittsburgh Pirates,0.5,1.8,NA,795064,NA,TAB
Pittsburgh Pirates v St. Louis Cardinals,Pittsburgh Pirates,St. Louis Cardinals,Player Hits,Matt Carpenter,St. Louis Cardinals,Pittsburgh Pirates,0.5,1.85,NA,795072,NA,TAB
Pittsburgh Pirates v St. Louis Cardinals,Pittsburgh Pirates,St. Louis Cardinals,Player Hits,Bryan Reynolds,Pittsburgh Pirates,St. Louis Cardinals,0.5,1.28,NA,795055,NA,TAB
Pittsburgh Pirates v St. Louis Cardinals,Pittsburgh Pirates,St. Louis Cardinals,Player Hits,Oneil Cruz,Pittsburgh Pirates,St. Louis Cardinals,0.5,1.35,NA,795056,NA,TAB
Pittsburgh Pirates v St. Louis Cardinals,Pittsburgh Pirates,St. Louis Cardinals,Player Hits,Andrew McCutchen,Pittsburgh Pirates,St. Louis Cardinals,0.5,1.36,NA,795057,NA,TAB
Pittsburgh Pirates v St. Louis Cardinals,Pittsburgh Pirates,St. Louis Cardinals,Player Hits,KeBryan Hayes,NA,NA,0.5,1.38,NA,795058,NA,TAB
Pittsburgh Pirates v St. Louis Cardinals,Pittsburgh Pirates,St. Louis Cardinals,Player Hits,Nick Gonzales,Pittsburgh Pirates,St. Louis Cardinals,0.5,1.38,NA,795059,NA,TAB
Pittsburgh Pirates v St. Louis Cardinals,Pittsburgh Pirates,St. Louis Cardinals,Player Hits,Edward Olivares,Pittsburgh Pirates,St. Louis Cardinals,0.5,1.4,NA,795060,NA,TAB
Pittsburgh Pirates v St. Louis Cardinals,Pittsburgh Pirates,St. Louis Cardinals,Player Hits,Rowdy Tellez,Pittsburgh Pirates,St. Louis Cardinals,0.5,1.48,NA,795061,NA,TAB
Pittsburgh Pirates v St. Louis Cardinals,Pittsburgh Pirates,St. Louis Cardinals,Player Hits,Joey Bart,NA,NA,0.5,1.58,NA,795062,NA,TAB
Pittsburgh Pirates v St. Louis Cardinals,Pittsburgh Pirates,St. Louis Cardinals,Player Hits,Jack Suwinski,Pittsburgh Pirates,St. Louis Cardinals,0.5,1.72,NA,795063,NA,TAB
Pittsburgh Pirates v St. Louis Cardinals,Pittsburgh Pirates,St. Louis Cardinals,Player Hits,Bryan Reynolds,Pittsburgh Pirates,St. Louis Cardinals,1.5,2.4,NA,795073,NA,TAB
Pittsburgh Pirates v St. Louis Cardinals,Pittsburgh Pirates,St. Louis Cardinals,Player Hits,Oneil Cruz,Pittsburgh Pirates,St. Louis Cardinals,1.5,2.6,NA,795074,NA,TAB
Pittsburgh Pirates v St. Louis Cardinals,Pittsburgh Pirates,St. Louis Cardinals,Player Hits,Andrew McCutchen,Pittsburgh Pirates,St. Louis Cardinals,1.5,2.7,NA,795075,NA,TAB
Pittsburgh Pirates v St. Louis Cardinals,Pittsburgh Pirates,St. Louis Cardinals,Player Hits,Nick Gonzales,Pittsburgh Pirates,St. Louis Cardinals,1.5,2.8,NA,795076,NA,TAB
Pittsburgh Pirates v St. Louis Cardinals,Pittsburgh Pirates,St. Louis Cardinals,Player Hits,KeBryan Hayes,NA,NA,1.5,2.8,NA,795077,NA,TAB
Pittsburgh Pirates v St. Louis Cardinals,Pittsburgh Pirates,St. Louis Cardinals,Player Hits,Edward Olivares,Pittsburgh Pirates,St. Louis Cardinals,1.5,2.9,NA,795078,NA,TAB
Pittsburgh Pirates v St. Louis Cardinals,Pittsburgh Pirates,St. Louis Cardinals,Player Hits,Rowdy Tellez,Pittsburgh Pirates,St. Louis Cardinals,1.5,3.2,NA,795079,NA,TAB
Pittsburgh Pirates v St. Louis Cardinals,Pittsburgh Pirates,St. Louis Cardinals,Player Hits,Joey Bart,NA,NA,1.5,3.75,NA,795080,NA,TAB
Pittsburgh Pirates v St. Louis Cardinals,Pittsburgh Pirates,St. Louis Cardinals,Player Hits,Jack Suwinski,Pittsburgh Pirates,St. Louis Cardinals,1.5,4.5,NA,795087,NA,TAB
Pittsburgh Pirates v St. Louis Cardinals,Pittsburgh Pirates,St. Louis Cardinals,Player Hits,Masyn Winn,St. Louis Cardinals,Pittsburgh Pirates,1.5,2.6,NA,795088,NA,TAB
Pittsburgh Pirates v St. Louis Cardinals,Pittsburgh Pirates,St. Louis Cardinals,Player Hits,Alec Burleson,St. Louis Cardinals,Pittsburgh Pirates,1.5,2.7,NA,795089,NA,TAB
Pittsburgh Pirates v St. Louis Cardinals,Pittsburgh Pirates,St. Louis Cardinals,Player Hits,Paul Goldschmidt,St. Louis Cardinals,Pittsburgh Pirates,1.5,3.1,NA,795090,NA,TAB
Pittsburgh Pirates v St. Louis Cardinals,Pittsburgh Pirates,St. Louis Cardinals,Player Hits,Brendan Donovan,St. Louis Cardinals,Pittsburgh Pirates,1.5,3.1,NA,795097,NA,TAB
Pittsburgh Pirates v St. Louis Cardinals,Pittsburgh Pirates,St. Louis Cardinals,Player Hits,Nolan Arenado,St. Louis Cardinals,Pittsburgh Pirates,1.5,3.3,NA,795098,NA,TAB
Pittsburgh Pirates v St. Louis Cardinals,Pittsburgh Pirates,St. Louis Cardinals,Player Hits,Willson Contreras,NA,NA,1.5,3.3,NA,795099,NA,TAB
Pittsburgh Pirates v St. Louis Cardinals,Pittsburgh Pirates,St. Louis Cardinals,Player Hits,Nolan Gorman,St. Louis Cardinals,Pittsburgh Pirates,1.5,5,NA,795107,NA,TAB
Pittsburgh Pirates v St. Louis Cardinals,Pittsburgh Pirates,St. Louis Cardinals,Player Hits,Michael Siani,St. Louis Cardinals,Pittsburgh Pirates,1.5,5,NA,795100,NA,TAB
Pittsburgh Pirates v St. Louis Cardinals,Pittsburgh Pirates,St. Louis Cardinals,Player Hits,Matt Carpenter,St. Louis Cardinals,Pittsburgh Pirates,1.5,5.25,NA,795108,NA,TAB
Washington Nationals v New York Mets,Washington Nationals,New York Mets,Player Hits,Luis García Jr.,Washington Nationals,New York Mets,0.5,1.36,NA,796164,NA,TAB
Washington Nationals v New York Mets,Washington Nationals,New York Mets,Player Hits,CJ Abrams,Washington Nationals,New York Mets,0.5,1.4,NA,796165,NA,TAB
Washington Nationals v New York Mets,Washington Nationals,New York Mets,Player Hits,Joey Meneses,Washington Nationals,New York Mets,0.5,1.4,NA,796166,NA,TAB
Washington Nationals v New York Mets,Washington Nationals,New York Mets,Player Hits,Lane Thomas,Washington Nationals,New York Mets,0.5,1.48,NA,796167,NA,TAB
Washington Nationals v New York Mets,Washington Nationals,New York Mets,Player Hits,James Wood,NA,NA,0.5,1.52,NA,796168,NA,TAB
Washington Nationals v New York Mets,Washington Nationals,New York Mets,Player Hits,Jesse Winker,Washington Nationals,New York Mets,0.5,1.62,NA,796170,NA,TAB
Washington Nationals v New York Mets,Washington Nationals,New York Mets,Player Hits,Jacob Young,Washington Nationals,New York Mets,0.5,1.65,NA,796171,NA,TAB
Washington Nationals v New York Mets,Washington Nationals,New York Mets,Player Hits,Nick Senzel,Washington Nationals,New York Mets,0.5,1.8,NA,796172,NA,TAB
Washington Nationals v New York Mets,Washington Nationals,New York Mets,Player Hits,Francisco Lindor,New York Mets,Washington Nationals,0.5,1.35,NA,796173,NA,TAB
Washington Nationals v New York Mets,Washington Nationals,New York Mets,Player Hits,Mark Vientos,New York Mets,Washington Nationals,0.5,1.38,NA,796174,NA,TAB
Washington Nationals v New York Mets,Washington Nationals,New York Mets,Player Hits,Brandon Nimmo,New York Mets,Washington Nationals,0.5,1.4,NA,796175,NA,TAB
Washington Nationals v New York Mets,Washington Nationals,New York Mets,Player Hits,Jose Iglesias,New York Mets,Washington Nationals,0.5,1.42,NA,796176,NA,TAB
Washington Nationals v New York Mets,Washington Nationals,New York Mets,Player Hits,Tyrone Taylor,New York Mets,Washington Nationals,0.5,1.45,NA,796177,NA,TAB
Washington Nationals v New York Mets,Washington Nationals,New York Mets,Player Hits,Pete Alonso,New York Mets,Washington Nationals,0.5,1.45,NA,796178,NA,TAB
Washington Nationals v New York Mets,Washington Nationals,New York Mets,Player Hits,Francisco Alvarez,New York Mets,Washington Nationals,0.5,1.45,NA,796179,NA,TAB
Washington Nationals v New York Mets,Washington Nationals,New York Mets,Player Hits,Luis Torrens,NA,NA,0.5,1.5,NA,796180,NA,TAB
Washington Nationals v New York Mets,Washington Nationals,New York Mets,Player Hits,Luis García Jr.,Washington Nationals,New York Mets,0.5,1.36,NA,801006,NA,TAB
Washington Nationals v New York Mets,Washington Nationals,New York Mets,Player Hits,CJ Abrams,Washington Nationals,New York Mets,0.5,1.4,NA,801007,NA,TAB
Washington Nationals v New York Mets,Washington Nationals,New York Mets,Player Hits,Joey Meneses,Washington Nationals,New York Mets,0.5,1.4,NA,801008,NA,TAB
Washington Nationals v New York Mets,Washington Nationals,New York Mets,Player Hits,Lane Thomas,Washington Nationals,New York Mets,0.5,1.48,NA,801009,NA,TAB
Washington Nationals v New York Mets,Washington Nationals,New York Mets,Player Hits,James Wood,NA,NA,0.5,1.52,NA,801010,NA,TAB
Washington Nationals v New York Mets,Washington Nationals,New York Mets,Player Hits,Jesse Winker,Washington Nationals,New York Mets,0.5,1.62,NA,801012,NA,TAB
Washington Nationals v New York Mets,Washington Nationals,New York Mets,Player Hits,Jacob Young,Washington Nationals,New York Mets,0.5,1.65,NA,801013,NA,TAB
Washington Nationals v New York Mets,Washington Nationals,New York Mets,Player Hits,Nick Senzel,Washington Nationals,New York Mets,0.5,1.8,NA,801014,NA,TAB
Washington Nationals v New York Mets,Washington Nationals,New York Mets,Player Hits,Francisco Lindor,New York Mets,Washington Nationals,0.5,1.35,NA,801015,NA,TAB
Washington Nationals v New York Mets,Washington Nationals,New York Mets,Player Hits,Mark Vientos,New York Mets,Washington Nationals,0.5,1.38,NA,801016,NA,TAB
Washington Nationals v New York Mets,Washington Nationals,New York Mets,Player Hits,Brandon Nimmo,New York Mets,Washington Nationals,0.5,1.4,NA,801017,NA,TAB
Washington Nationals v New York Mets,Washington Nationals,New York Mets,Player Hits,Jose Iglesias,New York Mets,Washington Nationals,0.5,1.42,NA,801018,NA,TAB
Washington Nationals v New York Mets,Washington Nationals,New York Mets,Player Hits,Pete Alonso,New York Mets,Washington Nationals,0.5,1.45,NA,801020,NA,TAB
Washington Nationals v New York Mets,Washington Nationals,New York Mets,Player Hits,Tyrone Taylor,New York Mets,Washington Nationals,0.5,1.45,NA,801019,NA,TAB
Washington Nationals v New York Mets,Washington Nationals,New York Mets,Player Hits,Francisco Alvarez,New York Mets,Washington Nationals,0.5,1.45,NA,801021,NA,TAB
Washington Nationals v New York Mets,Washington Nationals,New York Mets,Player Hits,Luis Torrens,NA,NA,0.5,1.5,NA,801022,NA,TAB
Washington Nationals v New York Mets,Washington Nationals,New York Mets,Player Hits,Luis García Jr.,Washington Nationals,New York Mets,1.5,2.7,NA,796194,NA,TAB
Washington Nationals v New York Mets,Washington Nationals,New York Mets,Player Hits,CJ Abrams,Washington Nationals,New York Mets,1.5,2.9,NA,796195,NA,TAB
Washington Nationals v New York Mets,Washington Nationals,New York Mets,Player Hits,Joey Meneses,Washington Nationals,New York Mets,1.5,2.9,NA,796196,NA,TAB
Washington Nationals v New York Mets,Washington Nationals,New York Mets,Player Hits,Lane Thomas,Washington Nationals,New York Mets,1.5,3.3,NA,796197,NA,TAB
Washington Nationals v New York Mets,Washington Nationals,New York Mets,Player Hits,James Wood,NA,NA,1.5,3.5,NA,796198,NA,TAB
Washington Nationals v New York Mets,Washington Nationals,New York Mets,Player Hits,Jesse Winker,Washington Nationals,New York Mets,1.5,4,NA,796200,NA,TAB
Washington Nationals v New York Mets,Washington Nationals,New York Mets,Player Hits,Jacob Young,Washington Nationals,New York Mets,1.5,4,NA,796215,NA,TAB
Washington Nationals v New York Mets,Washington Nationals,New York Mets,Player Hits,Nick Senzel,Washington Nationals,New York Mets,1.5,5,NA,796216,NA,TAB
Washington Nationals v New York Mets,Washington Nationals,New York Mets,Player Hits,Francisco Lindor,New York Mets,Washington Nationals,1.5,2.5,NA,796217,NA,TAB
Washington Nationals v New York Mets,Washington Nationals,New York Mets,Player Hits,Mark Vientos,New York Mets,Washington Nationals,1.5,2.7,NA,796218,NA,TAB
Washington Nationals v New York Mets,Washington Nationals,New York Mets,Player Hits,Brandon Nimmo,New York Mets,Washington Nationals,1.5,2.7,NA,796219,NA,TAB
Washington Nationals v New York Mets,Washington Nationals,New York Mets,Player Hits,Jose Iglesias,New York Mets,Washington Nationals,1.5,2.9,NA,796220,NA,TAB
Washington Nationals v New York Mets,Washington Nationals,New York Mets,Player Hits,Francisco Alvarez,New York Mets,Washington Nationals,1.5,3.1,NA,796240,NA,TAB
Washington Nationals v New York Mets,Washington Nationals,New York Mets,Player Hits,Pete Alonso,New York Mets,Washington Nationals,1.5,3.1,NA,796248,NA,TAB
Washington Nationals v New York Mets,Washington Nationals,New York Mets,Player Hits,Tyrone Taylor,New York Mets,Washington Nationals,1.5,3.1,NA,796249,NA,TAB
Washington Nationals v New York Mets,Washington Nationals,New York Mets,Player Hits,Luis Torrens,NA,NA,1.5,3.3,NA,796250,NA,TAB
Washington Nationals v New York Mets,Washington Nationals,New York Mets,Player Hits,Luis García Jr.,Washington Nationals,New York Mets,1.5,2.7,NA,801024,NA,TAB
Washington Nationals v New York Mets,Washington Nationals,New York Mets,Player Hits,CJ Abrams,Washington Nationals,New York Mets,1.5,2.9,NA,801025,NA,TAB
Washington Nationals v New York Mets,Washington Nationals,New York Mets,Player Hits,Joey Meneses,Washington Nationals,New York Mets,1.5,2.9,NA,801026,NA,TAB
Washington Nationals v New York Mets,Washington Nationals,New York Mets,Player Hits,Lane Thomas,Washington Nationals,New York Mets,1.5,3.3,NA,801027,NA,TAB
Washington Nationals v New York Mets,Washington Nationals,New York Mets,Player Hits,James Wood,NA,NA,1.5,3.5,NA,801028,NA,TAB
Washington Nationals v New York Mets,Washington Nationals,New York Mets,Player Hits,Jesse Winker,Washington Nationals,New York Mets,1.5,4,NA,801030,NA,TAB
Washington Nationals v New York Mets,Washington Nationals,New York Mets,Player Hits,Jacob Young,Washington Nationals,New York Mets,1.5,4,NA,801031,NA,TAB
Washington Nationals v New York Mets,Washington Nationals,New York Mets,Player Hits,Nick Senzel,Washington Nationals,New York Mets,1.5,5,NA,801032,NA,TAB
Washington Nationals v New York Mets,Washington Nationals,New York Mets,Player Hits,Francisco Lindor,New York Mets,Washington Nationals,1.5,2.5,NA,801033,NA,TAB
Washington Nationals v New York Mets,Washington Nationals,New York Mets,Player Hits,Mark Vientos,New York Mets,Washington Nationals,1.5,2.7,NA,801034,NA,TAB
Washington Nationals v New York Mets,Washington Nationals,New York Mets,Player Hits,Brandon Nimmo,New York Mets,Washington Nationals,1.5,2.7,NA,801035,NA,TAB
Washington Nationals v New York Mets,Washington Nationals,New York Mets,Player Hits,Jose Iglesias,New York Mets,Washington Nationals,1.5,2.9,NA,801036,NA,TAB
Washington Nationals v New York Mets,Washington Nationals,New York Mets,Player Hits,Francisco Alvarez,New York Mets,Washington Nationals,1.5,3.1,NA,801037,NA,TAB
Washington Nationals v New York Mets,Washington Nationals,New York Mets,Player Hits,Pete Alonso,New York Mets,Washington Nationals,1.5,3.1,NA,801038,NA,TAB
Washington Nationals v New York Mets,Washington Nationals,New York Mets,Player Hits,Tyrone Taylor,New York Mets,Washington Nationals,1.5,3.1,NA,801039,NA,TAB
Washington Nationals v New York Mets,Washington Nationals,New York Mets,Player Hits,Luis Torrens,NA,NA,1.5,3.3,NA,801040,NA,TAB
New York Yankees v Cincinnati Reds,New York Yankees,Cincinnati Reds,Player Hits,Anthony Volpe,New York Yankees,Cincinnati Reds,0.5,1.36,NA,796650,NA,TAB
New York Yankees v Cincinnati Reds,New York Yankees,Cincinnati Reds,Player Hits,Aaron Judge,New York Yankees,Cincinnati Reds,0.5,1.45,NA,796651,NA,TAB
New York Yankees v Cincinnati Reds,New York Yankees,Cincinnati Reds,Player Hits,Juan Soto,New York Yankees,Cincinnati Reds,0.5,1.52,NA,796652,NA,TAB
New York Yankees v Cincinnati Reds,New York Yankees,Cincinnati Reds,Player Hits,J.D. Davis,NA,NA,0.5,1.52,NA,796654,NA,TAB
New York Yankees v Cincinnati Reds,New York Yankees,Cincinnati Reds,Player Hits,DJ LeMahieu,New York Yankees,Cincinnati Reds,0.5,1.55,NA,796653,NA,TAB
New York Yankees v Cincinnati Reds,New York Yankees,Cincinnati Reds,Player Hits,Gleyber Torres,New York Yankees,Cincinnati Reds,0.5,1.55,NA,796655,NA,TAB
New York Yankees v Cincinnati Reds,New York Yankees,Cincinnati Reds,Player Hits,Jose Trevino,New York Yankees,Cincinnati Reds,0.5,1.62,NA,796656,NA,TAB
New York Yankees v Cincinnati Reds,New York Yankees,Cincinnati Reds,Player Hits,Alex Verdugo,New York Yankees,Cincinnati Reds,0.5,1.62,NA,796657,NA,TAB
New York Yankees v Cincinnati Reds,New York Yankees,Cincinnati Reds,Player Hits,Oswaldo Cabrera,New York Yankees,Cincinnati Reds,0.5,1.68,NA,796658,NA,TAB
New York Yankees v Cincinnati Reds,New York Yankees,Cincinnati Reds,Player Hits,Tyler Stephenson,Cincinnati Reds,New York Yankees,0.5,1.4,NA,796659,NA,TAB
New York Yankees v Cincinnati Reds,New York Yankees,Cincinnati Reds,Player Hits,Spencer Steer,Cincinnati Reds,New York Yankees,0.5,1.45,NA,796660,NA,TAB
New York Yankees v Cincinnati Reds,New York Yankees,Cincinnati Reds,Player Hits,Santiago Espinal,Cincinnati Reds,New York Yankees,0.5,1.45,NA,796661,NA,TAB
New York Yankees v Cincinnati Reds,New York Yankees,Cincinnati Reds,Player Hits,Jonathan India,Cincinnati Reds,New York Yankees,0.5,1.5,NA,796663,NA,TAB
New York Yankees v Cincinnati Reds,New York Yankees,Cincinnati Reds,Player Hits,Jeimer Candelario,Cincinnati Reds,New York Yankees,0.5,1.52,NA,796662,NA,TAB
New York Yankees v Cincinnati Reds,New York Yankees,Cincinnati Reds,Player Hits,Elly De La Cruz,Cincinnati Reds,New York Yankees,0.5,1.62,NA,796664,NA,TAB
New York Yankees v Cincinnati Reds,New York Yankees,Cincinnati Reds,Player Hits,Anthony Volpe,New York Yankees,Cincinnati Reds,1.5,2.7,NA,796668,NA,TAB
New York Yankees v Cincinnati Reds,New York Yankees,Cincinnati Reds,Player Hits,Aaron Judge,New York Yankees,Cincinnati Reds,1.5,3.2,NA,796669,NA,TAB
New York Yankees v Cincinnati Reds,New York Yankees,Cincinnati Reds,Player Hits,Juan Soto,New York Yankees,Cincinnati Reds,1.5,3.3,NA,796670,NA,TAB
New York Yankees v Cincinnati Reds,New York Yankees,Cincinnati Reds,Player Hits,J.D. Davis,NA,NA,1.5,3.4,NA,796671,NA,TAB
New York Yankees v Cincinnati Reds,New York Yankees,Cincinnati Reds,Player Hits,Gleyber Torres,New York Yankees,Cincinnati Reds,1.5,3.5,NA,796672,NA,TAB
New York Yankees v Cincinnati Reds,New York Yankees,Cincinnati Reds,Player Hits,DJ LeMahieu,New York Yankees,Cincinnati Reds,1.5,3.5,NA,796673,NA,TAB
New York Yankees v Cincinnati Reds,New York Yankees,Cincinnati Reds,Player Hits,Jose Trevino,New York Yankees,Cincinnati Reds,1.5,3.75,NA,796674,NA,TAB
New York Yankees v Cincinnati Reds,New York Yankees,Cincinnati Reds,Player Hits,Alex Verdugo,New York Yankees,Cincinnati Reds,1.5,4,NA,796675,NA,TAB
New York Yankees v Cincinnati Reds,New York Yankees,Cincinnati Reds,Player Hits,Oswaldo Cabrera,New York Yankees,Cincinnati Reds,1.5,4.25,NA,796676,NA,TAB
New York Yankees v Cincinnati Reds,New York Yankees,Cincinnati Reds,Player Hits,Tyler Stephenson,Cincinnati Reds,New York Yankees,1.5,2.9,NA,796677,NA,TAB
New York Yankees v Cincinnati Reds,New York Yankees,Cincinnati Reds,Player Hits,Spencer Steer,Cincinnati Reds,New York Yankees,1.5,3.1,NA,796678,NA,TAB
New York Yankees v Cincinnati Reds,New York Yankees,Cincinnati Reds,Player Hits,Santiago Espinal,Cincinnati Reds,New York Yankees,1.5,3.1,NA,796679,NA,TAB
New York Yankees v Cincinnati Reds,New York Yankees,Cincinnati Reds,Player Hits,Jonathan India,Cincinnati Reds,New York Yankees,1.5,3.2,NA,796680,NA,TAB
New York Yankees v Cincinnati Reds,New York Yankees,Cincinnati Reds,Player Hits,Jeimer Candelario,Cincinnati Reds,New York Yankees,1.5,3.4,NA,796681,NA,TAB
New York Yankees v Cincinnati Reds,New York Yankees,Cincinnati Reds,Player Hits,Elly De La Cruz,Cincinnati Reds,New York Yankees,1.5,3.75,NA,796682,NA,TAB
Toronto Blue Jays v Houston Astros,Toronto Blue Jays,Houston Astros,Player Hits,Bo Bichette,NA,NA,0.5,1.28,NA,797060,NA,TAB
Toronto Blue Jays v Houston Astros,Toronto Blue Jays,Houston Astros,Player Hits,Vladimir Guerrero Jr.,Toronto Blue Jays,Houston Astros,0.5,1.32,NA,797070,NA,TAB
Toronto Blue Jays v Houston Astros,Toronto Blue Jays,Houston Astros,Player Hits,George Springer,Toronto Blue Jays,Houston Astros,0.5,1.38,NA,797080,NA,TAB
Toronto Blue Jays v Houston Astros,Toronto Blue Jays,Houston Astros,Player Hits,Alejandro Kirk,Toronto Blue Jays,Houston Astros,0.5,1.42,NA,797092,NA,TAB
Toronto Blue Jays v Houston Astros,Toronto Blue Jays,Houston Astros,Player Hits,Spencer Horwitz,Toronto Blue Jays,Houston Astros,0.5,1.42,NA,797093,NA,TAB
Toronto Blue Jays v Houston Astros,Toronto Blue Jays,Houston Astros,Player Hits,Ernie Clement,Toronto Blue Jays,Houston Astros,0.5,1.45,NA,797094,NA,TAB
Toronto Blue Jays v Houston Astros,Toronto Blue Jays,Houston Astros,Player Hits,Davis Schneider,Toronto Blue Jays,Houston Astros,0.5,1.52,NA,797095,NA,TAB
Toronto Blue Jays v Houston Astros,Toronto Blue Jays,Houston Astros,Player Hits,Leo Jimenez,NA,NA,0.5,1.52,NA,797096,NA,TAB
Toronto Blue Jays v Houston Astros,Toronto Blue Jays,Houston Astros,Player Hits,Kevin Kiermaier,Toronto Blue Jays,Houston Astros,0.5,1.65,NA,797097,NA,TAB
Toronto Blue Jays v Houston Astros,Toronto Blue Jays,Houston Astros,Player Hits,Yainer Diaz,Houston Astros,Toronto Blue Jays,0.5,1.33,NA,797098,NA,TAB
Toronto Blue Jays v Houston Astros,Toronto Blue Jays,Houston Astros,Player Hits,Jose Altuve,Houston Astros,Toronto Blue Jays,0.5,1.35,NA,797099,NA,TAB
Toronto Blue Jays v Houston Astros,Toronto Blue Jays,Houston Astros,Player Hits,Mauricio Dubón,Houston Astros,Toronto Blue Jays,0.5,1.36,NA,797112,NA,TAB
Toronto Blue Jays v Houston Astros,Toronto Blue Jays,Houston Astros,Player Hits,Jeremy Peña,Houston Astros,Toronto Blue Jays,0.5,1.36,NA,797100,NA,TAB
Toronto Blue Jays v Houston Astros,Toronto Blue Jays,Houston Astros,Player Hits,Alex Bregman,Houston Astros,Toronto Blue Jays,0.5,1.38,NA,797113,NA,TAB
Toronto Blue Jays v Houston Astros,Toronto Blue Jays,Houston Astros,Player Hits,Yordan Alvarez,Houston Astros,Toronto Blue Jays,0.5,1.38,NA,797114,NA,TAB
Toronto Blue Jays v Houston Astros,Toronto Blue Jays,Houston Astros,Player Hits,Jake Meyers,Houston Astros,Toronto Blue Jays,0.5,1.48,NA,797115,NA,TAB
Toronto Blue Jays v Houston Astros,Toronto Blue Jays,Houston Astros,Player Hits,Chas McCormick,Houston Astros,Toronto Blue Jays,0.5,1.62,NA,797116,NA,TAB
Toronto Blue Jays v Houston Astros,Toronto Blue Jays,Houston Astros,Player Hits,Joey Loperfido,Houston Astros,Toronto Blue Jays,0.5,1.85,NA,797117,NA,TAB
Toronto Blue Jays v Houston Astros,Toronto Blue Jays,Houston Astros,Player Hits,Bo Bichette,NA,NA,1.5,2.3,NA,797118,NA,TAB
Toronto Blue Jays v Houston Astros,Toronto Blue Jays,Houston Astros,Player Hits,Vladimir Guerrero Jr.,Toronto Blue Jays,Houston Astros,1.5,2.4,NA,797119,NA,TAB
Toronto Blue Jays v Houston Astros,Toronto Blue Jays,Houston Astros,Player Hits,George Springer,Toronto Blue Jays,Houston Astros,1.5,2.7,NA,797120,NA,TAB
Toronto Blue Jays v Houston Astros,Toronto Blue Jays,Houston Astros,Player Hits,Alejandro Kirk,Toronto Blue Jays,Houston Astros,1.5,3,NA,797140,NA,TAB
Toronto Blue Jays v Houston Astros,Toronto Blue Jays,Houston Astros,Player Hits,Spencer Horwitz,Toronto Blue Jays,Houston Astros,1.5,3,NA,797139,NA,TAB
Toronto Blue Jays v Houston Astros,Toronto Blue Jays,Houston Astros,Player Hits,Ernie Clement,Toronto Blue Jays,Houston Astros,1.5,3.1,NA,797190,NA,TAB
Toronto Blue Jays v Houston Astros,Toronto Blue Jays,Houston Astros,Player Hits,Davis Schneider,Toronto Blue Jays,Houston Astros,1.5,3.4,NA,797198,NA,TAB
Toronto Blue Jays v Houston Astros,Toronto Blue Jays,Houston Astros,Player Hits,Leo Jimenez,NA,NA,1.5,3.4,NA,797199,NA,TAB
Toronto Blue Jays v Houston Astros,Toronto Blue Jays,Houston Astros,Player Hits,Kevin Kiermaier,Toronto Blue Jays,Houston Astros,1.5,4.25,NA,797200,NA,TAB
Toronto Blue Jays v Houston Astros,Toronto Blue Jays,Houston Astros,Player Hits,Jose Altuve,Houston Astros,Toronto Blue Jays,1.5,2.4,NA,797208,NA,TAB
Toronto Blue Jays v Houston Astros,Toronto Blue Jays,Houston Astros,Player Hits,Yainer Diaz,Houston Astros,Toronto Blue Jays,1.5,2.5,NA,797209,NA,TAB
Toronto Blue Jays v Houston Astros,Toronto Blue Jays,Houston Astros,Player Hits,Alex Bregman,Houston Astros,Toronto Blue Jays,1.5,2.5,NA,797228,NA,TAB
Toronto Blue Jays v Houston Astros,Toronto Blue Jays,Houston Astros,Player Hits,Mauricio Dubón,Houston Astros,Toronto Blue Jays,1.5,2.6,NA,797210,NA,TAB
Toronto Blue Jays v Houston Astros,Toronto Blue Jays,Houston Astros,Player Hits,Jeremy Peña,Houston Astros,Toronto Blue Jays,1.5,2.7,NA,797220,NA,TAB
Toronto Blue Jays v Houston Astros,Toronto Blue Jays,Houston Astros,Player Hits,Yordan Alvarez,Houston Astros,Toronto Blue Jays,1.5,2.7,NA,797229,NA,TAB
Toronto Blue Jays v Houston Astros,Toronto Blue Jays,Houston Astros,Player Hits,Jake Meyers,Houston Astros,Toronto Blue Jays,1.5,3.1,NA,797230,NA,TAB
Toronto Blue Jays v Houston Astros,Toronto Blue Jays,Houston Astros,Player Hits,Chas McCormick,Houston Astros,Toronto Blue Jays,1.5,3.75,NA,797250,NA,TAB
Toronto Blue Jays v Houston Astros,Toronto Blue Jays,Houston Astros,Player Hits,Joey Loperfido,Houston Astros,Toronto Blue Jays,1.5,5.25,NA,797260,NA,TAB
Atlanta Braves v San Francisco Giants,Atlanta Braves,San Francisco Giants,Player Hits,Matt Chapman,San Francisco Giants,Atlanta Braves,0.5,1.48,NA,798139,NA,TAB
Atlanta Braves v San Francisco Giants,Atlanta Braves,San Francisco Giants,Player Hits,Luis Matos,San Francisco Giants,Atlanta Braves,0.5,1.5,NA,798140,NA,TAB
Atlanta Braves v San Francisco Giants,Atlanta Braves,San Francisco Giants,Player Hits,Heliot Ramos,San Francisco Giants,Atlanta Braves,0.5,1.52,NA,798147,NA,TAB
Atlanta Braves v San Francisco Giants,Atlanta Braves,San Francisco Giants,Player Hits,Jorge Soler,San Francisco Giants,Atlanta Braves,0.5,1.52,NA,798148,NA,TAB
Atlanta Braves v San Francisco Giants,Atlanta Braves,San Francisco Giants,Player Hits,Patrick Bailey,San Francisco Giants,Atlanta Braves,0.5,1.55,NA,798149,NA,TAB
Atlanta Braves v San Francisco Giants,Atlanta Braves,San Francisco Giants,Player Hits,Austin Slater,San Francisco Giants,Atlanta Braves,0.5,1.6,NA,798150,NA,TAB
Atlanta Braves v San Francisco Giants,Atlanta Braves,San Francisco Giants,Player Hits,Nick Ahmed,San Francisco Giants,Atlanta Braves,0.5,1.72,NA,798157,NA,TAB
Atlanta Braves v San Francisco Giants,Atlanta Braves,San Francisco Giants,Player Hits,David Villar,San Francisco Giants,Atlanta Braves,0.5,1.8,NA,798138,NA,TAB
Atlanta Braves v San Francisco Giants,Atlanta Braves,San Francisco Giants,Player Hits,Tyler Fitzgerald,NA,NA,0.5,1.85,NA,798158,NA,TAB
Atlanta Braves v San Francisco Giants,Atlanta Braves,San Francisco Giants,Player Hits,Marcell Ozuna,Atlanta Braves,San Francisco Giants,0.5,1.33,NA,798117,NA,TAB
Atlanta Braves v San Francisco Giants,Atlanta Braves,San Francisco Giants,Player Hits,Austin Riley,Atlanta Braves,San Francisco Giants,0.5,1.36,NA,798118,NA,TAB
Atlanta Braves v San Francisco Giants,Atlanta Braves,San Francisco Giants,Player Hits,Ozzie Albies,Atlanta Braves,San Francisco Giants,0.5,1.38,NA,798119,NA,TAB
Atlanta Braves v San Francisco Giants,Atlanta Braves,San Francisco Giants,Player Hits,Jarred Kelenic,Atlanta Braves,San Francisco Giants,0.5,1.45,NA,798120,NA,TAB
Atlanta Braves v San Francisco Giants,Atlanta Braves,San Francisco Giants,Player Hits,Matt Olson,Atlanta Braves,San Francisco Giants,0.5,1.5,NA,798127,NA,TAB
Atlanta Braves v San Francisco Giants,Atlanta Braves,San Francisco Giants,Player Hits,Sean Murphy,Atlanta Braves,San Francisco Giants,0.5,1.52,NA,798128,NA,TAB
Atlanta Braves v San Francisco Giants,Atlanta Braves,San Francisco Giants,Player Hits,Adam Duvall,Atlanta Braves,San Francisco Giants,0.5,1.55,NA,798129,NA,TAB
Atlanta Braves v San Francisco Giants,Atlanta Braves,San Francisco Giants,Player Hits,Orlando Arcia,Atlanta Braves,San Francisco Giants,0.5,1.55,NA,798130,NA,TAB
Atlanta Braves v San Francisco Giants,Atlanta Braves,San Francisco Giants,Player Hits,Forrest Wall,Atlanta Braves,San Francisco Giants,0.5,1.65,NA,798137,NA,TAB
Atlanta Braves v San Francisco Giants,Atlanta Braves,San Francisco Giants,Player Hits,Marcell Ozuna,Atlanta Braves,San Francisco Giants,1.5,2.6,NA,798159,NA,TAB
Atlanta Braves v San Francisco Giants,Atlanta Braves,San Francisco Giants,Player Hits,Ozzie Albies,Atlanta Braves,San Francisco Giants,1.5,2.7,NA,798160,NA,TAB
Atlanta Braves v San Francisco Giants,Atlanta Braves,San Francisco Giants,Player Hits,Austin Riley,Atlanta Braves,San Francisco Giants,1.5,2.8,NA,798167,NA,TAB
Atlanta Braves v San Francisco Giants,Atlanta Braves,San Francisco Giants,Player Hits,Jarred Kelenic,Atlanta Braves,San Francisco Giants,1.5,3.1,NA,798168,NA,TAB
Atlanta Braves v San Francisco Giants,Atlanta Braves,San Francisco Giants,Player Hits,Sean Murphy,Atlanta Braves,San Francisco Giants,1.5,3.3,NA,798169,NA,TAB
Atlanta Braves v San Francisco Giants,Atlanta Braves,San Francisco Giants,Player Hits,Matt Olson,Atlanta Braves,San Francisco Giants,1.5,3.4,NA,798170,NA,TAB
Atlanta Braves v San Francisco Giants,Atlanta Braves,San Francisco Giants,Player Hits,Adam Duvall,Atlanta Braves,San Francisco Giants,1.5,3.6,NA,798177,NA,TAB
Atlanta Braves v San Francisco Giants,Atlanta Braves,San Francisco Giants,Player Hits,Orlando Arcia,Atlanta Braves,San Francisco Giants,1.5,3.75,NA,798178,NA,TAB
Atlanta Braves v San Francisco Giants,Atlanta Braves,San Francisco Giants,Player Hits,Forrest Wall,Atlanta Braves,San Francisco Giants,1.5,4.25,NA,798179,NA,TAB
Atlanta Braves v San Francisco Giants,Atlanta Braves,San Francisco Giants,Player Hits,Matt Chapman,San Francisco Giants,Atlanta Braves,1.5,3.2,NA,798180,NA,TAB
Atlanta Braves v San Francisco Giants,Atlanta Braves,San Francisco Giants,Player Hits,Luis Matos,San Francisco Giants,Atlanta Braves,1.5,3.3,NA,798189,NA,TAB
Atlanta Braves v San Francisco Giants,Atlanta Braves,San Francisco Giants,Player Hits,Jorge Soler,San Francisco Giants,Atlanta Braves,1.5,3.3,NA,798187,NA,TAB
Atlanta Braves v San Francisco Giants,Atlanta Braves,San Francisco Giants,Player Hits,Heliot Ramos,San Francisco Giants,Atlanta Braves,1.5,3.4,NA,798188,NA,TAB
Atlanta Braves v San Francisco Giants,Atlanta Braves,San Francisco Giants,Player Hits,Patrick Bailey,San Francisco Giants,Atlanta Braves,1.5,3.5,NA,798190,NA,TAB
Atlanta Braves v San Francisco Giants,Atlanta Braves,San Francisco Giants,Player Hits,Austin Slater,San Francisco Giants,Atlanta Braves,1.5,3.75,NA,798197,NA,TAB
Atlanta Braves v San Francisco Giants,Atlanta Braves,San Francisco Giants,Player Hits,Nick Ahmed,San Francisco Giants,Atlanta Braves,1.5,4.5,NA,798198,NA,TAB
Atlanta Braves v San Francisco Giants,Atlanta Braves,San Francisco Giants,Player Hits,David Villar,San Francisco Giants,Atlanta Braves,1.5,4.75,NA,798199,NA,TAB
Atlanta Braves v San Francisco Giants,Atlanta Braves,San Francisco Giants,Player Hits,Tyler Fitzgerald,NA,NA,1.5,5,NA,798200,NA,TAB
Chicago Cubs v Philadelphia Phillies,Chicago Cubs,Philadelphia Phillies,Player Hits,Nico Hoerner,Chicago Cubs,Philadelphia Phillies,0.5,1.45,NA,798824,NA,TAB
Chicago Cubs v Philadelphia Phillies,Chicago Cubs,Philadelphia Phillies,Player Hits,Cody Bellinger,Chicago Cubs,Philadelphia Phillies,0.5,1.48,NA,798825,NA,TAB
Chicago Cubs v Philadelphia Phillies,Chicago Cubs,Philadelphia Phillies,Player Hits,Seiya Suzuki,Chicago Cubs,Philadelphia Phillies,0.5,1.58,NA,798826,NA,TAB
Chicago Cubs v Philadelphia Phillies,Chicago Cubs,Philadelphia Phillies,Player Hits,Ian Happ,Chicago Cubs,Philadelphia Phillies,0.5,1.7,NA,798827,NA,TAB
Chicago Cubs v Philadelphia Phillies,Chicago Cubs,Philadelphia Phillies,Player Hits,Dansby Swanson,Chicago Cubs,Philadelphia Phillies,0.5,1.7,NA,798829,NA,TAB
Chicago Cubs v Philadelphia Phillies,Chicago Cubs,Philadelphia Phillies,Player Hits,Pete Crow-Armstrong,Chicago Cubs,Philadelphia Phillies,0.5,1.7,NA,798830,NA,TAB
Chicago Cubs v Philadelphia Phillies,Chicago Cubs,Philadelphia Phillies,Player Hits,Christopher Morel,Chicago Cubs,Philadelphia Phillies,0.5,1.72,NA,798828,NA,TAB
Chicago Cubs v Philadelphia Phillies,Chicago Cubs,Philadelphia Phillies,Player Hits,Michael Busch,Chicago Cubs,Philadelphia Phillies,0.5,1.72,NA,798838,NA,TAB
Chicago Cubs v Philadelphia Phillies,Chicago Cubs,Philadelphia Phillies,Player Hits,Miguel Amaya,Chicago Cubs,Philadelphia Phillies,0.5,1.9,NA,798839,NA,TAB
Chicago Cubs v Philadelphia Phillies,Chicago Cubs,Philadelphia Phillies,Player Hits,Alec Bohm,Philadelphia Phillies,Chicago Cubs,0.5,1.32,NA,798840,NA,TAB
Chicago Cubs v Philadelphia Phillies,Chicago Cubs,Philadelphia Phillies,Player Hits,Trea Turner,Philadelphia Phillies,Chicago Cubs,0.5,1.33,NA,798859,NA,TAB
Chicago Cubs v Philadelphia Phillies,Chicago Cubs,Philadelphia Phillies,Player Hits,Nick Castellanos,Philadelphia Phillies,Chicago Cubs,0.5,1.4,NA,798895,NA,TAB
Chicago Cubs v Philadelphia Phillies,Chicago Cubs,Philadelphia Phillies,Player Hits,Bryson Stott,Philadelphia Phillies,Chicago Cubs,0.5,1.48,NA,798897,NA,TAB
Chicago Cubs v Philadelphia Phillies,Chicago Cubs,Philadelphia Phillies,Player Hits,Edmundo Sosa,Philadelphia Phillies,Chicago Cubs,0.5,1.48,NA,798896,NA,TAB
Chicago Cubs v Philadelphia Phillies,Chicago Cubs,Philadelphia Phillies,Player Hits,Johan Rojas,NA,NA,0.5,1.58,NA,798898,NA,TAB
Chicago Cubs v Philadelphia Phillies,Chicago Cubs,Philadelphia Phillies,Player Hits,Rafael Marchan,NA,NA,0.5,1.65,NA,798899,NA,TAB
Chicago Cubs v Philadelphia Phillies,Chicago Cubs,Philadelphia Phillies,Player Hits,Cristian Pache,Philadelphia Phillies,Chicago Cubs,0.5,1.8,NA,798900,NA,TAB
Chicago Cubs v Philadelphia Phillies,Chicago Cubs,Philadelphia Phillies,Player Hits,Nico Hoerner,Chicago Cubs,Philadelphia Phillies,1.5,3.1,NA,798913,NA,TAB
Chicago Cubs v Philadelphia Phillies,Chicago Cubs,Philadelphia Phillies,Player Hits,Cody Bellinger,Chicago Cubs,Philadelphia Phillies,1.5,3.3,NA,798914,NA,TAB
Chicago Cubs v Philadelphia Phillies,Chicago Cubs,Philadelphia Phillies,Player Hits,Seiya Suzuki,Chicago Cubs,Philadelphia Phillies,1.5,3.6,NA,798915,NA,TAB
Chicago Cubs v Philadelphia Phillies,Chicago Cubs,Philadelphia Phillies,Player Hits,Dansby Swanson,Chicago Cubs,Philadelphia Phillies,1.5,4.25,NA,798916,NA,TAB
Chicago Cubs v Philadelphia Phillies,Chicago Cubs,Philadelphia Phillies,Player Hits,Ian Happ,Chicago Cubs,Philadelphia Phillies,1.5,4.25,NA,798917,NA,TAB
Chicago Cubs v Philadelphia Phillies,Chicago Cubs,Philadelphia Phillies,Player Hits,Pete Crow-Armstrong,Chicago Cubs,Philadelphia Phillies,1.5,4.5,NA,798918,NA,TAB
Chicago Cubs v Philadelphia Phillies,Chicago Cubs,Philadelphia Phillies,Player Hits,Christopher Morel,Chicago Cubs,Philadelphia Phillies,1.5,4.5,NA,798919,NA,TAB
Chicago Cubs v Philadelphia Phillies,Chicago Cubs,Philadelphia Phillies,Player Hits,Michael Busch,Chicago Cubs,Philadelphia Phillies,1.5,4.5,NA,798920,NA,TAB
Chicago Cubs v Philadelphia Phillies,Chicago Cubs,Philadelphia Phillies,Player Hits,Miguel Amaya,Chicago Cubs,Philadelphia Phillies,1.5,5.5,NA,798930,NA,TAB
Chicago Cubs v Philadelphia Phillies,Chicago Cubs,Philadelphia Phillies,Player Hits,Alec Bohm,Philadelphia Phillies,Chicago Cubs,1.5,2.5,NA,798937,NA,TAB
Chicago Cubs v Philadelphia Phillies,Chicago Cubs,Philadelphia Phillies,Player Hits,Trea Turner,Philadelphia Phillies,Chicago Cubs,1.5,2.6,NA,798938,NA,TAB
Chicago Cubs v Philadelphia Phillies,Chicago Cubs,Philadelphia Phillies,Player Hits,Nick Castellanos,Philadelphia Phillies,Chicago Cubs,1.5,2.8,NA,798940,NA,TAB
Chicago Cubs v Philadelphia Phillies,Chicago Cubs,Philadelphia Phillies,Player Hits,Bryson Stott,Philadelphia Phillies,Chicago Cubs,1.5,3.2,NA,798949,NA,TAB
Chicago Cubs v Philadelphia Phillies,Chicago Cubs,Philadelphia Phillies,Player Hits,Edmundo Sosa,Philadelphia Phillies,Chicago Cubs,1.5,3.3,NA,798950,NA,TAB
Chicago Cubs v Philadelphia Phillies,Chicago Cubs,Philadelphia Phillies,Player Hits,Johan Rojas,NA,NA,1.5,3.75,NA,798957,NA,TAB
Chicago Cubs v Philadelphia Phillies,Chicago Cubs,Philadelphia Phillies,Player Hits,Rafael Marchan,NA,NA,1.5,4,NA,798958,NA,TAB
Chicago Cubs v Philadelphia Phillies,Chicago Cubs,Philadelphia Phillies,Player Hits,Cristian Pache,Philadelphia Phillies,Chicago Cubs,1.5,5,NA,798959,NA,TAB
Texas Rangers v San Diego Padres,Texas Rangers,San Diego Padres,Player Hits,Marcus Semien,Texas Rangers,San Diego Padres,0.5,1.36,NA,799598,NA,TAB
Texas Rangers v San Diego Padres,Texas Rangers,San Diego Padres,Player Hits,Corey Seager,Texas Rangers,San Diego Padres,0.5,1.36,NA,799599,NA,TAB
Texas Rangers v San Diego Padres,Texas Rangers,San Diego Padres,Player Hits,Adolis García,Texas Rangers,San Diego Padres,0.5,1.45,NA,799600,NA,TAB
Texas Rangers v San Diego Padres,Texas Rangers,San Diego Padres,Player Hits,Nathaniel Lowe,Texas Rangers,San Diego Padres,0.5,1.45,NA,799619,NA,TAB
Texas Rangers v San Diego Padres,Texas Rangers,San Diego Padres,Player Hits,Wyatt Langford,Texas Rangers,San Diego Padres,0.5,1.45,NA,799620,NA,TAB
Texas Rangers v San Diego Padres,Texas Rangers,San Diego Padres,Player Hits,Josh Smith,Texas Rangers,San Diego Padres,0.5,1.48,NA,799633,NA,TAB
Texas Rangers v San Diego Padres,Texas Rangers,San Diego Padres,Player Hits,Leody Taveras,Texas Rangers,San Diego Padres,0.5,1.52,NA,799634,NA,TAB
Texas Rangers v San Diego Padres,Texas Rangers,San Diego Padres,Player Hits,Jonah Heim,Texas Rangers,San Diego Padres,0.5,1.55,NA,799635,NA,TAB
Texas Rangers v San Diego Padres,Texas Rangers,San Diego Padres,Player Hits,Derek Hill,NA,NA,0.5,1.6,NA,799636,NA,TAB
Texas Rangers v San Diego Padres,Texas Rangers,San Diego Padres,Player Hits,Luis Arraez,San Diego Padres,Texas Rangers,0.5,1.24,NA,799637,NA,TAB
Texas Rangers v San Diego Padres,Texas Rangers,San Diego Padres,Player Hits,Jackson Merrill,San Diego Padres,Texas Rangers,0.5,1.33,NA,799638,NA,TAB
Texas Rangers v San Diego Padres,Texas Rangers,San Diego Padres,Player Hits,Jake Cronenworth,San Diego Padres,Texas Rangers,0.5,1.35,NA,799639,NA,TAB
Texas Rangers v San Diego Padres,Texas Rangers,San Diego Padres,Player Hits,Manny Machado,San Diego Padres,Texas Rangers,0.5,1.4,NA,799640,NA,TAB
Texas Rangers v San Diego Padres,Texas Rangers,San Diego Padres,Player Hits,Jurickson Profar,San Diego Padres,Texas Rangers,0.5,1.45,NA,799649,NA,TAB
Texas Rangers v San Diego Padres,Texas Rangers,San Diego Padres,Player Hits,Donovan Solano,San Diego Padres,Texas Rangers,0.5,1.52,NA,799650,NA,TAB
Texas Rangers v San Diego Padres,Texas Rangers,San Diego Padres,Player Hits,Ha-Seong Kim,San Diego Padres,Texas Rangers,0.5,1.62,NA,799663,NA,TAB
Texas Rangers v San Diego Padres,Texas Rangers,San Diego Padres,Player Hits,Bryce Johnson,NA,NA,0.5,1.65,NA,799664,NA,TAB
Texas Rangers v San Diego Padres,Texas Rangers,San Diego Padres,Player Hits,Kyle Higashioka,San Diego Padres,Texas Rangers,0.5,1.72,NA,799665,NA,TAB
Texas Rangers v San Diego Padres,Texas Rangers,San Diego Padres,Player Hits,Marcus Semien,Texas Rangers,San Diego Padres,1.5,2.6,NA,799666,NA,TAB
Texas Rangers v San Diego Padres,Texas Rangers,San Diego Padres,Player Hits,Corey Seager,Texas Rangers,San Diego Padres,1.5,2.7,NA,799667,NA,TAB
Texas Rangers v San Diego Padres,Texas Rangers,San Diego Padres,Player Hits,Adolis García,Texas Rangers,San Diego Padres,1.5,3,NA,799668,NA,TAB
Texas Rangers v San Diego Padres,Texas Rangers,San Diego Padres,Player Hits,Wyatt Langford,Texas Rangers,San Diego Padres,1.5,3.1,NA,799669,NA,TAB
Texas Rangers v San Diego Padres,Texas Rangers,San Diego Padres,Player Hits,Nathaniel Lowe,Texas Rangers,San Diego Padres,1.5,3.2,NA,799670,NA,TAB
Texas Rangers v San Diego Padres,Texas Rangers,San Diego Padres,Player Hits,Josh Smith,Texas Rangers,San Diego Padres,1.5,3.3,NA,799671,NA,TAB
Texas Rangers v San Diego Padres,Texas Rangers,San Diego Padres,Player Hits,Leody Taveras,Texas Rangers,San Diego Padres,1.5,3.5,NA,799672,NA,TAB
Texas Rangers v San Diego Padres,Texas Rangers,San Diego Padres,Player Hits,Jonah Heim,Texas Rangers,San Diego Padres,1.5,3.75,NA,799673,NA,TAB
Texas Rangers v San Diego Padres,Texas Rangers,San Diego Padres,Player Hits,Derek Hill,NA,NA,1.5,3.75,NA,799674,NA,TAB
Texas Rangers v San Diego Padres,Texas Rangers,San Diego Padres,Player Hits,Luis Arraez,San Diego Padres,Texas Rangers,1.5,2.15,NA,799675,NA,TAB
Texas Rangers v San Diego Padres,Texas Rangers,San Diego Padres,Player Hits,Jackson Merrill,San Diego Padres,Texas Rangers,1.5,2.6,NA,799676,NA,TAB
Texas Rangers v San Diego Padres,Texas Rangers,San Diego Padres,Player Hits,Jake Cronenworth,San Diego Padres,Texas Rangers,1.5,2.6,NA,799677,NA,TAB
Texas Rangers v San Diego Padres,Texas Rangers,San Diego Padres,Player Hits,Manny Machado,San Diego Padres,Texas Rangers,1.5,2.8,NA,799678,NA,TAB
Texas Rangers v San Diego Padres,Texas Rangers,San Diego Padres,Player Hits,Jurickson Profar,San Diego Padres,Texas Rangers,1.5,3.1,NA,799679,NA,TAB
Texas Rangers v San Diego Padres,Texas Rangers,San Diego Padres,Player Hits,Donovan Solano,San Diego Padres,Texas Rangers,1.5,3.4,NA,799680,NA,TAB
Texas Rangers v San Diego Padres,Texas Rangers,San Diego Padres,Player Hits,Ha-Seong Kim,San Diego Padres,Texas Rangers,1.5,4,NA,799681,NA,TAB
Texas Rangers v San Diego Padres,Texas Rangers,San Diego Padres,Player Hits,Bryce Johnson,NA,NA,1.5,4,NA,799682,NA,TAB
Texas Rangers v San Diego Padres,Texas Rangers,San Diego Padres,Player Hits,Kyle Higashioka,San Diego Padres,Texas Rangers,1.5,4.5,NA,799683,NA,TAB
Kansas City Royals v Tampa Bay Rays,Kansas City Royals,Tampa Bay Rays,Player Hits,Bobby Witt Jr.,Kansas City Royals,Tampa Bay Rays,0.5,1.3,NA,800036,NA,TAB
Kansas City Royals v Tampa Bay Rays,Kansas City Royals,Tampa Bay Rays,Player Hits,Maikel Garcia,Kansas City Royals,Tampa Bay Rays,0.5,1.35,NA,800037,NA,TAB
Kansas City Royals v Tampa Bay Rays,Kansas City Royals,Tampa Bay Rays,Player Hits,Salvador Perez,Kansas City Royals,Tampa Bay Rays,0.5,1.45,NA,800038,NA,TAB
Kansas City Royals v Tampa Bay Rays,Kansas City Royals,Tampa Bay Rays,Player Hits,Vinnie Pasquantino,Kansas City Royals,Tampa Bay Rays,0.5,1.52,NA,800039,NA,TAB
Kansas City Royals v Tampa Bay Rays,Kansas City Royals,Tampa Bay Rays,Player Hits,Freddy Fermin,Kansas City Royals,Tampa Bay Rays,0.5,1.58,NA,800040,NA,TAB
Kansas City Royals v Tampa Bay Rays,Kansas City Royals,Tampa Bay Rays,Player Hits,Michael Massey,NA,NA,0.5,1.58,NA,800041,NA,TAB
Kansas City Royals v Tampa Bay Rays,Kansas City Royals,Tampa Bay Rays,Player Hits,Hunter Renfroe,Kansas City Royals,Tampa Bay Rays,0.5,1.6,NA,800042,NA,TAB
Kansas City Royals v Tampa Bay Rays,Kansas City Royals,Tampa Bay Rays,Player Hits,MJ Melendez,Kansas City Royals,Tampa Bay Rays,0.5,1.72,NA,800043,NA,TAB
Kansas City Royals v Tampa Bay Rays,Kansas City Royals,Tampa Bay Rays,Player Hits,Kyle Isbel,Kansas City Royals,Tampa Bay Rays,0.5,1.75,NA,800044,NA,TAB
Kansas City Royals v Tampa Bay Rays,Kansas City Royals,Tampa Bay Rays,Player Hits,Yandy Diaz,NA,NA,0.5,1.24,NA,800045,NA,TAB
Kansas City Royals v Tampa Bay Rays,Kansas City Royals,Tampa Bay Rays,Player Hits,Randy Arozarena,Tampa Bay Rays,Kansas City Royals,0.5,1.4,NA,800046,NA,TAB
Kansas City Royals v Tampa Bay Rays,Kansas City Royals,Tampa Bay Rays,Player Hits,Isaac Paredes,Tampa Bay Rays,Kansas City Royals,0.5,1.42,NA,800047,NA,TAB
Kansas City Royals v Tampa Bay Rays,Kansas City Royals,Tampa Bay Rays,Player Hits,Josh Lowe,Tampa Bay Rays,Kansas City Royals,0.5,1.45,NA,800048,NA,TAB
Kansas City Royals v Tampa Bay Rays,Kansas City Royals,Tampa Bay Rays,Player Hits,Brandon Lowe,Tampa Bay Rays,Kansas City Royals,0.5,1.5,NA,800049,NA,TAB
Kansas City Royals v Tampa Bay Rays,Kansas City Royals,Tampa Bay Rays,Player Hits,Richie Palacios,Tampa Bay Rays,Kansas City Royals,0.5,1.58,NA,800051,NA,TAB
Kansas City Royals v Tampa Bay Rays,Kansas City Royals,Tampa Bay Rays,Player Hits,Jose Siri,Tampa Bay Rays,Kansas City Royals,0.5,1.58,NA,800050,NA,TAB
Kansas City Royals v Tampa Bay Rays,Kansas City Royals,Tampa Bay Rays,Player Hits,Ben Rortvedt,Tampa Bay Rays,Kansas City Royals,0.5,1.68,NA,800052,NA,TAB
Kansas City Royals v Tampa Bay Rays,Kansas City Royals,Tampa Bay Rays,Player Hits,Taylor Walls,Tampa Bay Rays,Kansas City Royals,0.5,1.72,NA,800053,NA,TAB
Kansas City Royals v Tampa Bay Rays,Kansas City Royals,Tampa Bay Rays,Player Hits,Bobby Witt Jr.,Kansas City Royals,Tampa Bay Rays,1.5,2.4,NA,800054,NA,TAB
Kansas City Royals v Tampa Bay Rays,Kansas City Royals,Tampa Bay Rays,Player Hits,Maikel Garcia,Kansas City Royals,Tampa Bay Rays,1.5,2.7,NA,800055,NA,TAB
Kansas City Royals v Tampa Bay Rays,Kansas City Royals,Tampa Bay Rays,Player Hits,Salvador Perez,Kansas City Royals,Tampa Bay Rays,1.5,3.2,NA,800056,NA,TAB
Kansas City Royals v Tampa Bay Rays,Kansas City Royals,Tampa Bay Rays,Player Hits,Vinnie Pasquantino,Kansas City Royals,Tampa Bay Rays,1.5,3.4,NA,800057,NA,TAB
Kansas City Royals v Tampa Bay Rays,Kansas City Royals,Tampa Bay Rays,Player Hits,Hunter Renfroe,Kansas City Royals,Tampa Bay Rays,1.5,3.75,NA,800060,NA,TAB
Kansas City Royals v Tampa Bay Rays,Kansas City Royals,Tampa Bay Rays,Player Hits,Freddy Fermin,Kansas City Royals,Tampa Bay Rays,1.5,3.75,NA,800058,NA,TAB
Kansas City Royals v Tampa Bay Rays,Kansas City Royals,Tampa Bay Rays,Player Hits,Michael Massey,NA,NA,1.5,3.75,NA,800059,NA,TAB
Kansas City Royals v Tampa Bay Rays,Kansas City Royals,Tampa Bay Rays,Player Hits,MJ Melendez,Kansas City Royals,Tampa Bay Rays,1.5,4.5,NA,800061,NA,TAB
Kansas City Royals v Tampa Bay Rays,Kansas City Royals,Tampa Bay Rays,Player Hits,Kyle Isbel,Kansas City Royals,Tampa Bay Rays,1.5,4.5,NA,800062,NA,TAB
Kansas City Royals v Tampa Bay Rays,Kansas City Royals,Tampa Bay Rays,Player Hits,Yandy Diaz,NA,NA,1.5,2.15,NA,800063,NA,TAB
Kansas City Royals v Tampa Bay Rays,Kansas City Royals,Tampa Bay Rays,Player Hits,Randy Arozarena,Tampa Bay Rays,Kansas City Royals,1.5,2.8,NA,800064,NA,TAB
Kansas City Royals v Tampa Bay Rays,Kansas City Royals,Tampa Bay Rays,Player Hits,Isaac Paredes,Tampa Bay Rays,Kansas City Royals,1.5,2.9,NA,800065,NA,TAB
Kansas City Royals v Tampa Bay Rays,Kansas City Royals,Tampa Bay Rays,Player Hits,Josh Lowe,Tampa Bay Rays,Kansas City Royals,1.5,3.1,NA,800066,NA,TAB
Kansas City Royals v Tampa Bay Rays,Kansas City Royals,Tampa Bay Rays,Player Hits,Brandon Lowe,Tampa Bay Rays,Kansas City Royals,1.5,3.2,NA,800067,NA,TAB
Kansas City Royals v Tampa Bay Rays,Kansas City Royals,Tampa Bay Rays,Player Hits,Jose Siri,Tampa Bay Rays,Kansas City Royals,1.5,3.5,NA,800068,NA,TAB
Kansas City Royals v Tampa Bay Rays,Kansas City Royals,Tampa Bay Rays,Player Hits,Richie Palacios,Tampa Bay Rays,Kansas City Royals,1.5,3.6,NA,800069,NA,TAB
Kansas City Royals v Tampa Bay Rays,Kansas City Royals,Tampa Bay Rays,Player Hits,Ben Rortvedt,Tampa Bay Rays,Kansas City Royals,1.5,4.25,NA,800070,NA,TAB
Kansas City Royals v Tampa Bay Rays,Kansas City Royals,Tampa Bay Rays,Player Hits,Taylor Walls,Tampa Bay Rays,Kansas City Royals,1.5,4.25,NA,800071,NA,TAB
Minnesota Twins v Detroit Tigers,Minnesota Twins,Detroit Tigers,Player Hits,Carlos Correa,Minnesota Twins,Detroit Tigers,0.5,1.36,NA,799842,NA,TAB
Minnesota Twins v Detroit Tigers,Minnesota Twins,Detroit Tigers,Player Hits,Willi Castro,Minnesota Twins,Detroit Tigers,0.5,1.4,NA,799844,NA,TAB
Minnesota Twins v Detroit Tigers,Minnesota Twins,Detroit Tigers,Player Hits,Jose Miranda,Minnesota Twins,Detroit Tigers,0.5,1.42,NA,799843,NA,TAB
Minnesota Twins v Detroit Tigers,Minnesota Twins,Detroit Tigers,Player Hits,Max Kepler,Minnesota Twins,Detroit Tigers,0.5,1.42,NA,799845,NA,TAB
Minnesota Twins v Detroit Tigers,Minnesota Twins,Detroit Tigers,Player Hits,Carlos Santana,Minnesota Twins,Detroit Tigers,0.5,1.45,NA,799846,NA,TAB
Minnesota Twins v Detroit Tigers,Minnesota Twins,Detroit Tigers,Player Hits,Trevor Larnach,Minnesota Twins,Detroit Tigers,0.5,1.48,NA,799847,NA,TAB
Minnesota Twins v Detroit Tigers,Minnesota Twins,Detroit Tigers,Player Hits,Byron Buxton,Minnesota Twins,Detroit Tigers,0.5,1.55,NA,799848,NA,TAB
Minnesota Twins v Detroit Tigers,Minnesota Twins,Detroit Tigers,Player Hits,Ryan Jeffers,Minnesota Twins,Detroit Tigers,0.5,1.58,NA,799850,NA,TAB
Minnesota Twins v Detroit Tigers,Minnesota Twins,Detroit Tigers,Player Hits,Austin Martin,Minnesota Twins,Detroit Tigers,0.5,1.62,NA,799849,NA,TAB
Minnesota Twins v Detroit Tigers,Minnesota Twins,Detroit Tigers,Player Hits,Gio Urshela,Detroit Tigers,Minnesota Twins,0.5,1.35,NA,799851,NA,TAB
Minnesota Twins v Detroit Tigers,Minnesota Twins,Detroit Tigers,Player Hits,Matt Vierling,Detroit Tigers,Minnesota Twins,0.5,1.36,NA,799852,NA,TAB
Minnesota Twins v Detroit Tigers,Minnesota Twins,Detroit Tigers,Player Hits,Colt Keith,Detroit Tigers,Minnesota Twins,0.5,1.38,NA,799853,NA,TAB
Minnesota Twins v Detroit Tigers,Minnesota Twins,Detroit Tigers,Player Hits,Wenceel Pérez,Detroit Tigers,Minnesota Twins,0.5,1.42,NA,799854,NA,TAB
Minnesota Twins v Detroit Tigers,Minnesota Twins,Detroit Tigers,Player Hits,Riley Greene,Detroit Tigers,Minnesota Twins,0.5,1.45,NA,799855,NA,TAB
Minnesota Twins v Detroit Tigers,Minnesota Twins,Detroit Tigers,Player Hits,Mark Canha,Detroit Tigers,Minnesota Twins,0.5,1.5,NA,799856,NA,TAB
Minnesota Twins v Detroit Tigers,Minnesota Twins,Detroit Tigers,Player Hits,Zach McKinstry,Detroit Tigers,Minnesota Twins,0.5,1.6,NA,799857,NA,TAB
Minnesota Twins v Detroit Tigers,Minnesota Twins,Detroit Tigers,Player Hits,Justyn-Henry Malloy,Detroit Tigers,Minnesota Twins,0.5,1.65,NA,799858,NA,TAB
Minnesota Twins v Detroit Tigers,Minnesota Twins,Detroit Tigers,Player Hits,Jake Rogers,Detroit Tigers,Minnesota Twins,0.5,1.7,NA,799859,NA,TAB
Minnesota Twins v Detroit Tigers,Minnesota Twins,Detroit Tigers,Player Hits,Gio Urshela,Detroit Tigers,Minnesota Twins,1.5,2.6,NA,799869,NA,TAB
Minnesota Twins v Detroit Tigers,Minnesota Twins,Detroit Tigers,Player Hits,Matt Vierling,Detroit Tigers,Minnesota Twins,1.5,2.6,NA,799870,NA,TAB
Minnesota Twins v Detroit Tigers,Minnesota Twins,Detroit Tigers,Player Hits,Colt Keith,Detroit Tigers,Minnesota Twins,1.5,2.7,NA,799871,NA,TAB
Minnesota Twins v Detroit Tigers,Minnesota Twins,Detroit Tigers,Player Hits,Riley Greene,Detroit Tigers,Minnesota Twins,1.5,3,NA,799873,NA,TAB
Minnesota Twins v Detroit Tigers,Minnesota Twins,Detroit Tigers,Player Hits,Wenceel Pérez,Detroit Tigers,Minnesota Twins,1.5,3.1,NA,799872,NA,TAB
Minnesota Twins v Detroit Tigers,Minnesota Twins,Detroit Tigers,Player Hits,Mark Canha,Detroit Tigers,Minnesota Twins,1.5,3.3,NA,799874,NA,TAB
Minnesota Twins v Detroit Tigers,Minnesota Twins,Detroit Tigers,Player Hits,Zach McKinstry,Detroit Tigers,Minnesota Twins,1.5,4,NA,799876,NA,TAB
Minnesota Twins v Detroit Tigers,Minnesota Twins,Detroit Tigers,Player Hits,Justyn-Henry Malloy,Detroit Tigers,Minnesota Twins,1.5,4.25,NA,799875,NA,TAB
Minnesota Twins v Detroit Tigers,Minnesota Twins,Detroit Tigers,Player Hits,Jake Rogers,Detroit Tigers,Minnesota Twins,1.5,4.5,NA,799877,NA,TAB
Minnesota Twins v Detroit Tigers,Minnesota Twins,Detroit Tigers,Player Hits,Carlos Correa,Minnesota Twins,Detroit Tigers,1.5,2.6,NA,799860,NA,TAB
Minnesota Twins v Detroit Tigers,Minnesota Twins,Detroit Tigers,Player Hits,Willi Castro,Minnesota Twins,Detroit Tigers,1.5,2.8,NA,799861,NA,TAB
Minnesota Twins v Detroit Tigers,Minnesota Twins,Detroit Tigers,Player Hits,Max Kepler,Minnesota Twins,Detroit Tigers,1.5,2.9,NA,799863,NA,TAB
Minnesota Twins v Detroit Tigers,Minnesota Twins,Detroit Tigers,Player Hits,Jose Miranda,Minnesota Twins,Detroit Tigers,1.5,3,NA,799862,NA,TAB
Minnesota Twins v Detroit Tigers,Minnesota Twins,Detroit Tigers,Player Hits,Carlos Santana,Minnesota Twins,Detroit Tigers,1.5,3.2,NA,799864,NA,TAB
Minnesota Twins v Detroit Tigers,Minnesota Twins,Detroit Tigers,Player Hits,Trevor Larnach,Minnesota Twins,Detroit Tigers,1.5,3.3,NA,799865,NA,TAB
Minnesota Twins v Detroit Tigers,Minnesota Twins,Detroit Tigers,Player Hits,Byron Buxton,Minnesota Twins,Detroit Tigers,1.5,3.6,NA,799866,NA,TAB
Minnesota Twins v Detroit Tigers,Minnesota Twins,Detroit Tigers,Player Hits,Ryan Jeffers,Minnesota Twins,Detroit Tigers,1.5,3.75,NA,799867,NA,TAB
Minnesota Twins v Detroit Tigers,Minnesota Twins,Detroit Tigers,Player Hits,Austin Martin,Minnesota Twins,Detroit Tigers,1.5,4,NA,799868,NA,TAB
Colorado Rockies v Milwaukee Brewers,Colorado Rockies,Milwaukee Brewers,Player Hits,Charlie Blackmon,NA,NA,0.5,1.28,NA,800232,NA,TAB
Colorado Rockies v Milwaukee Brewers,Colorado Rockies,Milwaukee Brewers,Player Hits,Brendan Rodgers,Colorado Rockies,Milwaukee Brewers,0.5,1.28,NA,800230,NA,TAB
Colorado Rockies v Milwaukee Brewers,Colorado Rockies,Milwaukee Brewers,Player Hits,Ezequiel Tovar,Colorado Rockies,Milwaukee Brewers,0.5,1.28,NA,800231,NA,TAB
Colorado Rockies v Milwaukee Brewers,Colorado Rockies,Milwaukee Brewers,Player Hits,Ryan McMahon,Colorado Rockies,Milwaukee Brewers,0.5,1.35,NA,800234,NA,TAB
Colorado Rockies v Milwaukee Brewers,Colorado Rockies,Milwaukee Brewers,Player Hits,Brenton Doyle,Colorado Rockies,Milwaukee Brewers,0.5,1.36,NA,800235,NA,TAB
Colorado Rockies v Milwaukee Brewers,Colorado Rockies,Milwaukee Brewers,Player Hits,Michael Toglia,Colorado Rockies,Milwaukee Brewers,0.5,1.4,NA,800236,NA,TAB
Colorado Rockies v Milwaukee Brewers,Colorado Rockies,Milwaukee Brewers,Player Hits,Jake Cave,Colorado Rockies,Milwaukee Brewers,0.5,1.45,NA,800238,NA,TAB
Colorado Rockies v Milwaukee Brewers,Colorado Rockies,Milwaukee Brewers,Player Hits,Nolan Jones,Colorado Rockies,Milwaukee Brewers,0.5,1.48,NA,800237,NA,TAB
Colorado Rockies v Milwaukee Brewers,Colorado Rockies,Milwaukee Brewers,Player Hits,Christian Yelich,Milwaukee Brewers,Colorado Rockies,0.5,1.24,NA,800239,NA,TAB
Colorado Rockies v Milwaukee Brewers,Colorado Rockies,Milwaukee Brewers,Player Hits,William Contreras,Milwaukee Brewers,Colorado Rockies,0.5,1.24,NA,800240,NA,TAB
Colorado Rockies v Milwaukee Brewers,Colorado Rockies,Milwaukee Brewers,Player Hits,Brice Turang,Milwaukee Brewers,Colorado Rockies,0.5,1.25,NA,800241,NA,TAB
Colorado Rockies v Milwaukee Brewers,Colorado Rockies,Milwaukee Brewers,Player Hits,Willy Adames,Milwaukee Brewers,Colorado Rockies,0.5,1.3,NA,800242,NA,TAB
Colorado Rockies v Milwaukee Brewers,Colorado Rockies,Milwaukee Brewers,Player Hits,Rhys Hoskins,Milwaukee Brewers,Colorado Rockies,0.5,1.38,NA,800243,NA,TAB
Colorado Rockies v Milwaukee Brewers,Colorado Rockies,Milwaukee Brewers,Player Hits,Sal Frelick,Milwaukee Brewers,Colorado Rockies,0.5,1.38,NA,800244,NA,TAB
Colorado Rockies v Milwaukee Brewers,Colorado Rockies,Milwaukee Brewers,Player Hits,Jackson Chourio,Milwaukee Brewers,Colorado Rockies,0.5,1.38,NA,800246,NA,TAB
Colorado Rockies v Milwaukee Brewers,Colorado Rockies,Milwaukee Brewers,Player Hits,Jake Bauers,Milwaukee Brewers,Colorado Rockies,0.5,1.4,NA,800247,NA,TAB
Colorado Rockies v Milwaukee Brewers,Colorado Rockies,Milwaukee Brewers,Player Hits,Ezequiel Tovar,Colorado Rockies,Milwaukee Brewers,1.5,2.25,NA,800248,NA,TAB
Colorado Rockies v Milwaukee Brewers,Colorado Rockies,Milwaukee Brewers,Player Hits,Charlie Blackmon,NA,NA,1.5,2.3,NA,800249,NA,TAB
Colorado Rockies v Milwaukee Brewers,Colorado Rockies,Milwaukee Brewers,Player Hits,Brendan Rodgers,Colorado Rockies,Milwaukee Brewers,1.5,2.3,NA,800250,NA,TAB
Colorado Rockies v Milwaukee Brewers,Colorado Rockies,Milwaukee Brewers,Player Hits,Ryan McMahon,Colorado Rockies,Milwaukee Brewers,1.5,2.6,NA,800252,NA,TAB
Colorado Rockies v Milwaukee Brewers,Colorado Rockies,Milwaukee Brewers,Player Hits,Brenton Doyle,Colorado Rockies,Milwaukee Brewers,1.5,2.7,NA,800253,NA,TAB
Colorado Rockies v Milwaukee Brewers,Colorado Rockies,Milwaukee Brewers,Player Hits,Michael Toglia,Colorado Rockies,Milwaukee Brewers,1.5,2.9,NA,800254,NA,TAB
Colorado Rockies v Milwaukee Brewers,Colorado Rockies,Milwaukee Brewers,Player Hits,Jake Cave,Colorado Rockies,Milwaukee Brewers,1.5,3.1,NA,800256,NA,TAB
Colorado Rockies v Milwaukee Brewers,Colorado Rockies,Milwaukee Brewers,Player Hits,Nolan Jones,Colorado Rockies,Milwaukee Brewers,1.5,3.2,NA,800255,NA,TAB
Colorado Rockies v Milwaukee Brewers,Colorado Rockies,Milwaukee Brewers,Player Hits,William Contreras,Milwaukee Brewers,Colorado Rockies,1.5,2.1,NA,800258,NA,TAB
Colorado Rockies v Milwaukee Brewers,Colorado Rockies,Milwaukee Brewers,Player Hits,Christian Yelich,Milwaukee Brewers,Colorado Rockies,1.5,2.15,NA,800257,NA,TAB
Colorado Rockies v Milwaukee Brewers,Colorado Rockies,Milwaukee Brewers,Player Hits,Brice Turang,Milwaukee Brewers,Colorado Rockies,1.5,2.15,NA,800259,NA,TAB
Colorado Rockies v Milwaukee Brewers,Colorado Rockies,Milwaukee Brewers,Player Hits,Willy Adames,Milwaukee Brewers,Colorado Rockies,1.5,2.4,NA,800260,NA,TAB
Colorado Rockies v Milwaukee Brewers,Colorado Rockies,Milwaukee Brewers,Player Hits,Jackson Chourio,Milwaukee Brewers,Colorado Rockies,1.5,2.7,NA,800264,NA,TAB
Colorado Rockies v Milwaukee Brewers,Colorado Rockies,Milwaukee Brewers,Player Hits,Sal Frelick,Milwaukee Brewers,Colorado Rockies,1.5,2.7,NA,800263,NA,TAB
Colorado Rockies v Milwaukee Brewers,Colorado Rockies,Milwaukee Brewers,Player Hits,Rhys Hoskins,Milwaukee Brewers,Colorado Rockies,1.5,2.8,NA,800262,NA,TAB
Colorado Rockies v Milwaukee Brewers,Colorado Rockies,Milwaukee Brewers,Player Hits,Jake Bauers,Milwaukee Brewers,Colorado Rockies,1.5,2.8,NA,800265,NA,TAB
Oakland Athletics v Los Angeles Angels,Oakland Athletics,Los Angeles Angels,Player Hits,Miguel Andujar,Oakland Athletics,Los Angeles Angels,0.5,1.4,NA,800424,NA,TAB
Oakland Athletics v Los Angeles Angels,Oakland Athletics,Los Angeles Angels,Player Hits,JJ Bleday,Oakland Athletics,Los Angeles Angels,0.5,1.45,NA,800425,NA,TAB
Oakland Athletics v Los Angeles Angels,Oakland Athletics,Los Angeles Angels,Player Hits,Shea Langeliers,Oakland Athletics,Los Angeles Angels,0.5,1.55,NA,800426,NA,TAB
Oakland Athletics v Los Angeles Angels,Oakland Athletics,Los Angeles Angels,Player Hits,Brent Rooker,Oakland Athletics,Los Angeles Angels,0.5,1.55,NA,800427,NA,TAB
Oakland Athletics v Los Angeles Angels,Oakland Athletics,Los Angeles Angels,Player Hits,Zack Gelof,Oakland Athletics,Los Angeles Angels,0.5,1.58,NA,800430,NA,TAB
Oakland Athletics v Los Angeles Angels,Oakland Athletics,Los Angeles Angels,Player Hits,Armando Alvarez,Oakland Athletics,Los Angeles Angels,0.5,1.65,NA,800431,NA,TAB
Oakland Athletics v Los Angeles Angels,Oakland Athletics,Los Angeles Angels,Player Hits,Tyler Soderstrom,Oakland Athletics,Los Angeles Angels,0.5,1.65,NA,800429,NA,TAB
Oakland Athletics v Los Angeles Angels,Oakland Athletics,Los Angeles Angels,Player Hits,Max Schuemann,Oakland Athletics,Los Angeles Angels,0.5,1.75,NA,800432,NA,TAB
Oakland Athletics v Los Angeles Angels,Oakland Athletics,Los Angeles Angels,Player Hits,Luis Rengifo,Los Angeles Angels,Oakland Athletics,0.5,1.38,NA,800433,NA,TAB
Oakland Athletics v Los Angeles Angels,Oakland Athletics,Los Angeles Angels,Player Hits,Nolan Schanuel,Los Angeles Angels,Oakland Athletics,0.5,1.42,NA,800434,NA,TAB
Oakland Athletics v Los Angeles Angels,Oakland Athletics,Los Angeles Angels,Player Hits,Logan O'Hoppe,Los Angeles Angels,Oakland Athletics,0.5,1.45,NA,800435,NA,TAB
Oakland Athletics v Los Angeles Angels,Oakland Athletics,Los Angeles Angels,Player Hits,Taylor Ward,Los Angeles Angels,Oakland Athletics,0.5,1.5,NA,800437,NA,TAB
Oakland Athletics v Los Angeles Angels,Oakland Athletics,Los Angeles Angels,Player Hits,Brandon Drury,Los Angeles Angels,Oakland Athletics,0.5,1.52,NA,800436,NA,TAB
Oakland Athletics v Los Angeles Angels,Oakland Athletics,Los Angeles Angels,Player Hits,Zach Neto,Los Angeles Angels,Oakland Athletics,0.5,1.62,NA,800438,NA,TAB
Oakland Athletics v Los Angeles Angels,Oakland Athletics,Los Angeles Angels,Player Hits,Mickey Moniak,Los Angeles Angels,Oakland Athletics,0.5,1.7,NA,800440,NA,TAB
Oakland Athletics v Los Angeles Angels,Oakland Athletics,Los Angeles Angels,Player Hits,Jo Adell,Los Angeles Angels,Oakland Athletics,0.5,1.75,NA,800441,NA,TAB
Oakland Athletics v Los Angeles Angels,Oakland Athletics,Los Angeles Angels,Player Hits,Miguel Andujar,Oakland Athletics,Los Angeles Angels,1.5,2.9,NA,800442,NA,TAB
Oakland Athletics v Los Angeles Angels,Oakland Athletics,Los Angeles Angels,Player Hits,JJ Bleday,Oakland Athletics,Los Angeles Angels,1.5,3.1,NA,800443,NA,TAB
Oakland Athletics v Los Angeles Angels,Oakland Athletics,Los Angeles Angels,Player Hits,Shea Langeliers,Oakland Athletics,Los Angeles Angels,1.5,3.6,NA,800444,NA,TAB
Oakland Athletics v Los Angeles Angels,Oakland Athletics,Los Angeles Angels,Player Hits,Brent Rooker,Oakland Athletics,Los Angeles Angels,1.5,3.6,NA,800445,NA,TAB
Oakland Athletics v Los Angeles Angels,Oakland Athletics,Los Angeles Angels,Player Hits,Tyler Soderstrom,Oakland Athletics,Los Angeles Angels,1.5,4,NA,800446,NA,TAB
Oakland Athletics v Los Angeles Angels,Oakland Athletics,Los Angeles Angels,Player Hits,Zack Gelof,Oakland Athletics,Los Angeles Angels,1.5,4,NA,800449,NA,TAB
Oakland Athletics v Los Angeles Angels,Oakland Athletics,Los Angeles Angels,Player Hits,Armando Alvarez,Oakland Athletics,Los Angeles Angels,1.5,4.25,NA,800447,NA,TAB
Oakland Athletics v Los Angeles Angels,Oakland Athletics,Los Angeles Angels,Player Hits,Max Schuemann,Oakland Athletics,Los Angeles Angels,1.5,5,NA,800450,NA,TAB
Oakland Athletics v Los Angeles Angels,Oakland Athletics,Los Angeles Angels,Player Hits,Luis Rengifo,Los Angeles Angels,Oakland Athletics,1.5,2.6,NA,800451,NA,TAB
Oakland Athletics v Los Angeles Angels,Oakland Athletics,Los Angeles Angels,Player Hits,Nolan Schanuel,Los Angeles Angels,Oakland Athletics,1.5,2.9,NA,800452,NA,TAB
Oakland Athletics v Los Angeles Angels,Oakland Athletics,Los Angeles Angels,Player Hits,Logan O'Hoppe,Los Angeles Angels,Oakland Athletics,1.5,3,NA,800453,NA,TAB
Oakland Athletics v Los Angeles Angels,Oakland Athletics,Los Angeles Angels,Player Hits,Brandon Drury,Los Angeles Angels,Oakland Athletics,1.5,3.4,NA,800454,NA,TAB
Oakland Athletics v Los Angeles Angels,Oakland Athletics,Los Angeles Angels,Player Hits,Taylor Ward,Los Angeles Angels,Oakland Athletics,1.5,3.5,NA,800455,NA,TAB
Oakland Athletics v Los Angeles Angels,Oakland Athletics,Los Angeles Angels,Player Hits,Zach Neto,Los Angeles Angels,Oakland Athletics,1.5,3.5,NA,800456,NA,TAB
Oakland Athletics v Los Angeles Angels,Oakland Athletics,Los Angeles Angels,Player Hits,Mickey Moniak,Los Angeles Angels,Oakland Athletics,1.5,4.5,NA,800458,NA,TAB
Oakland Athletics v Los Angeles Angels,Oakland Athletics,Los Angeles Angels,Player Hits,Jo Adell,Los Angeles Angels,Oakland Athletics,1.5,4.75,NA,800459,NA,TAB
Los Angeles Dodgers v Arizona Diamondbacks,Los Angeles Dodgers,Arizona Diamondbacks,Player Hits,Lourdes Gurriel Jr.,Arizona Diamondbacks,Los Angeles Dodgers,0.5,1.45,NA,800628,NA,TAB
Los Angeles Dodgers v Arizona Diamondbacks,Los Angeles Dodgers,Arizona Diamondbacks,Player Hits,Ketel Marte,Arizona Diamondbacks,Los Angeles Dodgers,0.5,1.48,NA,800632,NA,TAB
Los Angeles Dodgers v Arizona Diamondbacks,Los Angeles Dodgers,Arizona Diamondbacks,Player Hits,Christian Walker,Arizona Diamondbacks,Los Angeles Dodgers,0.5,1.5,NA,800629,NA,TAB
Los Angeles Dodgers v Arizona Diamondbacks,Los Angeles Dodgers,Arizona Diamondbacks,Player Hits,Corbin Carroll,Arizona Diamondbacks,Los Angeles Dodgers,0.5,1.5,NA,800630,NA,TAB
Los Angeles Dodgers v Arizona Diamondbacks,Los Angeles Dodgers,Arizona Diamondbacks,Player Hits,Gabriel Moreno,NA,NA,0.5,1.52,NA,800631,NA,TAB
Los Angeles Dodgers v Arizona Diamondbacks,Los Angeles Dodgers,Arizona Diamondbacks,Player Hits,Joc Pederson,Arizona Diamondbacks,Los Angeles Dodgers,0.5,1.55,NA,800633,NA,TAB
Los Angeles Dodgers v Arizona Diamondbacks,Los Angeles Dodgers,Arizona Diamondbacks,Player Hits,Alek Thomas,NA,NA,0.5,1.62,NA,800634,NA,TAB
Los Angeles Dodgers v Arizona Diamondbacks,Los Angeles Dodgers,Arizona Diamondbacks,Player Hits,Eugenio Suárez,Arizona Diamondbacks,Los Angeles Dodgers,0.5,1.72,NA,800635,NA,TAB
Los Angeles Dodgers v Arizona Diamondbacks,Los Angeles Dodgers,Arizona Diamondbacks,Player Hits,Geraldo Perdomo,Arizona Diamondbacks,Los Angeles Dodgers,0.5,1.8,NA,800627,NA,TAB
Los Angeles Dodgers v Arizona Diamondbacks,Los Angeles Dodgers,Arizona Diamondbacks,Player Hits,Shohei Ohtani,Los Angeles Dodgers,Arizona Diamondbacks,0.5,1.35,NA,800620,NA,TAB
Los Angeles Dodgers v Arizona Diamondbacks,Los Angeles Dodgers,Arizona Diamondbacks,Player Hits,Freddie Freeman,Los Angeles Dodgers,Arizona Diamondbacks,0.5,1.38,NA,800618,NA,TAB
Los Angeles Dodgers v Arizona Diamondbacks,Los Angeles Dodgers,Arizona Diamondbacks,Player Hits,Will Smith,Los Angeles Dodgers,Arizona Diamondbacks,0.5,1.4,NA,800621,NA,TAB
Los Angeles Dodgers v Arizona Diamondbacks,Los Angeles Dodgers,Arizona Diamondbacks,Player Hits,Miguel Rojas,Los Angeles Dodgers,Arizona Diamondbacks,0.5,1.45,NA,800622,NA,TAB
Los Angeles Dodgers v Arizona Diamondbacks,Los Angeles Dodgers,Arizona Diamondbacks,Player Hits,Andy Pages,Los Angeles Dodgers,Arizona Diamondbacks,0.5,1.48,NA,800623,NA,TAB
Los Angeles Dodgers v Arizona Diamondbacks,Los Angeles Dodgers,Arizona Diamondbacks,Player Hits,Gavin Lux,Los Angeles Dodgers,Arizona Diamondbacks,0.5,1.58,NA,800624,NA,TAB
Los Angeles Dodgers v Arizona Diamondbacks,Los Angeles Dodgers,Arizona Diamondbacks,Player Hits,Jason Heyward,Los Angeles Dodgers,Arizona Diamondbacks,0.5,1.62,NA,800625,NA,TAB
Los Angeles Dodgers v Arizona Diamondbacks,Los Angeles Dodgers,Arizona Diamondbacks,Player Hits,Chris Taylor,Los Angeles Dodgers,Arizona Diamondbacks,0.5,1.8,NA,800626,NA,TAB
Los Angeles Dodgers v Arizona Diamondbacks,Los Angeles Dodgers,Arizona Diamondbacks,Player Hits,Shohei Ohtani,Los Angeles Dodgers,Arizona Diamondbacks,1.5,2.6,NA,800638,NA,TAB
Los Angeles Dodgers v Arizona Diamondbacks,Los Angeles Dodgers,Arizona Diamondbacks,Player Hits,Freddie Freeman,Los Angeles Dodgers,Arizona Diamondbacks,1.5,2.8,NA,800636,NA,TAB
Los Angeles Dodgers v Arizona Diamondbacks,Los Angeles Dodgers,Arizona Diamondbacks,Player Hits,Will Smith,Los Angeles Dodgers,Arizona Diamondbacks,1.5,2.9,NA,800639,NA,TAB
Los Angeles Dodgers v Arizona Diamondbacks,Los Angeles Dodgers,Arizona Diamondbacks,Player Hits,Miguel Rojas,Los Angeles Dodgers,Arizona Diamondbacks,1.5,3.1,NA,800640,NA,TAB
Los Angeles Dodgers v Arizona Diamondbacks,Los Angeles Dodgers,Arizona Diamondbacks,Player Hits,Andy Pages,Los Angeles Dodgers,Arizona Diamondbacks,1.5,3.2,NA,800641,NA,TAB
Los Angeles Dodgers v Arizona Diamondbacks,Los Angeles Dodgers,Arizona Diamondbacks,Player Hits,Gavin Lux,Los Angeles Dodgers,Arizona Diamondbacks,1.5,3.75,NA,800642,NA,TAB
Los Angeles Dodgers v Arizona Diamondbacks,Los Angeles Dodgers,Arizona Diamondbacks,Player Hits,Jason Heyward,Los Angeles Dodgers,Arizona Diamondbacks,1.5,4,NA,800643,NA,TAB
Los Angeles Dodgers v Arizona Diamondbacks,Los Angeles Dodgers,Arizona Diamondbacks,Player Hits,Chris Taylor,Los Angeles Dodgers,Arizona Diamondbacks,1.5,5,NA,800644,NA,TAB
Los Angeles Dodgers v Arizona Diamondbacks,Los Angeles Dodgers,Arizona Diamondbacks,Player Hits,Lourdes Gurriel Jr.,Arizona Diamondbacks,Los Angeles Dodgers,1.5,3.2,NA,800645,NA,TAB
Los Angeles Dodgers v Arizona Diamondbacks,Los Angeles Dodgers,Arizona Diamondbacks,Player Hits,Ketel Marte,Arizona Diamondbacks,Los Angeles Dodgers,1.5,3.2,NA,800646,NA,TAB
Los Angeles Dodgers v Arizona Diamondbacks,Los Angeles Dodgers,Arizona Diamondbacks,Player Hits,Corbin Carroll,Arizona Diamondbacks,Los Angeles Dodgers,1.5,3.3,NA,800648,NA,TAB
Los Angeles Dodgers v Arizona Diamondbacks,Los Angeles Dodgers,Arizona Diamondbacks,Player Hits,Christian Walker,Arizona Diamondbacks,Los Angeles Dodgers,1.5,3.3,NA,800649,NA,TAB
Los Angeles Dodgers v Arizona Diamondbacks,Los Angeles Dodgers,Arizona Diamondbacks,Player Hits,Gabriel Moreno,NA,NA,1.5,3.4,NA,800647,NA,TAB
Los Angeles Dodgers v Arizona Diamondbacks,Los Angeles Dodgers,Arizona Diamondbacks,Player Hits,Joc Pederson,Arizona Diamondbacks,Los Angeles Dodgers,1.5,3.75,NA,800650,NA,TAB
Los Angeles Dodgers v Arizona Diamondbacks,Los Angeles Dodgers,Arizona Diamondbacks,Player Hits,Alek Thomas,NA,NA,1.5,4,NA,800651,NA,TAB
Los Angeles Dodgers v Arizona Diamondbacks,Los Angeles Dodgers,Arizona Diamondbacks,Player Hits,Eugenio Suárez,Arizona Diamondbacks,Los Angeles Dodgers,1.5,4.25,NA,800652,NA,TAB
Los Angeles Dodgers v Arizona Diamondbacks,Los Angeles Dodgers,Arizona Diamondbacks,Player Hits,Geraldo Perdomo,Arizona Diamondbacks,Los Angeles Dodgers,1.5,5,NA,800653,NA,TAB
Seattle Mariners v Baltimore Orioles,Seattle Mariners,Baltimore Orioles,Player Hits,Julio Rodriguez,NA,NA,0.5,1.48,NA,800812,NA,TAB
Seattle Mariners v Baltimore Orioles,Seattle Mariners,Baltimore Orioles,Player Hits,Josh Rojas,Seattle Mariners,Baltimore Orioles,0.5,1.55,NA,800813,NA,TAB
Seattle Mariners v Baltimore Orioles,Seattle Mariners,Baltimore Orioles,Player Hits,J.P. Crawford,Seattle Mariners,Baltimore Orioles,0.5,1.55,NA,800815,NA,TAB
Seattle Mariners v Baltimore Orioles,Seattle Mariners,Baltimore Orioles,Player Hits,Cal Raleigh,Seattle Mariners,Baltimore Orioles,0.5,1.58,NA,800814,NA,TAB
Seattle Mariners v Baltimore Orioles,Seattle Mariners,Baltimore Orioles,Player Hits,Ty France,Seattle Mariners,Baltimore Orioles,0.5,1.62,NA,800816,NA,TAB
Seattle Mariners v Baltimore Orioles,Seattle Mariners,Baltimore Orioles,Player Hits,Jorge Polanco,NA,NA,0.5,1.65,NA,800817,NA,TAB
Seattle Mariners v Baltimore Orioles,Seattle Mariners,Baltimore Orioles,Player Hits,Mitch Haniger,Seattle Mariners,Baltimore Orioles,0.5,1.65,NA,800818,NA,TAB
Seattle Mariners v Baltimore Orioles,Seattle Mariners,Baltimore Orioles,Player Hits,Luke Raley,Seattle Mariners,Baltimore Orioles,0.5,1.65,NA,800819,NA,TAB
Seattle Mariners v Baltimore Orioles,Seattle Mariners,Baltimore Orioles,Player Hits,Ryan O'Hearn,Baltimore Orioles,Seattle Mariners,0.5,1.38,NA,800822,NA,TAB
Seattle Mariners v Baltimore Orioles,Seattle Mariners,Baltimore Orioles,Player Hits,Gunnar Henderson,Baltimore Orioles,Seattle Mariners,0.5,1.4,NA,800821,NA,TAB
Seattle Mariners v Baltimore Orioles,Seattle Mariners,Baltimore Orioles,Player Hits,Adley Rutschman,Baltimore Orioles,Seattle Mariners,0.5,1.45,NA,800823,NA,TAB
Seattle Mariners v Baltimore Orioles,Seattle Mariners,Baltimore Orioles,Player Hits,Jordan Westburg,Baltimore Orioles,Seattle Mariners,0.5,1.48,NA,800824,NA,TAB
Seattle Mariners v Baltimore Orioles,Seattle Mariners,Baltimore Orioles,Player Hits,Anthony Santander,Baltimore Orioles,Seattle Mariners,0.5,1.52,NA,800825,NA,TAB
Seattle Mariners v Baltimore Orioles,Seattle Mariners,Baltimore Orioles,Player Hits,Heston Kjerstad,NA,NA,0.5,1.58,NA,800826,NA,TAB
Seattle Mariners v Baltimore Orioles,Seattle Mariners,Baltimore Orioles,Player Hits,Cedric Mullins,Baltimore Orioles,Seattle Mariners,0.5,1.62,NA,800827,NA,TAB
Seattle Mariners v Baltimore Orioles,Seattle Mariners,Baltimore Orioles,Player Hits,Colton Cowser,Baltimore Orioles,Seattle Mariners,0.5,1.65,NA,800828,NA,TAB
Seattle Mariners v Baltimore Orioles,Seattle Mariners,Baltimore Orioles,Player Hits,Jorge Mateo,Baltimore Orioles,Seattle Mariners,0.5,1.75,NA,800829,NA,TAB
Seattle Mariners v Baltimore Orioles,Seattle Mariners,Baltimore Orioles,Player Hits,Julio Rodriguez,NA,NA,1.5,3.2,NA,800830,NA,TAB
Seattle Mariners v Baltimore Orioles,Seattle Mariners,Baltimore Orioles,Player Hits,Josh Rojas,Seattle Mariners,Baltimore Orioles,1.5,3.3,NA,800831,NA,TAB
Seattle Mariners v Baltimore Orioles,Seattle Mariners,Baltimore Orioles,Player Hits,J.P. Crawford,Seattle Mariners,Baltimore Orioles,1.5,3.5,NA,800832,NA,TAB
Seattle Mariners v Baltimore Orioles,Seattle Mariners,Baltimore Orioles,Player Hits,Ty France,Seattle Mariners,Baltimore Orioles,1.5,3.75,NA,800834,NA,TAB
Seattle Mariners v Baltimore Orioles,Seattle Mariners,Baltimore Orioles,Player Hits,Cal Raleigh,Seattle Mariners,Baltimore Orioles,1.5,4,NA,800833,NA,TAB
Seattle Mariners v Baltimore Orioles,Seattle Mariners,Baltimore Orioles,Player Hits,Luke Raley,Seattle Mariners,Baltimore Orioles,1.5,4,NA,800835,NA,TAB
Seattle Mariners v Baltimore Orioles,Seattle Mariners,Baltimore Orioles,Player Hits,Mitch Haniger,Seattle Mariners,Baltimore Orioles,1.5,4.25,NA,800837,NA,TAB
Seattle Mariners v Baltimore Orioles,Seattle Mariners,Baltimore Orioles,Player Hits,Jorge Polanco,NA,NA,1.5,4.5,NA,800836,NA,TAB
Seattle Mariners v Baltimore Orioles,Seattle Mariners,Baltimore Orioles,Player Hits,Gunnar Henderson,Baltimore Orioles,Seattle Mariners,1.5,2.7,NA,800839,NA,TAB
Seattle Mariners v Baltimore Orioles,Seattle Mariners,Baltimore Orioles,Player Hits,Ryan O'Hearn,Baltimore Orioles,Seattle Mariners,1.5,2.8,NA,800840,NA,TAB
Seattle Mariners v Baltimore Orioles,Seattle Mariners,Baltimore Orioles,Player Hits,Adley Rutschman,Baltimore Orioles,Seattle Mariners,1.5,3,NA,800841,NA,TAB
Seattle Mariners v Baltimore Orioles,Seattle Mariners,Baltimore Orioles,Player Hits,Jordan Westburg,Baltimore Orioles,Seattle Mariners,1.5,3.1,NA,800842,NA,TAB
Seattle Mariners v Baltimore Orioles,Seattle Mariners,Baltimore Orioles,Player Hits,Anthony Santander,Baltimore Orioles,Seattle Mariners,1.5,3.5,NA,800843,NA,TAB
Seattle Mariners v Baltimore Orioles,Seattle Mariners,Baltimore Orioles,Player Hits,Heston Kjerstad,NA,NA,1.5,3.6,NA,800844,NA,TAB
Seattle Mariners v Baltimore Orioles,Seattle Mariners,Baltimore Orioles,Player Hits,Cedric Mullins,Baltimore Orioles,Seattle Mariners,1.5,4,NA,800845,NA,TAB
Seattle Mariners v Baltimore Orioles,Seattle Mariners,Baltimore Orioles,Player Hits,Colton Cowser,Baltimore Orioles,Seattle Mariners,1.5,4,NA,800846,NA,TAB
Seattle Mariners v Baltimore Orioles,Seattle Mariners,Baltimore Orioles,Player Hits,Jorge Mateo,Baltimore Orioles,Seattle Mariners,1.5,4.75,NA,800847,NA,TAB
