id,name,rot_num,line_id,price,handicap,selection,player_name,home_team,away_team
1611893459,Over,978,5107219017,2.12,1.5,Jarren Duran (Total Bases)(must start),Jarren Duran (Total Bases)(must start),Chicago Cubs,Boston Red Sox
1611893460,Under,979,5107219018,1.671,1.5,Jarren Duran (Total Bases)(must start),Jarren Duran (Total Bases)(must start),Chicago Cubs,Boston Red Sox
1611893426,Over,978,5107218965,1.645,0.5,Romy Gonzalez (Total Bases)(must start),Romy Gonzalez (Total Bases)(must start),Chicago Cubs,Boston Red Sox
1611893427,Under,979,5107218966,2.17,0.5,Romy Gonzalez (Total Bases)(must start),Romy Gonzalez (Total Bases)(must start),Chicago Cubs,Boston Red Sox
1611893432,Over,978,5107218971,1.714,0.5,Carlos Narváez (Total Bases)(must start),Carlos Narváez (Total Bases)(must start),Chicago Cubs,Boston Red Sox
1611893433,Under,979,5107218972,2.06,0.5,Carlos Narváez (Total Bases)(must start),Carlos Narváez (Total Bases)(must start),Chicago Cubs,Boston Red Sox
1611893429,Over,978,5106988829,1.943,0.5,Ian Happ (Total Bases)(must start),Ian Happ (Total Bases)(must start),Chicago Cubs,Boston Red Sox
1611893430,Under,979,5106988830,1.806,0.5,Ian Happ (Total Bases)(must start),Ian Happ (Total Bases)(must start),Chicago Cubs,Boston Red Sox
1611893468,Over,978,5107219045,1.478,0.5,Roman Anthony (Total Bases)(must start),Roman Anthony (Total Bases)(must start),Chicago Cubs,Boston Red Sox
1611893469,Under,979,5107219046,2.54,0.5,Roman Anthony (Total Bases)(must start),Roman Anthony (Total Bases)(must start),Chicago Cubs,Boston Red Sox
1611893435,Over,978,5107218977,1.48,0.5,Seiya Suzuki (Total Bases)(must start),Seiya Suzuki (Total Bases)(must start),Chicago Cubs,Boston Red Sox
1611893436,Under,979,5107218978,2.54,0.5,Seiya Suzuki (Total Bases)(must start),Seiya Suzuki (Total Bases)(must start),Chicago Cubs,Boston Red Sox
1611893465,Over,978,5107219037,1.769,0.5,Pete Crow-Armstrong (Total Bases)(must start),Pete Crow-Armstrong (Total Bases)(must start),Chicago Cubs,Boston Red Sox
1611893466,Under,979,5107219038,1.98,0.5,Pete Crow-Armstrong (Total Bases)(must start),Pete Crow-Armstrong (Total Bases)(must start),Chicago Cubs,Boston Red Sox
1611893408,Over,978,5107218947,1.609,0.5,Trevor Story (Total Bases)(must start),Trevor Story (Total Bases)(must start),Chicago Cubs,Boston Red Sox
1611893409,Under,979,5107218948,2.23,0.5,Trevor Story (Total Bases)(must start),Trevor Story (Total Bases)(must start),Chicago Cubs,Boston Red Sox
1611893411,Over,978,5106968683,1.653,0.5,Carson Kelly (Total Bases)(must start),Carson Kelly (Total Bases)(must start),Chicago Cubs,Boston Red Sox
1611893412,Under,979,5106968699,2.15,0.5,Carson Kelly (Total Bases)(must start),Carson Kelly (Total Bases)(must start),Chicago Cubs,Boston Red Sox
1611893414,Over,978,5107218953,1.709,0.5,Dansby Swanson (Total Bases)(must start),Dansby Swanson (Total Bases)(must start),Chicago Cubs,Boston Red Sox
1611893415,Under,979,5107218954,2.06,0.5,Dansby Swanson (Total Bases)(must start),Dansby Swanson (Total Bases)(must start),Chicago Cubs,Boston Red Sox
1611893420,Over,978,5106969136,2.52,1.5,Nico Hoerner (Total Bases)(must start),Nico Hoerner (Total Bases)(must start),Chicago Cubs,Boston Red Sox
1611893421,Under,979,5106969144,1.485,1.5,Nico Hoerner (Total Bases)(must start),Nico Hoerner (Total Bases)(must start),Chicago Cubs,Boston Red Sox
1611893456,Over,978,5107219011,2.41,1.5,Ceddanne Rafaela (Total Bases)(must start),Ceddanne Rafaela (Total Bases)(must start),Chicago Cubs,Boston Red Sox
1611893457,Under,979,5107219012,1.526,1.5,Ceddanne Rafaela (Total Bases)(must start),Ceddanne Rafaela (Total Bases)(must start),Chicago Cubs,Boston Red Sox
1611893423,Over,978,5107218959,1.606,0.5,Kyle Tucker (Total Bases)(must start),Kyle Tucker (Total Bases)(must start),Chicago Cubs,Boston Red Sox
1611893424,Under,979,5107218960,2.23,0.5,Kyle Tucker (Total Bases)(must start),Kyle Tucker (Total Bases)(must start),Chicago Cubs,Boston Red Sox
1611893453,Over,978,5107219005,1.657,0.5,Wilyer Abreu (Total Bases)(must start),Wilyer Abreu (Total Bases)(must start),Chicago Cubs,Boston Red Sox
1611893454,Under,979,5107219006,2.14,0.5,Wilyer Abreu (Total Bases)(must start),Wilyer Abreu (Total Bases)(must start),Chicago Cubs,Boston Red Sox
1611893476,Over,978,5107219041,1.636,0.5,Marcelo Mayer (Total Bases)(must start),Marcelo Mayer (Total Bases)(must start),Chicago Cubs,Boston Red Sox
1611893477,Under,979,5107219042,2.18,0.5,Marcelo Mayer (Total Bases)(must start),Marcelo Mayer (Total Bases)(must start),Chicago Cubs,Boston Red Sox
1611893492,Over,968,5106692936,1.704,0.5,Dominic Smith (Total Bases)(must start),Dominic Smith (Total Bases)(must start),Toronto Blue Jays,San Francisco Giants
1611893493,Under,969,5106692937,2.07,0.5,Dominic Smith (Total Bases)(must start),Dominic Smith (Total Bases)(must start),Toronto Blue Jays,San Francisco Giants
1611893522,Over,968,5106693163,2.32,1.5,Jung Hoo Lee (Total Bases)(must start),Jung Hoo Lee (Total Bases)(must start),Toronto Blue Jays,San Francisco Giants
1611893523,Under,969,5106693164,1.564,1.5,Jung Hoo Lee (Total Bases)(must start),Jung Hoo Lee (Total Bases)(must start),Toronto Blue Jays,San Francisco Giants
1611893528,Over,968,5106692952,2.19,1.5,Matt Chapman (Total Bases)(must start),Matt Chapman (Total Bases)(must start),Toronto Blue Jays,San Francisco Giants
1611893529,Under,969,5106692953,1.632,1.5,Matt Chapman (Total Bases)(must start),Matt Chapman (Total Bases)(must start),Toronto Blue Jays,San Francisco Giants
1611893498,Over,968,5106726964,2.19,1.5,Willy Adames (Total Bases)(must start),Willy Adames (Total Bases)(must start),Toronto Blue Jays,San Francisco Giants
1611893499,Under,969,5106726965,1.628,1.5,Willy Adames (Total Bases)(must start),Willy Adames (Total Bases)(must start),Toronto Blue Jays,San Francisco Giants
1611893504,Over,968,5106726968,2.22,1.5,Rafael Devers (Total Bases)(must start),Rafael Devers (Total Bases)(must start),Toronto Blue Jays,San Francisco Giants
1611893505,Under,969,5106726969,1.613,1.5,Rafael Devers (Total Bases)(must start),Rafael Devers (Total Bases)(must start),Toronto Blue Jays,San Francisco Giants
1611893534,Over,968,5106692992,2.07,1.5,Heliot Ramos (Total Bases)(must start),Heliot Ramos (Total Bases)(must start),Toronto Blue Jays,San Francisco Giants
1611893535,Under,969,5106692993,1.699,1.5,Heliot Ramos (Total Bases)(must start),Heliot Ramos (Total Bases)(must start),Toronto Blue Jays,San Francisco Giants
1611893540,Over,968,5106727178,2.01,1.5,Ernie Clement (Total Bases)(must start),Ernie Clement (Total Bases)(must start),Toronto Blue Jays,San Francisco Giants
1611893541,Under,969,5106727181,1.751,1.5,Ernie Clement (Total Bases)(must start),Ernie Clement (Total Bases)(must start),Toronto Blue Jays,San Francisco Giants
1611893507,Over,968,5106726980,2.18,1.5,Vladimir Guerrero Jr. (Total Bases)(must start),Vladimir Guerrero Jr. (Total Bases)(must start),Toronto Blue Jays,San Francisco Giants
1611893508,Under,969,5106726981,1.641,1.5,Vladimir Guerrero Jr. (Total Bases)(must start),Vladimir Guerrero Jr. (Total Bases)(must start),Toronto Blue Jays,San Francisco Giants
1611893537,Over,968,5106727093,2.37,1.5,Alejandro Kirk (Total Bases)(must start),Alejandro Kirk (Total Bases)(must start),Toronto Blue Jays,San Francisco Giants
1611893538,Under,969,5106727103,1.546,1.5,Alejandro Kirk (Total Bases)(must start),Alejandro Kirk (Total Bases)(must start),Toronto Blue Jays,San Francisco Giants
1611893510,Over,968,5106726986,1.735,0.5,Andrew Knizner (Total Bases)(must start),Andrew Knizner (Total Bases)(must start),Toronto Blue Jays,San Francisco Giants
1611893511,Under,969,5106726987,2.02,0.5,Andrew Knizner (Total Bases)(must start),Andrew Knizner (Total Bases)(must start),Toronto Blue Jays,San Francisco Giants
1611893483,Over,968,5106726948,1.666,0.5,Mike Yastrzemski (Total Bases)(must start),Mike Yastrzemski (Total Bases)(must start),Toronto Blue Jays,San Francisco Giants
1611893484,Under,969,5106726949,2.13,0.5,Mike Yastrzemski (Total Bases)(must start),Mike Yastrzemski (Total Bases)(must start),Toronto Blue Jays,San Francisco Giants
1611893519,Over,968,5106693092,1.854,0.5,Davis Schneider (Total Bases)(must start),Davis Schneider (Total Bases)(must start),Toronto Blue Jays,San Francisco Giants
1611893520,Under,969,5106693093,1.884,0.5,Davis Schneider (Total Bases)(must start),Davis Schneider (Total Bases)(must start),Toronto Blue Jays,San Francisco Giants
1611893570,Over,968,5106726984,2.07,1.5,Bo Bichette (Total Bases)(must start),Bo Bichette (Total Bases)(must start),Toronto Blue Jays,San Francisco Giants
1611893571,Under,969,5106726985,1.704,1.5,Bo Bichette (Total Bases)(must start),Bo Bichette (Total Bases)(must start),Toronto Blue Jays,San Francisco Giants
1611893577,Under,969,5106727204,2.17,0.5,Addison Barger (Total Bases)(must start),Addison Barger (Total Bases)(must start),Toronto Blue Jays,San Francisco Giants
1611893576,Over,968,5106727203,1.645,0.5,Addison Barger (Total Bases)(must start),Addison Barger (Total Bases)(must start),Toronto Blue Jays,San Francisco Giants
1611893546,Over,968,5106692916,2.2,1.5,George Springer (Total Bases)(must start),George Springer (Total Bases)(must start),Toronto Blue Jays,San Francisco Giants
1611893547,Under,969,5106692917,1.625,1.5,George Springer (Total Bases)(must start),George Springer (Total Bases)(must start),Toronto Blue Jays,San Francisco Giants
1611893582,Over,968,5106726976,1.662,0.5,Myles Straw (Total Bases)(must start),Myles Straw (Total Bases)(must start),Toronto Blue Jays,San Francisco Giants
1611893583,Under,969,5106726977,2.13,0.5,Myles Straw (Total Bases)(must start),Myles Straw (Total Bases)(must start),Toronto Blue Jays,San Francisco Giants
1611893585,Over,966,5107426868,2.62,1.5,Jose Altuve (Total Bases)(must start),Jose Altuve (Total Bases)(must start),Seattle Mariners,Houston Astros
1611893586,Under,967,5107426869,1.452,1.5,Jose Altuve (Total Bases)(must start),Jose Altuve (Total Bases)(must start),Seattle Mariners,Houston Astros
1611893591,Over,966,5107426872,1.709,0.5,Christian Walker (Total Bases)(must start),Christian Walker (Total Bases)(must start),Seattle Mariners,Houston Astros
1611893592,Under,967,5107426873,2.06,0.5,Christian Walker (Total Bases)(must start),Christian Walker (Total Bases)(must start),Seattle Mariners,Houston Astros
1611893654,Over,966,5107426934,1.454,0.5,Cam Smith (Total Bases)(must start),Cam Smith (Total Bases)(must start),Seattle Mariners,Houston Astros
1611893655,Under,967,5107426935,2.62,0.5,Cam Smith (Total Bases)(must start),Cam Smith (Total Bases)(must start),Seattle Mariners,Houston Astros
1611893594,Over,966,5107218957,1.781,0.5,Jorge Polanco (Total Bases)(must start),Jorge Polanco (Total Bases)(must start),Seattle Mariners,Houston Astros
1611893595,Under,967,5107218958,1.97,0.5,Jorge Polanco (Total Bases)(must start),Jorge Polanco (Total Bases)(must start),Seattle Mariners,Houston Astros
1611893600,Over,966,5107218983,1.724,0.5,Mauricio Dubón (Total Bases)(must start),Mauricio Dubón (Total Bases)(must start),Seattle Mariners,Houston Astros
1611893601,Under,967,5107218984,2.04,0.5,Mauricio Dubón (Total Bases)(must start),Mauricio Dubón (Total Bases)(must start),Seattle Mariners,Houston Astros
1611893664,Under,967,5107426875,2.31,0.5,Victor Caratini (Total Bases)(must start),Victor Caratini (Total Bases)(must start),Seattle Mariners,Houston Astros
1611893663,Over,966,5107426874,1.568,0.5,Victor Caratini (Total Bases)(must start),Victor Caratini (Total Bases)(must start),Seattle Mariners,Houston Astros
1611893597,Over,966,5107426876,1.68,0.5,J.P. Crawford (Total Bases)(must start),J.P. Crawford (Total Bases)(must start),Seattle Mariners,Houston Astros
1611893598,Under,967,5107426877,2.11,0.5,J.P. Crawford (Total Bases)(must start),J.P. Crawford (Total Bases)(must start),Seattle Mariners,Houston Astros
1611893621,Over,966,5107426914,2.62,1.5,Yainer Diaz (Total Bases)(must start),Yainer Diaz (Total Bases)(must start),Seattle Mariners,Houston Astros
1611893622,Under,967,5107426915,1.452,1.5,Yainer Diaz (Total Bases)(must start),Yainer Diaz (Total Bases)(must start),Seattle Mariners,Houston Astros
1611893627,Over,966,5107426916,1.495,0.5,Julio Rodríguez (Total Bases)(must start),Julio Rodríguez (Total Bases)(must start),Seattle Mariners,Houston Astros
1611893628,Under,967,5107426917,2.49,0.5,Julio Rodríguez (Total Bases)(must start),Julio Rodríguez (Total Bases)(must start),Seattle Mariners,Houston Astros
1611893630,Over,966,5107426918,1.98,0.5,Dominic Canzone (Total Bases)(must start),Dominic Canzone (Total Bases)(must start),Seattle Mariners,Houston Astros
1611893631,Under,967,5107426919,1.775,0.5,Dominic Canzone (Total Bases)(must start),Dominic Canzone (Total Bases)(must start),Seattle Mariners,Houston Astros
1611893606,Over,966,5107426893,1.757,0.5,Cal Raleigh (Total Bases)(must start),Cal Raleigh (Total Bases)(must start),Seattle Mariners,Houston Astros
1611893607,Under,967,5107426894,2.0,0.5,Cal Raleigh (Total Bases)(must start),Cal Raleigh (Total Bases)(must start),Seattle Mariners,Houston Astros
1611893612,Over,966,5107426906,1.68,0.5,Randy Arozarena (Total Bases)(must start),Randy Arozarena (Total Bases)(must start),Seattle Mariners,Houston Astros
1611893613,Under,967,5107426907,2.1,0.5,Randy Arozarena (Total Bases)(must start),Randy Arozarena (Total Bases)(must start),Seattle Mariners,Houston Astros
1611893615,Over,966,5107426910,2.16,0.5,Luke Raley (Total Bases)(must start),Luke Raley (Total Bases)(must start),Seattle Mariners,Houston Astros
1611893616,Under,967,5107426911,1.645,0.5,Luke Raley (Total Bases)(must start),Luke Raley (Total Bases)(must start),Seattle Mariners,Houston Astros
1611893716,Over,958,5107180961,2.24,1.5,Tommy Edman (Total Bases)(must start),Tommy Edman (Total Bases)(must start),Los Angeles Dodgers,Milwaukee Brewers
1611893717,Under,959,5107180962,1.606,1.5,Tommy Edman (Total Bases)(must start),Tommy Edman (Total Bases)(must start),Los Angeles Dodgers,Milwaukee Brewers
1611893692,Over,958,5107180945,2.05,1.5,Mookie Betts (Total Bases)(must start),Mookie Betts (Total Bases)(must start),Los Angeles Dodgers,Milwaukee Brewers
1611893693,Under,959,5107180946,1.719,1.5,Mookie Betts (Total Bases)(must start),Mookie Betts (Total Bases)(must start),Los Angeles Dodgers,Milwaukee Brewers
1611893728,Over,958,5107193669,2.3,1.5,Andy Pages (Total Bases)(must start),Andy Pages (Total Bases)(must start),Los Angeles Dodgers,Milwaukee Brewers
1611893729,Under,959,5107193670,1.574,1.5,Andy Pages (Total Bases)(must start),Andy Pages (Total Bases)(must start),Los Angeles Dodgers,Milwaukee Brewers
1611893698,Over,958,5107180947,1.97,1.5,Teoscar Hernández (Total Bases)(must start),Teoscar Hernández (Total Bases)(must start),Los Angeles Dodgers,Milwaukee Brewers
1611893699,Under,959,5107180948,1.781,1.5,Teoscar Hernández (Total Bases)(must start),Teoscar Hernández (Total Bases)(must start),Los Angeles Dodgers,Milwaukee Brewers
1611893734,Over,958,5107180965,1.526,0.5,Isaac Collins (Total Bases)(must start),Isaac Collins (Total Bases)(must start),Los Angeles Dodgers,Milwaukee Brewers
1611893735,Under,959,5107180966,2.41,0.5,Isaac Collins (Total Bases)(must start),Isaac Collins (Total Bases)(must start),Los Angeles Dodgers,Milwaukee Brewers
1611893701,Over,958,5107193629,1.819,0.5,Andruw Monasterio (Total Bases)(must start),Andruw Monasterio (Total Bases)(must start),Los Angeles Dodgers,Milwaukee Brewers
1611893702,Under,959,5107193630,1.925,0.5,Andruw Monasterio (Total Bases)(must start),Andruw Monasterio (Total Bases)(must start),Los Angeles Dodgers,Milwaukee Brewers
1611893740,Over,958,5107193675,1.48,0.5,Caleb Durbin (Total Bases)(must start),Caleb Durbin (Total Bases)(must start),Los Angeles Dodgers,Milwaukee Brewers
1611893741,Under,959,5107193676,2.53,0.5,Caleb Durbin (Total Bases)(must start),Caleb Durbin (Total Bases)(must start),Los Angeles Dodgers,Milwaukee Brewers
1611893707,Over,958,5107331025,1.775,1.5,Shohei Ohtani (Total Bases)(must start),Shohei Ohtani (Total Bases)(must start),Los Angeles Dodgers,Milwaukee Brewers
1611893708,Under,959,5107331026,1.98,1.5,Shohei Ohtani (Total Bases)(must start),Shohei Ohtani (Total Bases)(must start),Los Angeles Dodgers,Milwaukee Brewers
1611893737,Over,958,5107193673,2.05,1.5,Jackson Chourio (Total Bases)(must start),Jackson Chourio (Total Bases)(must start),Los Angeles Dodgers,Milwaukee Brewers
1611893738,Under,959,5107193674,1.719,1.5,Jackson Chourio (Total Bases)(must start),Jackson Chourio (Total Bases)(must start),Los Angeles Dodgers,Milwaukee Brewers
1611893710,Over,958,5107180959,1.694,0.5,Esteury Ruiz (Total Bases)(must start),Esteury Ruiz (Total Bases)(must start),Los Angeles Dodgers,Milwaukee Brewers
1611893711,Under,959,5107180960,2.09,0.5,Esteury Ruiz (Total Bases)(must start),Esteury Ruiz (Total Bases)(must start),Los Angeles Dodgers,Milwaukee Brewers
1611893677,Over,958,5107180931,1.478,0.5,Miguel Rojas (Total Bases)(must start),Miguel Rojas (Total Bases)(must start),Los Angeles Dodgers,Milwaukee Brewers
1611893678,Under,959,5107180932,2.54,0.5,Miguel Rojas (Total Bases)(must start),Miguel Rojas (Total Bases)(must start),Los Angeles Dodgers,Milwaukee Brewers
1611893779,Over,962,5107027739,1.862,0.5,Will Wilson (Total Bases)(must start),Will Wilson (Total Bases)(must start),Cleveland Guardians,Athletics
1611893780,Under,963,5107027740,1.877,0.5,Will Wilson (Total Bases)(must start),Will Wilson (Total Bases)(must start),Cleveland Guardians,Athletics
1611893746,Over,962,5107027708,1.534,0.5,Carlos Santana (Total Bases)(must start),Carlos Santana (Total Bases)(must start),Cleveland Guardians,Athletics
1611893747,Under,963,5107027709,2.39,0.5,Carlos Santana (Total Bases)(must start),Carlos Santana (Total Bases)(must start),Cleveland Guardians,Athletics
1611893749,Over,962,5107027712,2.12,0.5,Austin Hedges (Total Bases)(must start),Austin Hedges (Total Bases)(must start),Cleveland Guardians,Athletics
1611893750,Under,963,5107027713,1.675,0.5,Austin Hedges (Total Bases)(must start),Austin Hedges (Total Bases)(must start),Cleveland Guardians,Athletics
1611893755,Over,962,5107027726,2.27,1.5,Brent Rooker (Total Bases)(must start),Brent Rooker (Total Bases)(must start),Cleveland Guardians,Athletics
1611893756,Under,963,5107027727,1.588,1.5,Brent Rooker (Total Bases)(must start),Brent Rooker (Total Bases)(must start),Cleveland Guardians,Athletics
1611893758,Over,962,5107027743,1.564,0.5,Lawrence Butler (Total Bases)(must start),Lawrence Butler (Total Bases)(must start),Cleveland Guardians,Athletics
1611893759,Under,963,5107027744,2.32,0.5,Lawrence Butler (Total Bases)(must start),Lawrence Butler (Total Bases)(must start),Cleveland Guardians,Athletics
1611893764,Over,962,5107027747,1.787,0.5,Brayan Rocchio (Total Bases)(must start),Brayan Rocchio (Total Bases)(must start),Cleveland Guardians,Athletics
1611893765,Under,963,5107027748,1.961,0.5,Brayan Rocchio (Total Bases)(must start),Brayan Rocchio (Total Bases)(must start),Cleveland Guardians,Athletics
1611893761,Over,962,5107027745,1.729,0.5,Denzel Clarke (Total Bases)(must start),Denzel Clarke (Total Bases)(must start),Cleveland Guardians,Athletics
1611893762,Under,963,5107027746,2.03,0.5,Denzel Clarke (Total Bases)(must start),Denzel Clarke (Total Bases)(must start),Cleveland Guardians,Athletics
1611893767,Over,962,5107021926,1.546,0.5,Nick Kurtz (Total Bases)(must start),Nick Kurtz (Total Bases)(must start),Cleveland Guardians,Athletics
1611893768,Under,963,5107021927,2.36,0.5,Nick Kurtz (Total Bases)(must start),Nick Kurtz (Total Bases)(must start),Cleveland Guardians,Athletics
1611893906,Over,952,5106989613,2.39,1.5,Xander Bogaerts (Total Bases)(must start),Xander Bogaerts (Total Bases)(must start),Washington Nationals,San Diego Padres
1611893907,Under,953,5106989614,1.534,1.5,Xander Bogaerts (Total Bases)(must start),Xander Bogaerts (Total Bases)(must start),Washington Nationals,San Diego Padres
1611894039,Over,956,5107246937,1.689,1.5,Corbin Carroll (Total Bases)(must start),Corbin Carroll (Total Bases)(must start),Arizona Diamondbacks,St. Louis Cardinals
1611894040,Under,957,5107246938,2.09,1.5,Corbin Carroll (Total Bases)(must start),Corbin Carroll (Total Bases)(must start),Arizona Diamondbacks,St. Louis Cardinals
1611893918,Over,952,5106989617,1.632,0.5,Jake Cronenworth (Total Bases)(must start),Jake Cronenworth (Total Bases)(must start),Washington Nationals,San Diego Padres
1611893919,Under,953,5106989618,2.19,0.5,Jake Cronenworth (Total Bases)(must start),Jake Cronenworth (Total Bases)(must start),Washington Nationals,San Diego Padres
1611894047,Over,974,5107018962,1.46,0.5,Ke'Bryan Hayes (Total Bases)(must start),Ke'Bryan Hayes (Total Bases)(must start),Pittsburgh Pirates,Chicago White Sox
1611894048,Under,975,5107018963,2.6,0.5,Ke'Bryan Hayes (Total Bases)(must start),Ke'Bryan Hayes (Total Bases)(must start),Pittsburgh Pirates,Chicago White Sox
1611894021,Over,956,5107205414,2.47,1.5,Geraldo Perdomo (Total Bases)(must start),Geraldo Perdomo (Total Bases)(must start),Arizona Diamondbacks,St. Louis Cardinals
1611894022,Under,957,5107205415,1.502,1.5,Geraldo Perdomo (Total Bases)(must start),Geraldo Perdomo (Total Bases)(must start),Arizona Diamondbacks,St. Louis Cardinals
1611893894,Over,952,5106966485,1.934,0.5,Elias Díaz (Total Bases)(must start),Elias Díaz (Total Bases)(must start),Washington Nationals,San Diego Padres
1611893895,Under,953,5106966504,1.806,0.5,Elias Díaz (Total Bases)(must start),Elias Díaz (Total Bases)(must start),Washington Nationals,San Diego Padres
1611894027,Over,956,5107246931,1.552,0.5,Alek Thomas (Total Bases)(must start),Alek Thomas (Total Bases)(must start),Arizona Diamondbacks,St. Louis Cardinals
1611894028,Under,957,5107246932,2.35,0.5,Alek Thomas (Total Bases)(must start),Alek Thomas (Total Bases)(must start),Arizona Diamondbacks,St. Louis Cardinals
1611893897,Over,952,5106989607,1.434,0.5,Jose Iglesias (Total Bases)(must start),Jose Iglesias (Total Bases)(must start),Washington Nationals,San Diego Padres
1611893898,Under,953,5106989608,2.68,0.5,Jose Iglesias (Total Bases)(must start),Jose Iglesias (Total Bases)(must start),Washington Nationals,San Diego Padres
1611893903,Over,952,5106989611,2.03,1.5,Manny Machado (Total Bases)(must start),Manny Machado (Total Bases)(must start),Washington Nationals,San Diego Padres
1611893904,Under,953,5106989612,1.735,1.5,Manny Machado (Total Bases)(must start),Manny Machado (Total Bases)(must start),Washington Nationals,San Diego Padres
1611894068,Over,974,5107018982,2.43,1.5,Miguel Vargas (Total Bases)(must start),Miguel Vargas (Total Bases)(must start),Pittsburgh Pirates,Chicago White Sox
1611894069,Under,975,5107018983,1.518,1.5,Miguel Vargas (Total Bases)(must start),Miguel Vargas (Total Bases)(must start),Pittsburgh Pirates,Chicago White Sox
1611894065,Over,974,5107011567,2.33,1.5,Luis Robert Jr. (Total Bases)(must start),Luis Robert Jr. (Total Bases)(must start),Pittsburgh Pirates,Chicago White Sox
1611894066,Under,975,5107011568,1.561,1.5,Luis Robert Jr. (Total Bases)(must start),Luis Robert Jr. (Total Bases)(must start),Pittsburgh Pirates,Chicago White Sox
1611894071,Over,974,5107018984,2.07,1.5,Nick Gonzales (Total Bases)(must start),Nick Gonzales (Total Bases)(must start),Pittsburgh Pirates,Chicago White Sox
1611894072,Under,975,5107018985,1.704,1.5,Nick Gonzales (Total Bases)(must start),Nick Gonzales (Total Bases)(must start),Pittsburgh Pirates,Chicago White Sox
1611893948,Over,952,5106989643,2.22,1.5,CJ Abrams (Total Bases)(must start),CJ Abrams (Total Bases)(must start),Washington Nationals,San Diego Padres
1611893949,Under,953,5106989644,1.613,1.5,CJ Abrams (Total Bases)(must start),CJ Abrams (Total Bases)(must start),Washington Nationals,San Diego Padres
1611894074,Over,974,5106968338,1.68,0.5,Colson Montgomery (Total Bases)(must start),Colson Montgomery (Total Bases)(must start),Pittsburgh Pirates,Chicago White Sox
1611894075,Under,975,5106968373,2.1,0.5,Colson Montgomery (Total Bases)(must start),Colson Montgomery (Total Bases)(must start),Pittsburgh Pirates,Chicago White Sox
1611893945,Over,952,5106989641,2.25,1.5,Luis García Jr. (Total Bases)(must start),Luis García Jr. (Total Bases)(must start),Washington Nationals,San Diego Padres
1611893946,Under,953,5106989642,1.598,1.5,Luis García Jr. (Total Bases)(must start),Luis García Jr. (Total Bases)(must start),Washington Nationals,San Diego Padres
1611894077,Over,974,5107018988,2.3,1.5,Chase Meidroth (Total Bases)(must start),Chase Meidroth (Total Bases)(must start),Pittsburgh Pirates,Chicago White Sox
1611894078,Under,975,5107018989,1.574,1.5,Chase Meidroth (Total Bases)(must start),Chase Meidroth (Total Bases)(must start),Pittsburgh Pirates,Chicago White Sox
1611893924,Over,952,5106989621,1.813,0.5,Riley Adams (Total Bases)(must start),Riley Adams (Total Bases)(must start),Washington Nationals,San Diego Padres
1611893925,Under,953,5106989622,1.934,0.5,Riley Adams (Total Bases)(must start),Riley Adams (Total Bases)(must start),Washington Nationals,San Diego Padres
1611894053,Over,956,5107205442,1.709,0.5,Victor Scott II (Total Bases)(must start),Victor Scott II (Total Bases)(must start),Arizona Diamondbacks,St. Louis Cardinals
1611894054,Under,957,5107205443,2.07,0.5,Victor Scott II (Total Bases)(must start),Victor Scott II (Total Bases)(must start),Arizona Diamondbacks,St. Louis Cardinals
1611893921,Over,952,5106989619,2.19,1.5,Luis Arraez (Total Bases)(must start),Luis Arraez (Total Bases)(must start),Washington Nationals,San Diego Padres
1611893922,Under,953,5106989620,1.628,1.5,Luis Arraez (Total Bases)(must start),Luis Arraez (Total Bases)(must start),Washington Nationals,San Diego Padres
1611894057,Over,974,5107018968,2.0,1.5,Oneil Cruz (Total Bases)(must start),Oneil Cruz (Total Bases)(must start),Pittsburgh Pirates,Chicago White Sox
1611894058,Under,975,5107018969,1.757,1.5,Oneil Cruz (Total Bases)(must start),Oneil Cruz (Total Bases)(must start),Pittsburgh Pirates,Chicago White Sox
1611893927,Over,952,5106989627,1.571,0.5,Gavin Sheets (Total Bases)(must start),Gavin Sheets (Total Bases)(must start),Washington Nationals,San Diego Padres
1611893928,Under,953,5106989628,2.31,0.5,Gavin Sheets (Total Bases)(must start),Gavin Sheets (Total Bases)(must start),Washington Nationals,San Diego Padres
1611893930,Over,952,5106989629,1.529,0.5,Nathaniel Lowe (Total Bases)(must start),Nathaniel Lowe (Total Bases)(must start),Washington Nationals,San Diego Padres
1611893931,Under,953,5106989630,2.4,0.5,Nathaniel Lowe (Total Bases)(must start),Nathaniel Lowe (Total Bases)(must start),Washington Nationals,San Diego Padres
1611894059,Over,956,5107205446,1.46,0.5,Masyn Winn (Total Bases)(must start),Masyn Winn (Total Bases)(must start),Arizona Diamondbacks,St. Louis Cardinals
1611894060,Under,957,5107205447,2.6,0.5,Masyn Winn (Total Bases)(must start),Masyn Winn (Total Bases)(must start),Arizona Diamondbacks,St. Louis Cardinals
1611893936,Over,952,5106966982,2.18,1.5,Fernando Tatis Jr. (Total Bases)(must start),Fernando Tatis Jr. (Total Bases)(must start),Washington Nationals,San Diego Padres
1611893937,Under,953,5106966992,1.636,1.5,Fernando Tatis Jr. (Total Bases)(must start),Fernando Tatis Jr. (Total Bases)(must start),Washington Nationals,San Diego Padres
1611894062,Over,974,5107018972,1.892,1.5,Bryan Reynolds (Total Bases)(must start),Bryan Reynolds (Total Bases)(must start),Pittsburgh Pirates,Chicago White Sox
1611894063,Under,975,5107018973,1.847,1.5,Bryan Reynolds (Total Bases)(must start),Bryan Reynolds (Total Bases)(must start),Pittsburgh Pirates,Chicago White Sox
1611893973,Over,974,5107011505,2.22,1.5,Andrew McCutchen (Total Bases)(must start),Andrew McCutchen (Total Bases)(must start),Pittsburgh Pirates,Chicago White Sox
1611893974,Under,975,5107011506,1.613,1.5,Andrew McCutchen (Total Bases)(must start),Andrew McCutchen (Total Bases)(must start),Pittsburgh Pirates,Chicago White Sox
1611893969,Over,958,5107180969,1.621,0.5,Joey Ortiz (Total Bases)(must start),Joey Ortiz (Total Bases)(must start),Los Angeles Dodgers,Milwaukee Brewers
1611893970,Under,959,5107180970,2.21,0.5,Joey Ortiz (Total Bases)(must start),Joey Ortiz (Total Bases)(must start),Los Angeles Dodgers,Milwaukee Brewers
1611893979,Over,956,5107205394,2.07,1.5,Eugenio Suárez (Total Bases)(must start),Eugenio Suárez (Total Bases)(must start),Arizona Diamondbacks,St. Louis Cardinals
1611893980,Under,957,5107205395,1.709,1.5,Eugenio Suárez (Total Bases)(must start),Eugenio Suárez (Total Bases)(must start),Arizona Diamondbacks,St. Louis Cardinals
1611893954,Over,952,5106967261,1.602,0.5,James Wood (Total Bases)(must start),James Wood (Total Bases)(must start),Washington Nationals,San Diego Padres
1611893955,Under,953,5106967262,2.24,0.5,James Wood (Total Bases)(must start),James Wood (Total Bases)(must start),Washington Nationals,San Diego Padres
1611893957,Over,952,5107044183,1.518,0.5,Daylen Lile (Total Bases)(must start),Daylen Lile (Total Bases)(must start),Washington Nationals,San Diego Padres
1611893958,Under,953,5107044184,2.43,0.5,Daylen Lile (Total Bases)(must start),Daylen Lile (Total Bases)(must start),Washington Nationals,San Diego Padres
1611894008,Over,956,5107479338,2.1,1.5,Josh Naylor (Total Bases)(must start),Josh Naylor (Total Bases)(must start),Arizona Diamondbacks,St. Louis Cardinals
1611894009,Under,957,5107479339,1.684,1.5,Josh Naylor (Total Bases)(must start),Josh Naylor (Total Bases)(must start),Arizona Diamondbacks,St. Louis Cardinals
1611894005,Over,974,5107018946,1.684,0.5,Michael A. Taylor (Total Bases)(must start),Michael A. Taylor (Total Bases)(must start),Pittsburgh Pirates,Chicago White Sox
1611894006,Under,975,5107018947,2.1,0.5,Michael A. Taylor (Total Bases)(must start),Michael A. Taylor (Total Bases)(must start),Pittsburgh Pirates,Chicago White Sox
1611894011,Over,974,5107018948,2.3,1.5,Austin Slater (Total Bases)(must start),Austin Slater (Total Bases)(must start),Pittsburgh Pirates,Chicago White Sox
1611894012,Under,975,5107018949,1.574,1.5,Austin Slater (Total Bases)(must start),Austin Slater (Total Bases)(must start),Pittsburgh Pirates,Chicago White Sox
1611894014,Over,956,5107246927,2.24,1.5,Iván Herrera (Total Bases)(must start),Iván Herrera (Total Bases)(must start),Arizona Diamondbacks,St. Louis Cardinals
1611894015,Under,957,5107246928,1.602,1.5,Iván Herrera (Total Bases)(must start),Iván Herrera (Total Bases)(must start),Arizona Diamondbacks,St. Louis Cardinals
1611893990,Over,956,5107205404,2.43,1.5,Willson Contreras (Total Bases)(must start),Willson Contreras (Total Bases)(must start),Arizona Diamondbacks,St. Louis Cardinals
1611893991,Under,957,5107205405,1.518,1.5,Willson Contreras (Total Bases)(must start),Willson Contreras (Total Bases)(must start),Arizona Diamondbacks,St. Louis Cardinals
1611894002,Over,956,5107246921,1.826,0.5,Jose Herrera (Total Bases)(must start),Jose Herrera (Total Bases)(must start),Arizona Diamondbacks,St. Louis Cardinals
1611894003,Under,957,5107246922,1.909,0.5,Jose Herrera (Total Bases)(must start),Jose Herrera (Total Bases)(must start),Arizona Diamondbacks,St. Louis Cardinals
1611894092,Over,958,5107193635,2.3,1.5,William Contreras (Total Bases)(must start),William Contreras (Total Bases)(must start),Los Angeles Dodgers,Milwaukee Brewers
1611894093,Under,959,5107193636,1.574,1.5,William Contreras (Total Bases)(must start),William Contreras (Total Bases)(must start),Los Angeles Dodgers,Milwaukee Brewers
1611895431,Over,970,5106966440,2.33,1.5,Mike Trout (Total Bases)(must start),Mike Trout (Total Bases)(must start),Philadelphia Phillies,Los Angeles Angels
1611895432,Under,971,5106966445,1.561,1.5,Mike Trout (Total Bases)(must start),Mike Trout (Total Bases)(must start),Philadelphia Phillies,Los Angeles Angels
1611895440,Over,970,5106966569,2.14,1.5,Nick Castellanos (Total Bases)(must start),Nick Castellanos (Total Bases)(must start),Philadelphia Phillies,Los Angeles Angels
1611895441,Under,971,5106966587,1.657,1.5,Nick Castellanos (Total Bases)(must start),Nick Castellanos (Total Bases)(must start),Philadelphia Phillies,Los Angeles Angels
1611895437,Over,970,5106966745,2.14,1.5,Bryce Harper (Total Bases)(must start),Bryce Harper (Total Bases)(must start),Philadelphia Phillies,Los Angeles Angels
1611895438,Under,971,5106966755,1.657,1.5,Bryce Harper (Total Bases)(must start),Bryce Harper (Total Bases)(must start),Philadelphia Phillies,Los Angeles Angels
1611895476,Over,970,5106966984,1.581,0.5,Logan O'Hoppe (Total Bases)(must start),Logan O'Hoppe (Total Bases)(must start),Philadelphia Phillies,Los Angeles Angels
1611895477,Under,971,5106966999,2.28,0.5,Logan O'Hoppe (Total Bases)(must start),Logan O'Hoppe (Total Bases)(must start),Philadelphia Phillies,Los Angeles Angels
1611895443,Over,970,5106966622,2.23,1.5,Trea Turner (Total Bases)(must start),Trea Turner (Total Bases)(must start),Philadelphia Phillies,Los Angeles Angels
1611895444,Under,971,5106966632,1.609,1.5,Trea Turner (Total Bases)(must start),Trea Turner (Total Bases)(must start),Philadelphia Phillies,Los Angeles Angels
1611895446,Over,970,5106966920,1.628,0.5,Kevin Newman (Total Bases)(must start),Kevin Newman (Total Bases)(must start),Philadelphia Phillies,Los Angeles Angels
1611895447,Under,971,5106966926,2.19,0.5,Kevin Newman (Total Bases)(must start),Kevin Newman (Total Bases)(must start),Philadelphia Phillies,Los Angeles Angels
1611895482,Over,970,5106967387,2.12,1.5,Zach Neto (Total Bases)(must start),Zach Neto (Total Bases)(must start),Philadelphia Phillies,Los Angeles Angels
1611895483,Under,971,5106967395,1.671,1.5,Zach Neto (Total Bases)(must start),Zach Neto (Total Bases)(must start),Philadelphia Phillies,Los Angeles Angels
1611895488,Over,970,5106967112,1.523,0.5,Otto Kemp (Total Bases)(must start),Otto Kemp (Total Bases)(must start),Philadelphia Phillies,Los Angeles Angels
1611895489,Under,971,5106967113,2.42,0.5,Otto Kemp (Total Bases)(must start),Otto Kemp (Total Bases)(must start),Philadelphia Phillies,Los Angeles Angels
1611895485,Over,970,5106967594,1.446,0.5,Nolan Schanuel (Total Bases)(must start),Nolan Schanuel (Total Bases)(must start),Philadelphia Phillies,Los Angeles Angels
1611895486,Under,971,5106967600,2.65,0.5,Nolan Schanuel (Total Bases)(must start),Nolan Schanuel (Total Bases)(must start),Philadelphia Phillies,Los Angeles Angels
1611895458,Over,970,5106967169,1.657,0.5,Jorge Soler (Total Bases)(must start),Jorge Soler (Total Bases)(must start),Philadelphia Phillies,Los Angeles Angels
1611895459,Under,971,5106967175,2.15,0.5,Jorge Soler (Total Bases)(must start),Jorge Soler (Total Bases)(must start),Philadelphia Phillies,Los Angeles Angels
1611895467,Over,970,5106991334,2.49,1.5,Brandon Marsh (Total Bases)(must start),Brandon Marsh (Total Bases)(must start),Philadelphia Phillies,Los Angeles Angels
1611895468,Under,971,5106991335,1.497,1.5,Brandon Marsh (Total Bases)(must start),Brandon Marsh (Total Bases)(must start),Philadelphia Phillies,Los Angeles Angels
1611895470,Over,970,5106966952,1.574,0.5,Bryson Stott (Total Bases)(must start),Bryson Stott (Total Bases)(must start),Philadelphia Phillies,Los Angeles Angels
1611895471,Under,971,5106966956,2.3,0.5,Bryson Stott (Total Bases)(must start),Bryson Stott (Total Bases)(must start),Philadelphia Phillies,Los Angeles Angels
1611895571,Over,960,5106485618,1.763,0.5,José Caballero (Total Bases)(must start),José Caballero (Total Bases)(must start),Tampa Bay Rays,Baltimore Orioles
1611895572,Under,961,5106485619,1.99,0.5,José Caballero (Total Bases)(must start),José Caballero (Total Bases)(must start),Tampa Bay Rays,Baltimore Orioles
1611895577,Over,960,5106485620,1.689,0.5,Colton Cowser (Total Bases)(must start),Colton Cowser (Total Bases)(must start),Tampa Bay Rays,Baltimore Orioles
1611895578,Under,961,5106485621,2.09,0.5,Colton Cowser (Total Bases)(must start),Colton Cowser (Total Bases)(must start),Tampa Bay Rays,Baltimore Orioles
1611895584,Under,961,5106485625,1.662,1.5,Gunnar Henderson (Total Bases)(must start),Gunnar Henderson (Total Bases)(must start),Tampa Bay Rays,Baltimore Orioles
1611895583,Over,960,5106485624,2.14,1.5,Gunnar Henderson (Total Bases)(must start),Gunnar Henderson (Total Bases)(must start),Tampa Bay Rays,Baltimore Orioles
1611895682,Over,972,5106968636,1.497,0.5,Nacho Alvarez Jr. (Total Bases)(must start),Nacho Alvarez Jr. (Total Bases)(must start),Atlanta Braves,New York Yankees
1611895683,Under,973,5106968663,2.48,0.5,Nacho Alvarez Jr. (Total Bases)(must start),Nacho Alvarez Jr. (Total Bases)(must start),Atlanta Braves,New York Yankees
1611895559,Over,960,5106485610,1.757,0.5,Taylor Walls (Total Bases)(must start),Taylor Walls (Total Bases)(must start),Tampa Bay Rays,Baltimore Orioles
1611895560,Under,961,5106485611,1.99,0.5,Taylor Walls (Total Bases)(must start),Taylor Walls (Total Bases)(must start),Tampa Bay Rays,Baltimore Orioles
1611895562,Over,960,5106485612,2.38,1.5,Ha-Seong Kim (Total Bases)(must start),Ha-Seong Kim (Total Bases)(must start),Tampa Bay Rays,Baltimore Orioles
1611895563,Under,961,5106485613,1.54,1.5,Ha-Seong Kim (Total Bases)(must start),Ha-Seong Kim (Total Bases)(must start),Tampa Bay Rays,Baltimore Orioles
1611895568,Over,960,5106485616,2.13,1.5,Jordan Westburg (Total Bases)(must start),Jordan Westburg (Total Bases)(must start),Tampa Bay Rays,Baltimore Orioles
1611895569,Under,961,5106485617,1.666,1.5,Jordan Westburg (Total Bases)(must start),Jordan Westburg (Total Bases)(must start),Tampa Bay Rays,Baltimore Orioles
1611895604,Over,972,5106968448,2.32,1.5,Paul Goldschmidt (Total Bases)(must start),Paul Goldschmidt (Total Bases)(must start),Atlanta Braves,New York Yankees
1611895605,Under,973,5106968457,1.564,1.5,Paul Goldschmidt (Total Bases)(must start),Paul Goldschmidt (Total Bases)(must start),Atlanta Braves,New York Yankees
1611895598,Over,960,5106485642,1.497,0.5,Jackson Holliday (Total Bases)(must start),Jackson Holliday (Total Bases)(must start),Tampa Bay Rays,Baltimore Orioles
1611895599,Under,961,5106485643,2.49,0.5,Jackson Holliday (Total Bases)(must start),Jackson Holliday (Total Bases)(must start),Tampa Bay Rays,Baltimore Orioles
1611895634,Over,972,5106968830,2.49,1.5,Ozzie Albies (Total Bases)(must start),Ozzie Albies (Total Bases)(must start),Atlanta Braves,New York Yankees
1611895635,Under,973,5106968850,1.495,1.5,Ozzie Albies (Total Bases)(must start),Ozzie Albies (Total Bases)(must start),Atlanta Braves,New York Yankees
1611895643,Over,972,5106968622,1.934,1.5,Ronald Acuña Jr. (Total Bases)(must start),Ronald Acuña Jr. (Total Bases)(must start),Atlanta Braves,New York Yankees
1611895644,Under,973,5106968632,1.813,1.5,Ronald Acuña Jr. (Total Bases)(must start),Ronald Acuña Jr. (Total Bases)(must start),Atlanta Braves,New York Yankees
1611895517,Over,960,5106485574,1.621,0.5,Tyler O'Neill (Total Bases)(must start),Tyler O'Neill (Total Bases)(must start),Tampa Bay Rays,Baltimore Orioles
1611895518,Under,961,5106485575,2.21,0.5,Tyler O'Neill (Total Bases)(must start),Tyler O'Neill (Total Bases)(must start),Tampa Bay Rays,Baltimore Orioles
1611895619,Over,972,5106996530,1.787,1.5,Aaron Judge (Total Bases)(must start),Aaron Judge (Total Bases)(must start),Atlanta Braves,New York Yankees
1611895620,Under,973,5106996531,1.952,1.5,Aaron Judge (Total Bases)(must start),Aaron Judge (Total Bases)(must start),Atlanta Braves,New York Yankees
1611895625,Over,972,5106968815,2.04,1.5,Matt Olson (Total Bases)(must start),Matt Olson (Total Bases)(must start),Atlanta Braves,New York Yankees
1611895626,Under,973,5106968834,1.724,1.5,Matt Olson (Total Bases)(must start),Matt Olson (Total Bases)(must start),Atlanta Braves,New York Yankees
1611895631,Over,972,5106968618,1.97,1.5,Cody Bellinger (Total Bases)(must start),Cody Bellinger (Total Bases)(must start),Atlanta Braves,New York Yankees
1611895632,Under,973,5106968628,1.781,1.5,Cody Bellinger (Total Bases)(must start),Cody Bellinger (Total Bases)(must start),Atlanta Braves,New York Yankees
1611895544,Over,960,5106485600,1.602,0.5,Christopher Morel (Total Bases)(must start),Christopher Morel (Total Bases)(must start),Tampa Bay Rays,Baltimore Orioles
1611895545,Under,961,5106485601,2.24,0.5,Christopher Morel (Total Bases)(must start),Christopher Morel (Total Bases)(must start),Tampa Bay Rays,Baltimore Orioles
1611895670,Over,972,5106968824,1.699,0.5,Nick Allen (Total Bases)(must start),Nick Allen (Total Bases)(must start),Atlanta Braves,New York Yankees
1611895671,Under,973,5106968844,2.08,0.5,Nick Allen (Total Bases)(must start),Nick Allen (Total Bases)(must start),Atlanta Braves,New York Yankees
1611895676,Over,972,5106968639,1.645,0.5,Anthony Volpe (Total Bases)(must start),Anthony Volpe (Total Bases)(must start),Atlanta Braves,New York Yankees
1611895677,Under,973,5106968666,2.16,0.5,Anthony Volpe (Total Bases)(must start),Anthony Volpe (Total Bases)(must start),Atlanta Braves,New York Yankees
1611895680,Under,973,5106968562,1.625,1.5,Jasson Domínguez (Total Bases)(must start),Jasson Domínguez (Total Bases)(must start),Atlanta Braves,New York Yankees
1611895679,Over,972,5106968554,2.2,1.5,Jasson Domínguez (Total Bases)(must start),Jasson Domínguez (Total Bases)(must start),Atlanta Braves,New York Yankees
1611895523,Over,960,5106485578,1.746,0.5,Danny Jansen (Total Bases)(must start),Danny Jansen (Total Bases)(must start),Tampa Bay Rays,Baltimore Orioles
1611895524,Under,961,5106485579,2.01,0.5,Danny Jansen (Total Bases)(must start),Danny Jansen (Total Bases)(must start),Tampa Bay Rays,Baltimore Orioles
1611895655,Over,972,5106968474,1.49,0.5,Jazz Chisholm Jr. (Total Bases)(must start),Jazz Chisholm Jr. (Total Bases)(must start),Atlanta Braves,New York Yankees
1611895656,Under,973,5106968491,2.5,0.5,Jazz Chisholm Jr. (Total Bases)(must start),Jazz Chisholm Jr. (Total Bases)(must start),Atlanta Braves,New York Yankees
1611895532,Over,960,5106485588,1.775,0.5,Cedric Mullins (Total Bases)(must start),Cedric Mullins (Total Bases)(must start),Tampa Bay Rays,Baltimore Orioles
1611895533,Under,961,5106485589,1.98,0.5,Cedric Mullins (Total Bases)(must start),Cedric Mullins (Total Bases)(must start),Tampa Bay Rays,Baltimore Orioles
1611895529,Over,960,5106485582,1.917,1.5,Yandy Díaz (Total Bases)(must start),Yandy Díaz (Total Bases)(must start),Tampa Bay Rays,Baltimore Orioles
1611895530,Under,961,5106485583,1.826,1.5,Yandy Díaz (Total Bases)(must start),Yandy Díaz (Total Bases)(must start),Tampa Bay Rays,Baltimore Orioles
1611895535,Over,960,5106485592,1.578,0.5,Ryan O'Hearn (Total Bases)(must start),Ryan O'Hearn (Total Bases)(must start),Tampa Bay Rays,Baltimore Orioles
1611895536,Under,961,5106485593,2.29,0.5,Ryan O'Hearn (Total Bases)(must start),Ryan O'Hearn (Total Bases)(must start),Tampa Bay Rays,Baltimore Orioles
1611896476,Over,980,5107029055,1.534,0.5,Yanquiel Fernández (Total Bases)(must start),Yanquiel Fernández (Total Bases)(must start),Colorado Rockies,Minnesota Twins
1611896477,Under,981,5107029056,2.39,0.5,Yanquiel Fernández (Total Bases)(must start),Yanquiel Fernández (Total Bases)(must start),Colorado Rockies,Minnesota Twins
1611896473,Over,980,5107219087,2.38,1.5,Jordan Beck (Total Bases)(must start),Jordan Beck (Total Bases)(must start),Colorado Rockies,Minnesota Twins
1611896474,Under,981,5107219088,1.54,1.5,Jordan Beck (Total Bases)(must start),Jordan Beck (Total Bases)(must start),Colorado Rockies,Minnesota Twins
1611896413,Over,980,5107162217,1.877,1.5,Carlos Correa (Total Bases)(must start),Carlos Correa (Total Bases)(must start),Colorado Rockies,Minnesota Twins
1611896414,Under,981,5107162218,1.862,1.5,Carlos Correa (Total Bases)(must start),Carlos Correa (Total Bases)(must start),Colorado Rockies,Minnesota Twins
1611896449,Over,980,5107219071,1.746,1.5,Kody Clemens (Total Bases)(must start),Kody Clemens (Total Bases)(must start),Colorado Rockies,Minnesota Twins
1611896450,Under,981,5107219072,2.01,1.5,Kody Clemens (Total Bases)(must start),Kody Clemens (Total Bases)(must start),Colorado Rockies,Minnesota Twins
1611896458,Over,980,5107219079,1.657,0.5,Michael Toglia (Total Bases)(must start),Michael Toglia (Total Bases)(must start),Colorado Rockies,Minnesota Twins
1611896459,Under,981,5107219080,2.14,0.5,Michael Toglia (Total Bases)(must start),Michael Toglia (Total Bases)(must start),Colorado Rockies,Minnesota Twins
1611896398,Over,980,5107218955,1.423,0.5,Christian Vázquez (Total Bases)(must start),Christian Vázquez (Total Bases)(must start),Colorado Rockies,Minnesota Twins
1611896399,Under,981,5107218956,2.72,0.5,Christian Vázquez (Total Bases)(must start),Christian Vázquez (Total Bases)(must start),Colorado Rockies,Minnesota Twins
1611896440,Over,980,5107048815,1.84,1.5,Trevor Larnach (Total Bases)(must start),Trevor Larnach (Total Bases)(must start),Colorado Rockies,Minnesota Twins
1611896441,Under,981,5107048816,1.9,1.5,Trevor Larnach (Total Bases)(must start),Trevor Larnach (Total Bases)(must start),Colorado Rockies,Minnesota Twins
1611896443,Over,980,5107169374,1.99,1.5,Harrison Bader (Total Bases)(must start),Harrison Bader (Total Bases)(must start),Colorado Rockies,Minnesota Twins
1611896444,Under,981,5107169375,1.763,1.5,Harrison Bader (Total Bases)(must start),Harrison Bader (Total Bases)(must start),Colorado Rockies,Minnesota Twins
1611896482,Over,980,5107218967,1.628,0.5,Orlando Arcia (Total Bases)(must start),Orlando Arcia (Total Bases)(must start),Colorado Rockies,Minnesota Twins
1611896483,Under,981,5107218968,2.2,0.5,Orlando Arcia (Total Bases)(must start),Orlando Arcia (Total Bases)(must start),Colorado Rockies,Minnesota Twins
1611896422,Over,980,5107219003,2.29,1.5,Ryan McMahon (Total Bases)(must start),Ryan McMahon (Total Bases)(must start),Colorado Rockies,Minnesota Twins
1611896423,Under,981,5107219004,1.581,1.5,Ryan McMahon (Total Bases)(must start),Ryan McMahon (Total Bases)(must start),Colorado Rockies,Minnesota Twins
1611896485,Over,980,5107176873,1.943,1.5,Royce Lewis (Total Bases)(must start),Royce Lewis (Total Bases)(must start),Colorado Rockies,Minnesota Twins
1611896486,Under,981,5107176874,1.8,1.5,Royce Lewis (Total Bases)(must start),Royce Lewis (Total Bases)(must start),Colorado Rockies,Minnesota Twins
1611896425,Over,980,5107219013,1.862,1.5,Willi Castro (Total Bases)(must start),Willi Castro (Total Bases)(must start),Colorado Rockies,Minnesota Twins
1611896426,Under,981,5107219014,1.877,1.5,Willi Castro (Total Bases)(must start),Willi Castro (Total Bases)(must start),Colorado Rockies,Minnesota Twins
1611896948,Over,974,5107011571,2.08,1.5,Spencer Horwitz (Total Bases)(must start),Spencer Horwitz (Total Bases)(must start),Pittsburgh Pirates,Chicago White Sox
1611896949,Under,975,5107011572,1.699,1.5,Spencer Horwitz (Total Bases)(must start),Spencer Horwitz (Total Bases)(must start),Pittsburgh Pirates,Chicago White Sox
1611896930,Over,958,5107193625,2.13,1.5,Freddie Freeman (Total Bases)(must start),Freddie Freeman (Total Bases)(must start),Los Angeles Dodgers,Milwaukee Brewers
1611896931,Under,959,5107193626,1.662,1.5,Freddie Freeman (Total Bases)(must start),Freddie Freeman (Total Bases)(must start),Los Angeles Dodgers,Milwaukee Brewers
1611896951,Over,974,5107018986,2.15,1.5,Edgar Quero (Total Bases)(must start),Edgar Quero (Total Bases)(must start),Pittsburgh Pirates,Chicago White Sox
1611896952,Under,975,5107018987,1.649,1.5,Edgar Quero (Total Bases)(must start),Edgar Quero (Total Bases)(must start),Pittsburgh Pirates,Chicago White Sox
1611896933,Over,974,5107018978,2.37,1.5,Lenyn Sosa (Total Bases)(must start),Lenyn Sosa (Total Bases)(must start),Pittsburgh Pirates,Chicago White Sox
1611896934,Under,975,5107018979,1.543,1.5,Lenyn Sosa (Total Bases)(must start),Lenyn Sosa (Total Bases)(must start),Pittsburgh Pirates,Chicago White Sox
1611896921,Over,980,5107219075,2.05,1.5,Mickey Moniak (Total Bases)(must start),Mickey Moniak (Total Bases)(must start),Colorado Rockies,Minnesota Twins
1611896922,Under,981,5107219076,1.719,1.5,Mickey Moniak (Total Bases)(must start),Mickey Moniak (Total Bases)(must start),Colorado Rockies,Minnesota Twins
1611896927,Over,974,5107018964,1.51,0.5,Joey Bart (Total Bases)(must start),Joey Bart (Total Bases)(must start),Pittsburgh Pirates,Chicago White Sox
1611896928,Under,975,5107018965,2.45,0.5,Joey Bart (Total Bases)(must start),Joey Bart (Total Bases)(must start),Pittsburgh Pirates,Chicago White Sox
1611896943,Over,958,5107193671,2.14,1.5,Andrew Vaughn (Total Bases)(must start),Andrew Vaughn (Total Bases)(must start),Los Angeles Dodgers,Milwaukee Brewers
1611896944,Under,959,5107193672,1.657,1.5,Andrew Vaughn (Total Bases)(must start),Andrew Vaughn (Total Bases)(must start),Los Angeles Dodgers,Milwaukee Brewers
1611897248,Under,977,5107015813,2.42,0.5,Eric Wagaman (Total Bases)(must start),Eric Wagaman (Total Bases)(must start),Miami Marlins,Kansas City Royals
1611897247,Over,976,5107015812,1.523,0.5,Eric Wagaman (Total Bases)(must start),Eric Wagaman (Total Bases)(must start),Miami Marlins,Kansas City Royals
1611897218,Over,976,5107015802,1.584,0.5,Kyle Stowers (Total Bases)(must start),Kyle Stowers (Total Bases)(must start),Miami Marlins,Kansas City Royals
1611897219,Under,977,5107015803,2.28,0.5,Kyle Stowers (Total Bases)(must start),Kyle Stowers (Total Bases)(must start),Miami Marlins,Kansas City Royals
1611897221,Over,976,5107015804,2.51,1.5,Xavier Edwards (Total Bases)(must start),Xavier Edwards (Total Bases)(must start),Miami Marlins,Kansas City Royals
1611897222,Under,977,5107015805,1.49,1.5,Xavier Edwards (Total Bases)(must start),Xavier Edwards (Total Bases)(must start),Miami Marlins,Kansas City Royals
1611897225,Over,976,5107014046,2.36,1.5,Maikel Garcia (Total Bases)(must start),Maikel Garcia (Total Bases)(must start),Miami Marlins,Kansas City Royals
1611897226,Under,977,5107014047,1.546,1.5,Maikel Garcia (Total Bases)(must start),Maikel Garcia (Total Bases)(must start),Miami Marlins,Kansas City Royals
1611897204,Over,976,5107013312,1.724,0.5,Kyle Isbel (Total Bases)(must start),Kyle Isbel (Total Bases)(must start),Miami Marlins,Kansas City Royals
1611897205,Under,977,5107013313,2.04,0.5,Kyle Isbel (Total Bases)(must start),Kyle Isbel (Total Bases)(must start),Miami Marlins,Kansas City Royals
1611897201,Over,976,5107089706,2.25,1.5,Jonathan India (Total Bases)(must start),Jonathan India (Total Bases)(must start),Miami Marlins,Kansas City Royals
1611897202,Under,977,5107089707,1.602,1.5,Jonathan India (Total Bases)(must start),Jonathan India (Total Bases)(must start),Miami Marlins,Kansas City Royals
1611897207,Over,976,5107015691,1.558,0.5,Freddy Fermin (Total Bases)(must start),Freddy Fermin (Total Bases)(must start),Miami Marlins,Kansas City Royals
1611897208,Under,977,5107015692,2.34,0.5,Freddy Fermin (Total Bases)(must start),Freddy Fermin (Total Bases)(must start),Miami Marlins,Kansas City Royals
1611897269,Over,976,5107015820,2.41,1.5,Agustín Ramírez (Total Bases)(must start),Agustín Ramírez (Total Bases)(must start),Miami Marlins,Kansas City Royals
1611897270,Under,977,5107015821,1.526,1.5,Agustín Ramírez (Total Bases)(must start),Agustín Ramírez (Total Bases)(must start),Miami Marlins,Kansas City Royals
1611897211,Over,976,5107015693,1.621,0.5,Dane Myers (Total Bases)(must start),Dane Myers (Total Bases)(must start),Miami Marlins,Kansas City Royals
1611897212,Under,977,5107015694,2.21,0.5,Dane Myers (Total Bases)(must start),Dane Myers (Total Bases)(must start),Miami Marlins,Kansas City Royals
1611897275,Over,976,5107015826,2.47,1.5,Jac Caglianone (Total Bases)(must start),Jac Caglianone (Total Bases)(must start),Miami Marlins,Kansas City Royals
1611897276,Under,977,5107015827,1.505,1.5,Jac Caglianone (Total Bases)(must start),Jac Caglianone (Total Bases)(must start),Miami Marlins,Kansas City Royals
1611897192,Over,976,5107013300,1.588,0.5,Adam Frazier (Total Bases)(must start),Adam Frazier (Total Bases)(must start),Miami Marlins,Kansas City Royals
1611897193,Under,977,5107013301,2.27,0.5,Adam Frazier (Total Bases)(must start),Adam Frazier (Total Bases)(must start),Miami Marlins,Kansas City Royals
1611897189,Over,976,5107015674,2.24,1.5,Salvador Perez (Total Bases)(must start),Salvador Perez (Total Bases)(must start),Miami Marlins,Kansas City Royals
1611897190,Under,977,5107015675,1.606,1.5,Salvador Perez (Total Bases)(must start),Salvador Perez (Total Bases)(must start),Miami Marlins,Kansas City Royals
1611897260,Over,976,5107015814,1.813,1.5,Bobby Witt Jr. (Total Bases)(must start),Bobby Witt Jr. (Total Bases)(must start),Miami Marlins,Kansas City Royals
1611897261,Under,977,5107015815,1.925,1.5,Bobby Witt Jr. (Total Bases)(must start),Bobby Witt Jr. (Total Bases)(must start),Miami Marlins,Kansas City Royals
1611897263,Over,976,5107015816,1.934,0.5,Heriberto Hernandez (Total Bases)(must start),Heriberto Hernandez (Total Bases)(must start),Miami Marlins,Kansas City Royals
1611897264,Under,977,5107015817,1.806,0.5,Heriberto Hernandez (Total Bases)(must start),Heriberto Hernandez (Total Bases)(must start),Miami Marlins,Kansas City Royals
1611897428,Over,954,5106987986,2.58,1.5,Elly De La Cruz (Total Bases)(must start),Elly De La Cruz (Total Bases)(must start),New York Mets,Cincinnati Reds
1611897429,Under,955,5106987987,1.465,1.5,Elly De La Cruz (Total Bases)(must start),Elly De La Cruz (Total Bases)(must start),New York Mets,Cincinnati Reds
1611897362,Over,954,5106983048,2.08,1.5,Francisco Lindor (Total Bases)(must start),Francisco Lindor (Total Bases)(must start),New York Mets,Cincinnati Reds
1611897363,Under,955,5106983049,1.699,1.5,Francisco Lindor (Total Bases)(must start),Francisco Lindor (Total Bases)(must start),New York Mets,Cincinnati Reds
1611897425,Over,954,5106989450,1.595,0.5,Noelvi Marte (Total Bases)(must start),Noelvi Marte (Total Bases)(must start),New York Mets,Cincinnati Reds
1611897426,Under,955,5106989451,2.26,0.5,Noelvi Marte (Total Bases)(must start),Noelvi Marte (Total Bases)(must start),New York Mets,Cincinnati Reds
1611897365,Over,960,5106485594,1.512,0.5,Ramón Laureano (Total Bases)(must start),Ramón Laureano (Total Bases)(must start),Tampa Bay Rays,Baltimore Orioles
1611897366,Under,961,5106485595,2.44,0.5,Ramón Laureano (Total Bases)(must start),Ramón Laureano (Total Bases)(must start),Tampa Bay Rays,Baltimore Orioles
1611897308,Over,970,5106966008,1.574,0.5,Max Kepler (Total Bases)(must start),Max Kepler (Total Bases)(must start),Philadelphia Phillies,Los Angeles Angels
1611897309,Under,971,5106966016,2.3,0.5,Max Kepler (Total Bases)(must start),Max Kepler (Total Bases)(must start),Philadelphia Phillies,Los Angeles Angels
1611897374,Over,954,5106989402,2.15,1.5,Brandon Nimmo (Total Bases)(must start),Brandon Nimmo (Total Bases)(must start),New York Mets,Cincinnati Reds
1611897375,Under,955,5106989403,1.653,1.5,Brandon Nimmo (Total Bases)(must start),Brandon Nimmo (Total Bases)(must start),New York Mets,Cincinnati Reds
1611897410,Over,954,5106987972,2.52,1.5,Austin Hays (Total Bases)(must start),Austin Hays (Total Bases)(must start),New York Mets,Cincinnati Reds
1611897411,Under,955,5106987973,1.487,1.5,Austin Hays (Total Bases)(must start),Austin Hays (Total Bases)(must start),New York Mets,Cincinnati Reds
1611897356,Over,962,5107027757,1.584,0.5,Tyler Soderstrom (Total Bases)(must start),Tyler Soderstrom (Total Bases)(must start),Cleveland Guardians,Athletics
1611897357,Under,963,5107027758,2.28,0.5,Tyler Soderstrom (Total Bases)(must start),Tyler Soderstrom (Total Bases)(must start),Cleveland Guardians,Athletics
1611897353,Over,962,5107027751,1.714,0.5,David Fry (Total Bases)(must start),David Fry (Total Bases)(must start),Cleveland Guardians,Athletics
1611897354,Under,963,5107027752,2.05,0.5,David Fry (Total Bases)(must start),David Fry (Total Bases)(must start),Cleveland Guardians,Athletics
1611897359,Over,962,5107027759,2.11,1.5,Jacob Wilson (Total Bases)(must start),Jacob Wilson (Total Bases)(must start),Cleveland Guardians,Athletics
1611897360,Under,963,5107027760,1.68,1.5,Jacob Wilson (Total Bases)(must start),Jacob Wilson (Total Bases)(must start),Cleveland Guardians,Athletics
1611897422,Over,954,5106989436,1.483,0.5,Matt McLain (Total Bases)(must start),Matt McLain (Total Bases)(must start),New York Mets,Cincinnati Reds
1611897423,Under,955,5106989437,2.53,0.5,Matt McLain (Total Bases)(must start),Matt McLain (Total Bases)(must start),New York Mets,Cincinnati Reds
1611897395,Over,954,5106989420,2.4,1.5,Juan Soto (Total Bases)(must start),Juan Soto (Total Bases)(must start),New York Mets,Cincinnati Reds
1611897396,Under,955,5106989421,1.529,1.5,Juan Soto (Total Bases)(must start),Juan Soto (Total Bases)(must start),New York Mets,Cincinnati Reds
1611897398,Over,954,5106989422,1.555,0.5,Spencer Steer (Total Bases)(must start),Spencer Steer (Total Bases)(must start),New York Mets,Cincinnati Reds
1611897399,Under,955,5106989423,2.34,0.5,Spencer Steer (Total Bases)(must start),Spencer Steer (Total Bases)(must start),New York Mets,Cincinnati Reds
1611897404,Over,954,5106989424,2.24,1.5,Mark Vientos (Total Bases)(must start),Mark Vientos (Total Bases)(must start),New York Mets,Cincinnati Reds
1611897405,Under,955,5106989425,1.602,1.5,Mark Vientos (Total Bases)(must start),Mark Vientos (Total Bases)(must start),New York Mets,Cincinnati Reds
1611897344,Over,962,5107027741,1.68,0.5,Johnathan Rodríguez (Total Bases)(must start),Johnathan Rodríguez (Total Bases)(must start),Cleveland Guardians,Athletics
1611897345,Under,963,5107027742,2.11,0.5,Johnathan Rodríguez (Total Bases)(must start),Johnathan Rodríguez (Total Bases)(must start),Cleveland Guardians,Athletics
1611897408,Under,955,5106989427,2.41,0.5,Santiago Espinal (Total Bases)(must start),Santiago Espinal (Total Bases)(must start),New York Mets,Cincinnati Reds
1611897407,Over,954,5106989426,1.526,0.5,Santiago Espinal (Total Bases)(must start),Santiago Espinal (Total Bases)(must start),New York Mets,Cincinnati Reds
1611897341,Over,962,5107015113,2.43,1.5,Shea Langeliers (Total Bases)(must start),Shea Langeliers (Total Bases)(must start),Cleveland Guardians,Athletics
1611897342,Under,963,5107015114,1.518,1.5,Shea Langeliers (Total Bases)(must start),Shea Langeliers (Total Bases)(must start),Cleveland Guardians,Athletics
1611897314,Over,970,5106966221,1.555,0.5,Luis Rengifo (Total Bases)(must start),Luis Rengifo (Total Bases)(must start),Philadelphia Phillies,Los Angeles Angels
1611897315,Under,971,5106966227,2.34,0.5,Luis Rengifo (Total Bases)(must start),Luis Rengifo (Total Bases)(must start),Philadelphia Phillies,Los Angeles Angels
1611897377,Over,954,5106987948,1.595,0.5,Tyrone Taylor (Total Bases)(must start),Tyrone Taylor (Total Bases)(must start),New York Mets,Cincinnati Reds
1611897378,Under,955,5106987949,2.26,0.5,Tyrone Taylor (Total Bases)(must start),Tyrone Taylor (Total Bases)(must start),New York Mets,Cincinnati Reds
1611897383,Over,954,5106989408,2.6,1.5,Jeff McNeil (Total Bases)(must start),Jeff McNeil (Total Bases)(must start),New York Mets,Cincinnati Reds
1611897384,Under,955,5106989409,1.458,1.5,Jeff McNeil (Total Bases)(must start),Jeff McNeil (Total Bases)(must start),New York Mets,Cincinnati Reds
1611897317,Over,970,5106966237,2.34,1.5,Jo Adell (Total Bases)(must start),Jo Adell (Total Bases)(must start),Philadelphia Phillies,Los Angeles Angels
1611897318,Under,971,5106966241,1.558,1.5,Jo Adell (Total Bases)(must start),Jo Adell (Total Bases)(must start),Philadelphia Phillies,Los Angeles Angels
1611897323,Over,962,5107027724,1.613,0.5,Nolan Jones (Total Bases)(must start),Nolan Jones (Total Bases)(must start),Cleveland Guardians,Athletics
1611897324,Under,963,5107027725,2.22,0.5,Nolan Jones (Total Bases)(must start),Nolan Jones (Total Bases)(must start),Cleveland Guardians,Athletics
1611897392,Over,954,5106989418,1.54,0.5,Tyler Stephenson (Total Bases)(must start),Tyler Stephenson (Total Bases)(must start),New York Mets,Cincinnati Reds
1611897393,Under,955,5106989419,2.38,0.5,Tyler Stephenson (Total Bases)(must start),Tyler Stephenson (Total Bases)(must start),New York Mets,Cincinnati Reds
1611897442,Over,972,5107054790,2.11,1.5,Drake Baldwin (Total Bases)(must start),Drake Baldwin (Total Bases)(must start),Atlanta Braves,New York Yankees
1611897443,Under,973,5107054791,1.675,1.5,Drake Baldwin (Total Bases)(must start),Drake Baldwin (Total Bases)(must start),Atlanta Braves,New York Yankees
1611897463,Over,956,5107205416,1.99,1.5,Alec Burleson (Total Bases)(must start),Alec Burleson (Total Bases)(must start),Arizona Diamondbacks,St. Louis Cardinals
1611897464,Under,957,5107205417,1.757,1.5,Alec Burleson (Total Bases)(must start),Alec Burleson (Total Bases)(must start),Arizona Diamondbacks,St. Louis Cardinals
1611897452,Under,957,5107246916,1.458,1.5,Nolan Arenado (Total Bases)(must start),Nolan Arenado (Total Bases)(must start),Arizona Diamondbacks,St. Louis Cardinals
1611897451,Over,956,5107246915,2.6,1.5,Nolan Arenado (Total Bases)(must start),Nolan Arenado (Total Bases)(must start),Arizona Diamondbacks,St. Louis Cardinals
1611897466,Over,956,5107246933,2.42,1.5,Adrian Del Castillo (Total Bases)(must start),Adrian Del Castillo (Total Bases)(must start),Arizona Diamondbacks,St. Louis Cardinals
1611897467,Under,957,5107246934,1.523,1.5,Adrian Del Castillo (Total Bases)(must start),Adrian Del Castillo (Total Bases)(must start),Arizona Diamondbacks,St. Louis Cardinals
1611897496,Over,980,5107219091,2.03,1.5,Hunter Goodman (Total Bases)(must start),Hunter Goodman (Total Bases)(must start),Colorado Rockies,Minnesota Twins
1611897497,Under,981,5107219092,1.729,1.5,Hunter Goodman (Total Bases)(must start),Hunter Goodman (Total Bases)(must start),Colorado Rockies,Minnesota Twins
1611897780,Over,960,5106485634,2.12,1.5,Junior Caminero (Total Bases)(must start),Junior Caminero (Total Bases)(must start),Tampa Bay Rays,Baltimore Orioles
1611897781,Under,961,5106485635,1.671,1.5,Junior Caminero (Total Bases)(must start),Junior Caminero (Total Bases)(must start),Tampa Bay Rays,Baltimore Orioles
1611897812,Over,964,5107560075,1.561,0.5,Matt Vierling (Total Bases)(must start),Matt Vierling (Total Bases)(must start),Texas Rangers,Detroit Tigers
1611897813,Under,965,5107560076,2.33,0.5,Matt Vierling (Total Bases)(must start),Matt Vierling (Total Bases)(must start),Texas Rangers,Detroit Tigers
1611897809,Over,964,5107560073,1.704,0.5,Jahmai Jones (Total Bases)(must start),Jahmai Jones (Total Bases)(must start),Texas Rangers,Detroit Tigers
1611897810,Under,965,5107560074,2.07,0.5,Jahmai Jones (Total Bases)(must start),Jahmai Jones (Total Bases)(must start),Texas Rangers,Detroit Tigers
1611897815,Over,964,5107680759,1.84,0.5,Adolis García (Total Bases)(must start),Adolis García (Total Bases)(must start),Texas Rangers,Detroit Tigers
1611897816,Under,965,5107680760,1.892,0.5,Adolis García (Total Bases)(must start),Adolis García (Total Bases)(must start),Texas Rangers,Detroit Tigers
1611897860,Over,964,5107742550,1.632,0.5,Zach McKinstry (Total Bases)(must start),Zach McKinstry (Total Bases)(must start),Texas Rangers,Detroit Tigers
1611897861,Under,965,5107742551,2.19,0.5,Zach McKinstry (Total Bases)(must start),Zach McKinstry (Total Bases)(must start),Texas Rangers,Detroit Tigers
1611897794,Over,964,5107680745,2.3,1.5,Corey Seager (Total Bases)(must start),Corey Seager (Total Bases)(must start),Texas Rangers,Detroit Tigers
1611897795,Under,965,5107680746,1.574,1.5,Corey Seager (Total Bases)(must start),Corey Seager (Total Bases)(must start),Texas Rangers,Detroit Tigers
1611897857,Over,964,5107680741,1.606,0.5,Marcus Semien (Total Bases)(must start),Marcus Semien (Total Bases)(must start),Texas Rangers,Detroit Tigers
1611897858,Under,965,5107680742,2.23,0.5,Marcus Semien (Total Bases)(must start),Marcus Semien (Total Bases)(must start),Texas Rangers,Detroit Tigers
1611897797,Over,964,5107680755,1.781,0.5,Jonah Heim (Total Bases)(must start),Jonah Heim (Total Bases)(must start),Texas Rangers,Detroit Tigers
1611897798,Under,965,5107680756,1.961,0.5,Jonah Heim (Total Bases)(must start),Jonah Heim (Total Bases)(must start),Texas Rangers,Detroit Tigers
1611897803,Over,964,5107680757,2.44,1.5,Gleyber Torres (Total Bases)(must start),Gleyber Torres (Total Bases)(must start),Texas Rangers,Detroit Tigers
1611897804,Under,965,5107680758,1.515,1.5,Gleyber Torres (Total Bases)(must start),Gleyber Torres (Total Bases)(must start),Texas Rangers,Detroit Tigers
1611897848,Over,964,5107680847,1.609,0.5,Dillon Dingler (Total Bases)(must start),Dillon Dingler (Total Bases)(must start),Texas Rangers,Detroit Tigers
1611897849,Under,965,5107680848,2.23,0.5,Dillon Dingler (Total Bases)(must start),Dillon Dingler (Total Bases)(must start),Texas Rangers,Detroit Tigers
1611897845,Over,964,5107680821,1.943,0.5,Cody Freeman (Total Bases)(must start),Cody Freeman (Total Bases)(must start),Texas Rangers,Detroit Tigers
1611897846,Under,965,5107680822,1.806,0.5,Cody Freeman (Total Bases)(must start),Cody Freeman (Total Bases)(must start),Texas Rangers,Detroit Tigers
1611897788,Over,964,5107443977,1.568,0.5,Javier Báez (Total Bases)(must start),Javier Báez (Total Bases)(must start),Texas Rangers,Detroit Tigers
1611897789,Under,965,5107443978,2.32,0.5,Javier Báez (Total Bases)(must start),Javier Báez (Total Bases)(must start),Texas Rangers,Detroit Tigers
1611897785,Over,964,5107680739,1.813,0.5,Kyle Higashioka (Total Bases)(must start),Kyle Higashioka (Total Bases)(must start),Texas Rangers,Detroit Tigers
1611897786,Under,965,5107680740,1.925,0.5,Kyle Higashioka (Total Bases)(must start),Kyle Higashioka (Total Bases)(must start),Texas Rangers,Detroit Tigers
1611897855,Under,965,5107680850,2.15,0.5,Wyatt Langford (Total Bases)(must start),Wyatt Langford (Total Bases)(must start),Texas Rangers,Detroit Tigers
1611897854,Over,964,5107680849,1.653,0.5,Wyatt Langford (Total Bases)(must start),Wyatt Langford (Total Bases)(must start),Texas Rangers,Detroit Tigers
1611897830,Over,964,5107560087,1.518,0.5,Wenceel Pérez (Total Bases)(must start),Wenceel Pérez (Total Bases)(must start),Texas Rangers,Detroit Tigers
1611897831,Under,965,5107560088,2.43,0.5,Wenceel Pérez (Total Bases)(must start),Wenceel Pérez (Total Bases)(must start),Texas Rangers,Detroit Tigers
1611897836,Over,964,5107680793,1.564,0.5,Spencer Torkelson (Total Bases)(must start),Spencer Torkelson (Total Bases)(must start),Texas Rangers,Detroit Tigers
1611897837,Under,965,5107680794,2.32,0.5,Spencer Torkelson (Total Bases)(must start),Spencer Torkelson (Total Bases)(must start),Texas Rangers,Detroit Tigers
1611897839,Over,964,5107680819,2.09,0.5,Justin Foscue (Total Bases)(must start),Justin Foscue (Total Bases)(must start),Texas Rangers,Detroit Tigers
1611897840,Under,965,5107680820,1.694,0.5,Justin Foscue (Total Bases)(must start),Justin Foscue (Total Bases)(must start),Texas Rangers,Detroit Tigers
1611897874,Over,952,5106989647,1.628,0.5,Jacob Young (Total Bases)(must start),Jacob Young (Total Bases)(must start),Washington Nationals,San Diego Padres
1611897875,Under,953,5106989648,2.2,0.5,Jacob Young (Total Bases)(must start),Jacob Young (Total Bases)(must start),Washington Nationals,San Diego Padres
1611897877,Over,962,5107027722,1.943,1.5,José Ramírez (Total Bases)(must start),José Ramírez (Total Bases)(must start),Cleveland Guardians,Athletics
1611897878,Under,963,5107027723,1.8,1.5,José Ramírez (Total Bases)(must start),José Ramírez (Total Bases)(must start),Cleveland Guardians,Athletics
1611897942,Over,970,5106968168,2.4,1.5,Taylor Ward (Total Bases)(must start),Taylor Ward (Total Bases)(must start),Philadelphia Phillies,Los Angeles Angels
1611897943,Under,971,5106968170,1.529,1.5,Taylor Ward (Total Bases)(must start),Taylor Ward (Total Bases)(must start),Philadelphia Phillies,Los Angeles Angels
1611897948,Over,970,5106968211,1.526,0.5,Kyle Schwarber (Total Bases)(must start),Kyle Schwarber (Total Bases)(must start),Philadelphia Phillies,Los Angeles Angels
1611897949,Under,971,5106968212,2.41,0.5,Kyle Schwarber (Total Bases)(must start),Kyle Schwarber (Total Bases)(must start),Philadelphia Phillies,Los Angeles Angels
1611897966,Over,954,5106989428,1.694,0.5,TJ Friedl (Total Bases)(must start),TJ Friedl (Total Bases)(must start),New York Mets,Cincinnati Reds
1611897967,Under,955,5106989429,2.09,0.5,TJ Friedl (Total Bases)(must start),TJ Friedl (Total Bases)(must start),New York Mets,Cincinnati Reds
1611897974,Over,972,5106968400,2.38,1.5,Michael Harris II (Total Bases)(must start),Michael Harris II (Total Bases)(must start),Atlanta Braves,New York Yankees
1611897975,Under,973,5106968408,1.537,1.5,Michael Harris II (Total Bases)(must start),Michael Harris II (Total Bases)(must start),Atlanta Braves,New York Yankees
1611898020,Over,976,5107056313,2.47,1.5,Otto Lopez (Total Bases)(must start),Otto Lopez (Total Bases)(must start),Miami Marlins,Kansas City Royals
1611898021,Under,977,5107056314,1.505,1.5,Otto Lopez (Total Bases)(must start),Otto Lopez (Total Bases)(must start),Miami Marlins,Kansas City Royals
1611898017,Over,976,5107015824,1.729,0.5,Javier Sanoja (Total Bases)(must start),Javier Sanoja (Total Bases)(must start),Miami Marlins,Kansas City Royals
1611898018,Under,977,5107015825,2.03,0.5,Javier Sanoja (Total Bases)(must start),Javier Sanoja (Total Bases)(must start),Miami Marlins,Kansas City Royals
1611898014,Over,976,5107015822,2.21,1.5,Vinnie Pasquantino (Total Bases)(must start),Vinnie Pasquantino (Total Bases)(must start),Miami Marlins,Kansas City Royals
1611898015,Under,977,5107015823,1.621,1.5,Vinnie Pasquantino (Total Bases)(must start),Vinnie Pasquantino (Total Bases)(must start),Miami Marlins,Kansas City Royals
1611898026,Over,968,5106693161,1.694,0.5,Brett Wisely (Total Bases)(must start),Brett Wisely (Total Bases)(must start),Toronto Blue Jays,San Francisco Giants
1611898027,Under,969,5106693162,2.09,0.5,Brett Wisely (Total Bases)(must start),Brett Wisely (Total Bases)(must start),Toronto Blue Jays,San Francisco Giants
1611898029,Over,968,5106693094,1.854,0.5,Leo Jiménez (Total Bases)(must start),Leo Jiménez (Total Bases)(must start),Toronto Blue Jays,San Francisco Giants
1611898030,Under,969,5106693095,1.884,0.5,Leo Jiménez (Total Bases)(must start),Leo Jiménez (Total Bases)(must start),Toronto Blue Jays,San Francisco Giants
1611898055,Over,964,5107560089,2.12,0.5,Ezequiel Duran (Total Bases)(must start),Ezequiel Duran (Total Bases)(must start),Texas Rangers,Detroit Tigers
1611898056,Under,965,5107560090,1.671,0.5,Ezequiel Duran (Total Bases)(must start),Ezequiel Duran (Total Bases)(must start),Texas Rangers,Detroit Tigers
1611898058,Over,964,5107560097,2.34,1.5,Riley Greene (Total Bases)(must start),Riley Greene (Total Bases)(must start),Texas Rangers,Detroit Tigers
1611898059,Under,965,5107560098,1.555,1.5,Riley Greene (Total Bases)(must start),Riley Greene (Total Bases)(must start),Texas Rangers,Detroit Tigers
1611898065,Over,960,5106485596,2.4,1.5,Jake Mangum (Total Bases)(must start),Jake Mangum (Total Bases)(must start),Tampa Bay Rays,Baltimore Orioles
1611898066,Under,961,5106485597,1.531,1.5,Jake Mangum (Total Bases)(must start),Jake Mangum (Total Bases)(must start),Tampa Bay Rays,Baltimore Orioles
1611898112,Over,960,5106485644,2.44,1.5,Chandler Simpson (Total Bases)(must start),Chandler Simpson (Total Bases)(must start),Tampa Bay Rays,Baltimore Orioles
1611898113,Under,961,5106485645,1.515,1.5,Chandler Simpson (Total Bases)(must start),Chandler Simpson (Total Bases)(must start),Tampa Bay Rays,Baltimore Orioles
1611898680,Over,972,5106968389,2.45,1.5,Marcell Ozuna (Total Bases)(must start),Marcell Ozuna (Total Bases)(must start),Atlanta Braves,New York Yankees
1611898681,Under,973,5106968396,1.512,1.5,Marcell Ozuna (Total Bases)(must start),Marcell Ozuna (Total Bases)(must start),Atlanta Braves,New York Yankees
1611898795,Over,954,5106987952,2.17,0.5,Connor Joe (Total Bases)(must start),Connor Joe (Total Bases)(must start),New York Mets,Cincinnati Reds
1611898796,Under,955,5106987953,1.641,0.5,Connor Joe (Total Bases)(must start),Connor Joe (Total Bases)(must start),New York Mets,Cincinnati Reds
1611898812,Over,952,5106966207,1.684,0.5,Alex Call (Total Bases)(must start),Alex Call (Total Bases)(must start),Washington Nationals,San Diego Padres
1611898813,Under,953,5106966208,2.1,0.5,Alex Call (Total Bases)(must start),Alex Call (Total Bases)(must start),Washington Nationals,San Diego Padres
1611898809,Over,952,5106989625,1.74,0.5,Paul DeJong (Total Bases)(must start),Paul DeJong (Total Bases)(must start),Washington Nationals,San Diego Padres
1611898810,Under,953,5106989626,2.02,0.5,Paul DeJong (Total Bases)(must start),Paul DeJong (Total Bases)(must start),Washington Nationals,San Diego Padres
1611898828,Over,976,5107015676,1.735,0.5,Jesús Sánchez (Total Bases)(must start),Jesús Sánchez (Total Bases)(must start),Miami Marlins,Kansas City Royals
1611898829,Under,977,5107015677,2.02,0.5,Jesús Sánchez (Total Bases)(must start),Jesús Sánchez (Total Bases)(must start),Miami Marlins,Kansas City Royals
1611898834,Over,972,5106968585,2.35,1.5,Jurickson Profar (Total Bases)(must start),Jurickson Profar (Total Bases)(must start),Atlanta Braves,New York Yankees
1611898835,Under,973,5106968597,1.552,1.5,Jurickson Profar (Total Bases)(must start),Jurickson Profar (Total Bases)(must start),Atlanta Braves,New York Yankees
1611898840,Over,972,5106968588,1.602,0.5,Giancarlo Stanton (Total Bases)(must start),Giancarlo Stanton (Total Bases)(must start),Atlanta Braves,New York Yankees
1611898841,Under,973,5106968599,2.24,0.5,Giancarlo Stanton (Total Bases)(must start),Giancarlo Stanton (Total Bases)(must start),Atlanta Braves,New York Yankees
1611898846,Over,972,5106968415,2.4,1.5,Ben Rice (Total Bases)(must start),Ben Rice (Total Bases)(must start),Atlanta Braves,New York Yankees
1611898847,Under,973,5106968431,1.531,1.5,Ben Rice (Total Bases)(must start),Ben Rice (Total Bases)(must start),Atlanta Braves,New York Yankees
1611898850,Over,972,5106968388,1.892,0.5,Jorbit Vivas (Total Bases)(must start),Jorbit Vivas (Total Bases)(must start),Atlanta Braves,New York Yankees
1611898851,Under,973,5106968392,1.847,0.5,Jorbit Vivas (Total Bases)(must start),Jorbit Vivas (Total Bases)(must start),Atlanta Braves,New York Yankees
1611898853,Over,978,5107219055,2.46,1.5,Masataka Yoshida (Total Bases)(must start),Masataka Yoshida (Total Bases)(must start),Chicago Cubs,Boston Red Sox
1611898854,Under,979,5107219056,1.507,1.5,Masataka Yoshida (Total Bases)(must start),Masataka Yoshida (Total Bases)(must start),Chicago Cubs,Boston Red Sox
1611899331,Over,960,5106485584,2.04,0.5,Alex Jackson (Total Bases)(must start),Alex Jackson (Total Bases)(must start),Tampa Bay Rays,Baltimore Orioles
1611899332,Under,961,5106485585,1.724,0.5,Alex Jackson (Total Bases)(must start),Alex Jackson (Total Bases)(must start),Tampa Bay Rays,Baltimore Orioles
1611899319,Over,974,5107018950,1.413,0.5,Isiah Kiner-Falefa (Total Bases)(must start),Isiah Kiner-Falefa (Total Bases)(must start),Pittsburgh Pirates,Chicago White Sox
1611899320,Under,975,5107018951,2.76,0.5,Isiah Kiner-Falefa (Total Bases)(must start),Isiah Kiner-Falefa (Total Bases)(must start),Pittsburgh Pirates,Chicago White Sox
1611899322,Over,962,5107027710,1.505,0.5,Gio Urshela (Total Bases)(must start),Gio Urshela (Total Bases)(must start),Cleveland Guardians,Athletics
1611899323,Under,963,5107027711,2.47,0.5,Gio Urshela (Total Bases)(must start),Gio Urshela (Total Bases)(must start),Cleveland Guardians,Athletics
1611899328,Over,962,5107027753,2.3,1.5,Angel Martínez (Total Bases)(must start),Angel Martínez (Total Bases)(must start),Cleveland Guardians,Athletics
1611899329,Under,963,5107027754,1.574,1.5,Angel Martínez (Total Bases)(must start),Angel Martínez (Total Bases)(must start),Cleveland Guardians,Athletics
1611899134,Over,974,5107018976,1.769,0.5,Jack Suwinski (Total Bases)(must start),Jack Suwinski (Total Bases)(must start),Pittsburgh Pirates,Chicago White Sox
1611899135,Under,975,5107018977,1.98,0.5,Jack Suwinski (Total Bases)(must start),Jack Suwinski (Total Bases)(must start),Pittsburgh Pirates,Chicago White Sox
1611899325,Over,962,5107027749,1.833,0.5,Max Schuemann (Total Bases)(must start),Max Schuemann (Total Bases)(must start),Cleveland Guardians,Athletics
1611899326,Under,963,5107027750,1.909,0.5,Max Schuemann (Total Bases)(must start),Max Schuemann (Total Bases)(must start),Cleveland Guardians,Athletics
1611899346,Over,978,5107218943,1.9,0.5,Justin Turner (Total Bases)(must start),Justin Turner (Total Bases)(must start),Chicago Cubs,Boston Red Sox
1611899347,Under,979,5107218944,1.84,0.5,Justin Turner (Total Bases)(must start),Justin Turner (Total Bases)(must start),Chicago Cubs,Boston Red Sox
1611899349,Over,978,5107219051,1.793,0.5,Matt Shaw (Total Bases)(must start),Matt Shaw (Total Bases)(must start),Chicago Cubs,Boston Red Sox
1611899350,Under,979,5107219052,1.952,0.5,Matt Shaw (Total Bases)(must start),Matt Shaw (Total Bases)(must start),Chicago Cubs,Boston Red Sox
1611899352,Over,954,5106989406,2.48,1.5,Luis Torrens (Total Bases)(must start),Luis Torrens (Total Bases)(must start),New York Mets,Cincinnati Reds
1611899353,Under,955,5106989407,1.5,1.5,Luis Torrens (Total Bases)(must start),Luis Torrens (Total Bases)(must start),New York Mets,Cincinnati Reds
1611899355,Over,954,5106989452,1.662,0.5,Luisangel Acuña (Total Bases)(must start),Luisangel Acuña (Total Bases)(must start),New York Mets,Cincinnati Reds
1611899356,Under,955,5106989453,2.13,0.5,Luisangel Acuña (Total Bases)(must start),Luisangel Acuña (Total Bases)(must start),New York Mets,Cincinnati Reds
1611899358,Over,954,5106987988,1.666,0.5,Brett Baty (Total Bases)(must start),Brett Baty (Total Bases)(must start),New York Mets,Cincinnati Reds
1611899359,Under,955,5106987989,2.13,0.5,Brett Baty (Total Bases)(must start),Brett Baty (Total Bases)(must start),New York Mets,Cincinnati Reds
1611899648,Under,981,5107219084,1.724,1.5,Matt Wallner (Total Bases)(must start),Matt Wallner (Total Bases)(must start),Colorado Rockies,Minnesota Twins
1611899647,Over,980,5107219083,2.04,1.5,Matt Wallner (Total Bases)(must start),Matt Wallner (Total Bases)(must start),Colorado Rockies,Minnesota Twins
1611899658,Over,974,5107018952,2.53,1.5,Mike Tauchman (Total Bases)(must start),Mike Tauchman (Total Bases)(must start),Pittsburgh Pirates,Chicago White Sox
1611899659,Under,975,5107018953,1.483,1.5,Mike Tauchman (Total Bases)(must start),Mike Tauchman (Total Bases)(must start),Pittsburgh Pirates,Chicago White Sox
1611899697,Over,970,5106968150,1.675,0.5,Rafael Marchán (Total Bases)(must start),Rafael Marchán (Total Bases)(must start),Philadelphia Phillies,Los Angeles Angels
1611899698,Under,971,5106968151,2.11,0.5,Rafael Marchán (Total Bases)(must start),Rafael Marchán (Total Bases)(must start),Philadelphia Phillies,Los Angeles Angels
1611899700,Over,980,5107218949,1.584,0.5,Austin Nola (Total Bases)(must start),Austin Nola (Total Bases)(must start),Colorado Rockies,Minnesota Twins
1611899701,Under,981,5107218950,2.28,0.5,Austin Nola (Total Bases)(must start),Austin Nola (Total Bases)(must start),Colorado Rockies,Minnesota Twins
1611899703,Over,980,5107218963,1.729,0.5,Kyle Farmer (Total Bases)(must start),Kyle Farmer (Total Bases)(must start),Colorado Rockies,Minnesota Twins
1611899704,Under,981,5107218964,2.03,0.5,Kyle Farmer (Total Bases)(must start),Kyle Farmer (Total Bases)(must start),Colorado Rockies,Minnesota Twins
1611899861,Over,958,5107180967,1.806,0.5,Dalton Rushing (Total Bases)(must start),Dalton Rushing (Total Bases)(must start),Los Angeles Dodgers,Milwaukee Brewers
1611899862,Under,959,5107180968,1.934,0.5,Dalton Rushing (Total Bases)(must start),Dalton Rushing (Total Bases)(must start),Los Angeles Dodgers,Milwaukee Brewers
1611900152,Over,980,5107298974,2.08,1.5,Ty France (Total Bases)(must start),Ty France (Total Bases)(must start),Colorado Rockies,Minnesota Twins
1611900153,Under,981,5107298975,1.694,1.5,Ty France (Total Bases)(must start),Ty France (Total Bases)(must start),Colorado Rockies,Minnesota Twins
1611900258,Over,966,5107426912,2.19,0.5,Miles Mastrobuoni (Total Bases)(must start),Miles Mastrobuoni (Total Bases)(must start),Seattle Mariners,Houston Astros
1611900259,Under,967,5107426913,1.628,0.5,Miles Mastrobuoni (Total Bases)(must start),Miles Mastrobuoni (Total Bases)(must start),Seattle Mariners,Houston Astros
1611900256,Under,967,5107426879,1.694,0.5,Mitch Garver (Total Bases)(must start),Mitch Garver (Total Bases)(must start),Seattle Mariners,Houston Astros
1611900255,Over,966,5107426878,2.09,0.5,Mitch Garver (Total Bases)(must start),Mitch Garver (Total Bases)(must start),Seattle Mariners,Houston Astros
1611900261,Over,952,5107046389,1.709,0.5,Bryce Johnson (Total Bases)(must start),Bryce Johnson (Total Bases)(must start),Washington Nationals,San Diego Padres
1611900262,Under,953,5107046390,2.06,0.5,Bryce Johnson (Total Bases)(must start),Bryce Johnson (Total Bases)(must start),Washington Nationals,San Diego Padres
1611900278,Over,956,5107246935,2.14,1.5,Brendan Donovan (Total Bases)(must start),Brendan Donovan (Total Bases)(must start),Arizona Diamondbacks,St. Louis Cardinals
1611900279,Under,957,5107246936,1.662,1.5,Brendan Donovan (Total Bases)(must start),Brendan Donovan (Total Bases)(must start),Arizona Diamondbacks,St. Louis Cardinals
1611900281,Over,956,5107246943,1.666,0.5,Jordan Walker (Total Bases)(must start),Jordan Walker (Total Bases)(must start),Arizona Diamondbacks,St. Louis Cardinals
1611900282,Under,957,5107246944,2.13,0.5,Jordan Walker (Total Bases)(must start),Jordan Walker (Total Bases)(must start),Arizona Diamondbacks,St. Louis Cardinals
1611900460,Over,966,5107219009,1.952,0.5,Taylor Trammell (Total Bases)(must start),Taylor Trammell (Total Bases)(must start),Seattle Mariners,Houston Astros
1611900461,Under,967,5107219010,1.787,0.5,Taylor Trammell (Total Bases)(must start),Taylor Trammell (Total Bases)(must start),Seattle Mariners,Houston Astros
1611900463,Over,966,5107426908,2.01,0.5,Cooper Hummel (Total Bases)(must start),Cooper Hummel (Total Bases)(must start),Seattle Mariners,Houston Astros
1611900464,Under,967,5107426909,1.751,0.5,Cooper Hummel (Total Bases)(must start),Cooper Hummel (Total Bases)(must start),Seattle Mariners,Houston Astros
1611900484,Over,956,5107205410,2.23,1.5,Jake McCarthy (Total Bases)(must start),Jake McCarthy (Total Bases)(must start),Arizona Diamondbacks,St. Louis Cardinals
1611900485,Under,957,5107205411,1.609,1.5,Jake McCarthy (Total Bases)(must start),Jake McCarthy (Total Bases)(must start),Arizona Diamondbacks,St. Louis Cardinals
1611900487,Over,956,5107246929,2.48,1.5,Blaze Alexander (Total Bases)(must start),Blaze Alexander (Total Bases)(must start),Arizona Diamondbacks,St. Louis Cardinals
1611900488,Under,957,5107246930,1.5,1.5,Blaze Alexander (Total Bases)(must start),Blaze Alexander (Total Bases)(must start),Arizona Diamondbacks,St. Louis Cardinals
1611900688,Over,958,5107178439,1.813,0.5,Eric Haase (Total Bases)(must start),Eric Haase (Total Bases)(must start),Los Angeles Dodgers,Milwaukee Brewers
1611900689,Under,959,5107178440,1.925,0.5,Eric Haase (Total Bases)(must start),Eric Haase (Total Bases)(must start),Los Angeles Dodgers,Milwaukee Brewers
1611900685,Over,958,5107193637,1.632,0.5,Blake Perkins (Total Bases)(must start),Blake Perkins (Total Bases)(must start),Los Angeles Dodgers,Milwaukee Brewers
1611900686,Under,959,5107193638,2.18,0.5,Blake Perkins (Total Bases)(must start),Blake Perkins (Total Bases)(must start),Los Angeles Dodgers,Milwaukee Brewers
1611900710,Over,956,5107246925,2.54,1.5,Yohel Pozo (Total Bases)(must start),Yohel Pozo (Total Bases)(must start),Arizona Diamondbacks,St. Louis Cardinals
1611900711,Under,957,5107246926,1.478,1.5,Yohel Pozo (Total Bases)(must start),Yohel Pozo (Total Bases)(must start),Arizona Diamondbacks,St. Louis Cardinals
